Date,S&P500 (US),Nasdaq (US),FTSE100 (UK),DAX (Germany),CAC40 (France),Nikkei225 (Japan),HangSeng (HK),Shanghai (China),Nifty50 (India),Bovespa (Brazil),TSX (Canada),ASX200 (Australia)
2005-01-03,1202.0799560546875,2152.14990234375,,4291.52978515625,3855.679931640625,,14237.419921875,,,25722.0,,
2005-01-04,1188.050048828125,2107.860107421875,4847.0,4290.5,3863.300048828125,11517.75,14045.900390625,1242.7740478515625,,24848.0,9143.0,4058.60009765625
2005-01-05,1183.739990234375,2091.239990234375,4806.0,4258.240234375,3829.360107421875,11437.51953125,13764.3603515625,1251.93701171875,,24692.0,9021.099609375,4039.39990234375
2005-01-06,1187.8900146484375,2090.0,4824.2998046875,4300.93994140625,3856.47998046875,11492.259765625,13712.0400390625,1239.4300537109375,,24367.0,9064.2998046875,4029.89990234375
2005-01-07,1186.18994140625,2088.610107421875,4854.10009765625,4316.39990234375,3877.9599609375,11433.240234375,13574.8603515625,1244.7459716796875,,24747.0,9006.2001953125,4063.199951171875
2005-01-10,1190.25,2097.0400390625,4840.7001953125,4307.3701171875,3877.820068359375,,13531.3896484375,1252.4010009765625,,24292.0,9026.7998046875,4074.89990234375
2005-01-11,1182.989990234375,2079.6201171875,4818.7001953125,4258.009765625,3848.989990234375,11539.990234375,13509.25,1257.4620361328125,,24370.0,9020.7001953125,4072.699951171875
2005-01-12,1187.699951171875,2092.530029296875,4783.60009765625,4208.81982421875,3816.139892578125,11453.3896484375,13565.3095703125,1256.9229736328125,,24510.0,9022.7001953125,4070.39990234375
2005-01-13,1177.449951171875,2070.56005859375,4800.2998046875,4212.14013671875,3834.110107421875,11358.2197265625,13573.2802734375,1256.31396484375,,24806.0,9009.099609375,4069.5
2005-01-14,1184.52001953125,2087.909912109375,4820.7998046875,4232.35986328125,3854.60009765625,11438.3896484375,13494.7802734375,1245.6199951171875,,24924.0,9057.2001953125,4061.60009765625
2005-01-17,,,4846.7001953125,4245.509765625,3881.43994140625,11487.099609375,13621.650390625,1216.6519775390625,,24515.0,9063.7998046875,4076.89990234375
2005-01-18,1195.97998046875,2106.0400390625,4823.89990234375,4250.7099609375,3875.02001953125,11423.259765625,13604.2197265625,1225.4539794921875,,24089.0,9134.7998046875,4062.0
2005-01-19,1184.6300048828125,2073.590087890625,4818.2998046875,4245.5498046875,3869.010009765625,11405.33984375,13678.6298828125,1218.1080322265625,,24271.0,9120.400390625,4052.60009765625
2005-01-20,1175.4100341796875,2045.8800048828125,4800.7998046875,4220.43017578125,3842.43994140625,11284.76953125,13543.58984375,1204.39404296875,,23610.0,9089.0,4036.0
2005-01-21,1167.8699951171875,2034.27001953125,4803.2998046875,4213.7001953125,3854.18994140625,11238.3701171875,13481.01953125,1234.4759521484375,,23818.0,9086.7998046875,4043.89990234375
2005-01-24,1163.75,2008.699951171875,4812.5,4201.89013671875,3848.7099609375,11289.490234375,13386.990234375,1255.7769775390625,,24198.0,9078.2001953125,4044.800048828125
2005-01-25,1168.4100341796875,2019.949951171875,4843.2001953125,4233.9501953125,3882.0400390625,11276.91015625,13584.0595703125,1254.2340087890625,,,9125.099609375,4055.89990234375
2005-01-26,1174.0699462890625,2046.0899658203125,4847.10009765625,4214.1201171875,3879.820068359375,11376.5703125,13623.6796875,1241.9580078125,,24530.0,9162.400390625,
2005-01-27,1174.550048828125,2047.1500244140625,4853.39990234375,4216.41015625,3891.39990234375,11341.3095703125,13628.91015625,1225.8909912109375,,24030.0,9174.400390625,4105.7001953125
2005-01-28,1171.3599853515625,2035.8299560546875,4832.7998046875,4201.81005859375,3870.35009765625,11320.580078125,13650.0595703125,1213.6729736328125,,23968.0,9141.7998046875,4098.89990234375
2005-01-31,1181.27001953125,2062.409912109375,4852.2998046875,4254.85009765625,3913.68994140625,11387.58984375,13721.6904296875,1191.822998046875,,24351.0,9204.099609375,4107.2998046875
2005-02-01,1189.4100341796875,2068.699951171875,4906.2001953125,4279.97021484375,3939.179931640625,11384.400390625,13578.259765625,1188.9310302734375,,24149.0,9270.099609375,4127.7001953125
2005-02-02,1193.18994140625,2075.06005859375,4916.2001953125,4296.31005859375,3951.719970703125,11407.1396484375,13555.7998046875,1252.5,,24605.0,9303.900390625,4145.2998046875
2005-02-03,1189.8900146484375,2057.639892578125,4908.2998046875,4281.64013671875,3928.93994140625,11389.349609375,13515.330078125,1242.3070068359375,,24874.0,9303.7001953125,4151.2998046875
2005-02-04,1203.030029296875,2086.659912109375,4941.5,4339.27978515625,3958.010009765625,11360.400390625,13585.169921875,1269.0040283203125,,25732.0,9358.2998046875,4161.7998046875
2005-02-07,1201.719970703125,2082.030029296875,4979.7998046875,4366.35009765625,3981.89990234375,11499.8603515625,13795.0,,,,9371.900390625,4189.60009765625
2005-02-08,1202.300048828125,2086.679931640625,4995.5,4371.39013671875,3980.77001953125,11490.4296875,13845.6298828125,,,,9392.7001953125,4179.10009765625
2005-02-09,1191.989990234375,2052.550048828125,4990.39990234375,4353.14990234375,3969.6201171875,11473.349609375,,,,26314.0,9402.599609375,4172.10009765625
2005-02-10,1197.010009765625,2053.10009765625,5000.0,4342.009765625,3970.3701171875,11553.5595703125,,,,26416.0,9496.400390625,4174.89990234375
2005-02-11,1205.300048828125,2076.659912109375,5044.2001953125,4387.7998046875,4016.75,,,,,26671.0,9558.5,4174.2998046875
2005-02-14,1206.1400146484375,2082.909912109375,5041.7998046875,4386.39990234375,4012.110107421875,11632.2001953125,14017.23046875,,,26532.0,9585.2001953125,4150.2001953125
2005-02-15,1210.1199951171875,2089.2099609375,5058.89990234375,4402.02978515625,4030.449951171875,11646.490234375,13995.830078125,,,26610.0,9570.0,4144.7998046875
2005-02-16,1210.3399658203125,2087.429931640625,5053.2001953125,4368.77001953125,4009.02001953125,11601.6796875,14015.490234375,1278.8800048828125,,26384.0,9639.599609375,4151.7001953125
2005-02-17,1200.75,2061.340087890625,5057.39990234375,4369.68017578125,4005.5,11582.7197265625,13967.8203125,1276.134033203125,,27091.0,9619.2998046875,4166.89990234375
2005-02-18,1201.5899658203125,2058.6201171875,5057.2001953125,4359.47021484375,4029.02001953125,11660.1201171875,14087.8701171875,1258.968994140625,,26756.0,9658.7998046875,4163.60009765625
2005-02-21,,,5060.7998046875,4353.33984375,4022.6201171875,11651.01953125,14111.650390625,1284.47998046875,,26853.0,9682.2998046875,4168.2001953125
2005-02-22,1184.1600341796875,2030.3199462890625,5032.89990234375,4323.2099609375,4002.330078125,11597.7099609375,14090.51953125,1309.2769775390625,,26740.0,9640.5,4153.2998046875
2005-02-23,1190.800048828125,2031.25,4988.5,4310.66015625,3977.18994140625,11500.1796875,13957.9404296875,1309.4749755859375,,27198.0,9675.7001953125,4119.2001953125
2005-02-24,1200.199951171875,2051.699951171875,4972.10009765625,4304.2900390625,3977.669921875,11531.150390625,14060.91015625,1309.948974609375,,28436.0,9657.7001953125,4096.89990234375
2005-02-25,1211.3699951171875,2065.39990234375,5006.7998046875,4348.64013671875,4034.570068359375,11658.25,14157.08984375,1312.4449462890625,,28425.0,9741.400390625,4130.5
2005-02-28,1203.5999755859375,2051.719970703125,4968.5,4350.490234375,4027.159912109375,11740.599609375,14195.349609375,1306.0030517578125,,28139.0,9668.2998046875,4172.7998046875
2005-03-01,1210.4100341796875,2071.25,5000.5,4383.6201171875,4054.97998046875,11780.5302734375,14061.150390625,1303.4119873046875,,27730.0,9728.0,4184.89990234375
2005-03-02,1210.0799560546875,2067.5,4992.7998046875,4393.43017578125,4062.719970703125,11813.7099609375,13850.7802734375,1287.449951171875,,28200.0,9800.099609375,4191.5
2005-03-03,1210.469970703125,2058.39990234375,5014.7998046875,4373.27001953125,4061.35009765625,11856.4599609375,13892.3701171875,1294.3389892578125,,28668.0,9859.5,4205.2001953125
2005-03-04,1222.1199951171875,2070.610107421875,5036.2998046875,4423.52001953125,4091.580078125,11873.0498046875,13730.7802734375,1287.7139892578125,,29197.0,9927.2001953125,4220.39990234375
2005-03-07,1225.31005859375,2090.2099609375,5027.2001953125,4428.08984375,4108.0,11925.3603515625,13771.9501953125,1293.739013671875,,29455.0,9886.099609375,4238.39990234375
2005-03-08,1219.4300537109375,2073.550048828125,5010.89990234375,4396.5,4085.3798828125,11886.91015625,13881.7099609375,1318.27099609375,,29021.0,9903.2998046875,4242.89990234375
2005-03-09,1207.010009765625,2061.2900390625,4996.10009765625,4375.60009765625,4066.68994140625,11966.6904296875,13941.4697265625,1316.791015625,,28514.0,9795.099609375,4241.7998046875
2005-03-10,1209.25,2059.719970703125,4962.10009765625,4337.68017578125,4038.2099609375,11864.91015625,13856.01953125,1286.2330322265625,,28567.0,9675.599609375,4215.5
2005-03-11,1200.0799560546875,2041.5999755859373,4982.10009765625,4360.490234375,4049.179931640625,11923.8896484375,13890.9296875,1289.9410400390625,,28075.0,9691.400390625,4203.7998046875
2005-03-14,1206.8299560546875,2051.0400390625,4975.0,4367.2998046875,4048.550048828125,11850.25,13906.849609375,1293.5,,28099.0,9715.400390625,4233.5
2005-03-15,1197.75,2034.97998046875,5000.2001953125,4387.68994140625,4077.739990234375,11821.08984375,13816.75,1269.14404296875,,27588.0,9709.2998046875,4225.39990234375
2005-03-16,1188.0699462890625,2015.75,4937.60009765625,4309.10986328125,4019.39990234375,11873.1796875,13832.51953125,1255.5889892578125,,27827.0,9712.599609375,4244.39990234375
2005-03-17,1190.2099609375,2016.4200439453125,4922.10009765625,4315.919921875,4032.070068359375,11775.5,13817.990234375,1243.4749755859375,,28086.0,9778.2001953125,4232.39990234375
2005-03-18,1189.6500244140625,2007.7900390625,4923.2998046875,4327.18017578125,4050.77001953125,11879.8095703125,13828.3701171875,1227.4029541015625,,27593.0,9754.7001953125,4249.10009765625
2005-03-21,1183.780029296875,2007.510009765625,4933.5,4296.35986328125,4033.0,,13834.349609375,1231.0460205078125,,27411.0,9693.599609375,4266.39990234375
2005-03-22,1171.7099609375,1989.3399658203125,4937.2998046875,4320.68994140625,4047.179931640625,11841.9697265625,13776.4697265625,1206.9219970703125,,26618.0,9647.2001953125,4233.7998046875
2005-03-23,1172.530029296875,1990.219970703125,4910.39990234375,4317.2001953125,4032.409912109375,11739.1201171875,13603.6103515625,1201.6490478515625,,26248.0,9549.7001953125,4170.7998046875
2005-03-24,1171.4200439453125,1991.06005859375,4922.5,4343.60009765625,4078.31005859375,11745.9697265625,13597.099609375,1208.1920166015625,,26702.0,9533.099609375,4136.39990234375
2005-03-25,,,,,,11761.099609375,,1205.634033203125,,,,
2005-03-28,1174.280029296875,1992.52001953125,,,,11792.2998046875,,1200.113037109375,,26257.0,9482.400390625,
2005-03-29,1165.3599853515625,1973.8800048828125,4919.0,4351.89013671875,4081.64990234375,11599.8203125,13411.8798828125,1195.0179443359375,,25842.0,9395.400390625,4095.60009765625
2005-03-30,1181.4100341796875,2005.6700439453125,4900.7001953125,4347.52001953125,4064.610107421875,11565.8798828125,13425.75,1172.573974609375,,26470.0,9484.2998046875,4095.199951171875
2005-03-31,1180.5899658203125,1999.22998046875,4894.39990234375,4348.77001953125,4067.780029296875,11668.9501953125,13516.8798828125,1181.2359619140625,,26611.0,9612.400390625,4109.7998046875
2005-04-01,1172.9200439453125,1984.81005859375,4914.0,4373.52978515625,4080.080078125,11723.6298828125,13491.349609375,1223.5660400390625,,26774.0,9638.599609375,4138.2998046875
2005-04-04,1176.1199951171875,1991.0699462890625,4896.7001953125,4341.39013671875,4052.320068359375,11667.5400390625,13513.41015625,1202.967041015625,,26407.0,9630.900390625,4120.7998046875
2005-04-05,1181.3900146484375,1999.3199462890625,4942.89990234375,4362.60986328125,4087.93994140625,11774.3095703125,,1191.7449951171875,,26038.0,9619.099609375,4132.39990234375
2005-04-06,1184.0699462890625,1999.1400146484373,4947.39990234375,4379.18017578125,4106.990234375,11827.16015625,13562.259765625,1214.8680419921875,,25695.0,9673.0,4118.89990234375
2005-04-07,1191.1400146484375,2018.7900390625,4977.0,4389.52001953125,4124.3701171875,11810.990234375,13602.349609375,1225.487060546875,,26308.0,9625.400390625,4127.7998046875
2005-04-08,1181.199951171875,1999.3499755859373,4983.7001953125,4400.68017578125,4124.2900390625,11874.75,13666.7197265625,1248.52099609375,,25885.0,9623.7001953125,4165.5
2005-04-11,1181.2099609375,1992.1199951171875,4973.2998046875,4396.08984375,4117.6201171875,11745.6396484375,13659.9296875,1240.9720458984375,,25900.0,9643.7001953125,4132.60009765625
2005-04-12,1187.760009765625,2005.4000244140625,4946.2001953125,4372.1201171875,4096.81005859375,11670.2998046875,13658.0498046875,1219.510986328125,,26206.0,9629.0,4142.0
2005-04-13,1173.7900390625,1974.3699951171875,4960.7998046875,4405.68994140625,4116.85009765625,11637.51953125,13799.6201171875,1248.2030029296875,,26066.0,9492.099609375,4135.0
2005-04-14,1162.050048828125,1946.7099609375,4945.39990234375,4402.0498046875,4111.10986328125,11563.169921875,13772.400390625,1234.33203125,,24984.0,9409.599609375,4082.300048828125
2005-04-15,1142.6199951171875,1908.1500244140625,4891.60009765625,4312.25,4032.280029296875,11370.6904296875,13638.75,1216.9620361328125,,24656.0,9277.099609375,4014.300048828125
2005-04-18,1145.97998046875,1912.9200439453125,4827.10009765625,4202.2001953125,3949.590087890625,10938.4404296875,13355.23046875,1197.7349853515625,,24877.0,9331.0,3959.39990234375
2005-04-19,1152.780029296875,1932.3599853515625,4855.60009765625,4204.60986328125,3962.389892578125,11065.8603515625,13444.08984375,1199.9019775390625,,25566.0,9415.7001953125,4021.199951171875
2005-04-20,1137.5,1913.760009765625,4822.0,4178.6201171875,3950.02001953125,11088.580078125,13501.6298828125,1184.1929931640625,,25062.0,9378.099609375,4022.60009765625
2005-04-21,1159.949951171875,1962.4100341796875,4819.60009765625,4193.7001953125,3951.02001953125,10984.3896484375,13597.3095703125,1172.5560302734375,,,9405.7998046875,4013.89990234375
2005-04-22,1152.1199951171875,1932.18994140625,4849.2998046875,4223.0400390625,3980.179931640625,11045.9501953125,13693.5498046875,1169.18701171875,,24767.0,9367.5,4034.10009765625
2005-04-25,1162.0999755859375,1950.780029296875,4864.89990234375,4246.9599609375,3993.070068359375,11073.76953125,13750.23046875,1157.970947265625,,25232.0,9416.099609375,
2005-04-26,1151.8299560546875,1927.43994140625,4845.5,4233.759765625,3993.0400390625,11035.830078125,13859.580078125,1165.3349609375,,25305.0,9427.7001953125,4027.800048828125
2005-04-27,1156.3800048828125,1930.4300537109373,4789.39990234375,4189.02001953125,3927.679931640625,11005.419921875,13839.6396484375,1148.7569580078125,,25242.0,9323.5,4019.0
2005-04-28,1143.219970703125,1904.1800537109373,4790.2001953125,4178.10009765625,3911.449951171875,11008.900390625,13909.419921875,1169.1180419921875,,24440.0,9275.099609375,4011.60009765625
2005-04-29,1156.8499755859375,1921.6500244140625,4801.7001953125,4184.83984375,3911.7099609375,,13908.9697265625,1159.14599609375,,24844.0,9369.2998046875,3983.199951171875
2005-05-02,1162.1600341796875,1928.6500244140625,,4224.02001953125,3938.77001953125,11002.1103515625,,,,24705.0,9430.2001953125,4011.300048828125
2005-05-03,1161.1700439453125,1933.0699462890625,4861.2998046875,4245.5400390625,3955.929931640625,,13893.98046875,,,24716.0,9371.0,3986.300048828125
2005-05-04,1175.6500244140625,1962.22998046875,4882.5,4264.35009765625,3987.6298828125,,13945.0498046875,,,25474.0,9473.2998046875,3947.10009765625
2005-05-05,1172.6300048828125,1961.800048828125,4902.2998046875,4299.509765625,4019.35009765625,,14061.7001953125,,,25436.0,9476.2998046875,3956.10009765625
2005-05-06,1171.3499755859375,1967.3499755859373,4918.89990234375,4311.06005859375,4033.4599609375,11192.169921875,14033.9599609375,,,25589.0,9522.7001953125,3983.300048828125
2005-05-09,1178.8399658203125,1979.6700439453125,4910.2998046875,4292.41015625,4020.18994140625,11171.3203125,14085.08984375,1130.8349609375,,25465.0,9561.2001953125,3999.199951171875
2005-05-10,1166.219970703125,1962.77001953125,4892.39990234375,4251.1298828125,4000.25,11159.4599609375,14018.3798828125,1135.56103515625,,24763.0,9493.599609375,3992.199951171875
2005-05-11,1171.1099853515625,1971.550048828125,4875.39990234375,4244.16015625,3979.530029296875,11120.7001953125,13939.7998046875,1124.27099609375,,24699.0,9446.400390625,4005.699951171875
2005-05-12,1159.3599853515625,1963.8800048828125,4893.2998046875,4267.0498046875,4015.64990234375,11077.9404296875,13968.2802734375,1103.9930419921875,,24117.0,9331.7001953125,4028.89990234375
2005-05-13,1154.050048828125,1976.780029296875,4886.5,4275.7001953125,4017.889892578125,11049.1103515625,13866.8095703125,1107.626953125,,23887.0,9278.5,4012.10009765625
2005-05-16,1165.68994140625,1994.4300537109373,4884.2001953125,4262.18017578125,4010.97998046875,10947.2197265625,,1095.468017578125,,24379.0,9323.2998046875,3965.39990234375
2005-05-17,1173.800048828125,2004.1500244140625,4898.5,4251.77001953125,4006.18994140625,10825.3896484375,13667.0302734375,1099.6400146484375,,24413.0,9371.400390625,3954.5
2005-05-18,1185.56005859375,2030.6500244140625,4949.39990234375,4324.60009765625,4073.14990234375,10835.41015625,13627.009765625,1102.9649658203125,,24898.0,9407.7998046875,3987.5
2005-05-19,1191.0799560546875,2042.5799560546875,4962.7001953125,4360.419921875,4085.97998046875,11077.16015625,13698.9296875,1103.4749755859375,,24829.0,9469.7998046875,4044.5
2005-05-20,1189.280029296875,2046.4200439453125,4971.7998046875,4360.68017578125,4096.18017578125,11037.2900390625,13717.419921875,1099.26904296875,,24522.0,9452.2001953125,4041.300048828125
2005-05-23,1193.8599853515625,2056.64990234375,4989.7998046875,4406.9501953125,4118.3701171875,11158.650390625,13699.1298828125,1070.843994140625,,24215.0,,4077.199951171875
2005-05-24,1194.0699462890625,2061.6201171875,4982.5,4396.64013671875,4102.06005859375,11133.650390625,13719.3203125,1073.8470458984375,,24545.0,9518.400390625,4102.0
2005-05-25,1190.010009765625,2050.1201171875,4971.5,4389.5400390625,4100.27001953125,11014.4296875,13562.0595703125,1072.136962890625,,24478.0,9509.5,4091.10009765625
2005-05-26,1197.6199951171875,2071.239990234375,4994.89990234375,4436.60009765625,4137.27978515625,11027.9404296875,13569.990234375,1058.866943359375,,,9579.099609375,4093.199951171875
2005-05-27,1198.780029296875,2075.72998046875,4986.2998046875,4444.7099609375,4131.830078125,11192.330078125,13714.7802734375,1051.946044921875,,25255.0,9619.400390625,4116.39990234375
2005-05-30,,,,4480.43017578125,4134.8701171875,11266.330078125,13845.099609375,1060.1619873046875,,25424.0,9673.2001953125,4132.7001953125
2005-05-31,1191.5,2068.219970703125,4964.0,4460.6298828125,4120.72998046875,11276.58984375,13867.0703125,1060.738037109375,,25207.0,9607.2998046875,4106.39990234375
2005-06-01,1202.219970703125,2087.860107421875,5011.0,4527.169921875,4178.25,11329.669921875,13873.0703125,1039.18701171875,,25949.0,9654.2001953125,4147.7998046875
2005-06-02,1204.2900390625,2097.800048828125,5005.0,4532.169921875,4183.72021484375,11280.0498046875,13814.580078125,1016.06298828125,,26640.0,9626.599609375,4180.7001953125
2005-06-03,1196.02001953125,2071.429931640625,4999.39990234375,4510.39013671875,4162.47021484375,11300.0498046875,13818.4501953125,1013.6370239257812,,26366.0,9671.2001953125,4194.0
2005-06-06,1197.510009765625,2075.760009765625,4980.39990234375,4497.259765625,4146.47021484375,11270.6201171875,13860.5498046875,1034.3780517578125,,25556.0,9654.0,4198.0
2005-06-07,1197.260009765625,2067.159912109375,5025.2998046875,4566.009765625,4180.740234375,11217.4501953125,13837.2900390625,1030.9410400390625,,25026.0,9656.2001953125,4205.60009765625
2005-06-08,1194.6700439453125,2060.179931640625,5003.7001953125,4557.2900390625,4171.35009765625,11281.0302734375,13898.5498046875,1115.58203125,,24702.0,9707.900390625,4219.89990234375
2005-06-09,1200.9300537109375,2076.909912109375,5009.2001953125,4562.75,4153.7099609375,11160.8798828125,13898.3095703125,1131.052001953125,,24484.0,9763.400390625,4214.0
2005-06-10,1198.1099853515625,2063.0,5030.39990234375,4586.10009765625,4184.10009765625,11304.23046875,13934.759765625,1108.2860107421875,,24951.0,9790.099609375,4221.7001953125
2005-06-13,1200.8199462890625,2068.9599609375,5050.39990234375,4599.2099609375,4203.490234375,11311.509765625,13952.01953125,1106.291015625,,24902.0,9839.900390625,
2005-06-14,1203.9100341796875,2069.0400390625,5046.7998046875,4591.68994140625,4197.740234375,11335.919921875,13904.8095703125,1093.4639892578125,,25744.0,9822.900390625,4228.7998046875
2005-06-15,1206.5799560546875,2074.919921875,5019.5,4548.419921875,4184.35986328125,11415.8798828125,13914.2998046875,1072.8360595703125,,25481.0,9866.599609375,4246.5
2005-06-16,1210.9599609375,2089.14990234375,5045.0,4579.8701171875,4185.14990234375,11416.3798828125,13833.5302734375,1086.010009765625,,25751.0,9968.7001953125,4262.7998046875
2005-06-17,1216.9599609375,2090.110107421875,5077.60009765625,4604.56982421875,4220.91015625,11514.0302734375,13912.0302734375,1085.6099853515625,,26093.0,9947.599609375,4312.2001953125
2005-06-20,1216.0999755859375,2088.1298828125,5072.0,4586.85986328125,4193.39990234375,11483.349609375,13945.76953125,1115.6199951171875,,26046.0,9998.099609375,4305.60009765625
2005-06-21,1213.6099853515625,2091.070068359375,5082.10009765625,4608.10986328125,4222.02001953125,11488.740234375,13979.349609375,1101.4859619140625,,25722.0,9939.2001953125,4300.10009765625
2005-06-22,1213.8800048828125,2092.030029296875,5099.2998046875,4619.60009765625,4229.5498046875,11547.2802734375,14161.01953125,1102.032958984375,,25678.0,10051.5,4277.89990234375
2005-06-23,1200.72998046875,2070.659912109375,5114.39990234375,4627.47998046875,4240.18017578125,11576.75,14190.4404296875,1093.7020263671875,,24816.0,9998.400390625,4269.89990234375
2005-06-24,1191.5699462890625,2053.27001953125,5079.0,4566.47998046875,4199.8701171875,11537.0302734375,14230.2900390625,1101.8819580078125,,24917.0,9996.2001953125,4245.60009765625
2005-06-27,1190.68994140625,2045.199951171875,5043.5,4523.81982421875,4157.68017578125,11414.2802734375,14176.0400390625,1124.6400146484375,,25226.0,9998.099609375,4231.2001953125
2005-06-28,1201.5699462890625,2069.889892578125,5090.39990234375,4557.4599609375,4194.330078125,11513.830078125,14287.4404296875,1108.5880126953125,,25261.0,10041.0,4270.7998046875
2005-06-29,1199.8499755859375,2068.889892578125,5109.10009765625,4583.6298828125,4231.8798828125,11577.4404296875,14277.2802734375,1104.991943359375,,25126.0,10029.2998046875,4263.0
2005-06-30,1191.3299560546875,2056.9599609375,5113.2001953125,4586.27978515625,4229.35009765625,11584.009765625,14201.0595703125,1080.93798828125,,25051.0,9902.7998046875,4277.5
2005-07-01,1194.43994140625,2057.3701171875,5161.0,4617.06982421875,4269.6201171875,11630.1298828125,,1055.593994140625,,25311.0,,4272.60009765625
2005-07-04,,,5184.2998046875,4623.41015625,4264.60009765625,11651.5498046875,14177.8701171875,1047.2779541015625,,25045.0,9941.7998046875,4281.89990234375
2005-07-05,1204.989990234375,2078.75,5190.10009765625,4603.64990234375,4252.75,11616.7001953125,14124.7998046875,1039.04296875,,24675.0,10075.099609375,4301.7998046875
2005-07-06,1194.93994140625,2068.64990234375,5229.60009765625,4615.490234375,4279.9501953125,11603.5302734375,14149.9296875,1033.5450439453125,,24517.0,10111.900390625,4275.10009765625
2005-07-07,1197.8699951171875,2075.659912109375,5158.2998046875,4530.18017578125,4220.6201171875,11590.1396484375,14030.8095703125,1038.5970458984375,,24450.0,10121.0,4234.0
2005-07-08,1211.8599853515625,2112.8798828125,5232.2001953125,4597.97021484375,4300.31005859375,11565.990234375,13964.4697265625,1017.9829711914062,,24423.0,10177.900390625,4229.2001953125
2005-07-11,1219.43994140625,2135.429931640625,5242.39990234375,4663.3798828125,4321.56005859375,11674.7900390625,14157.240234375,1011.4990234375,,25016.0,10217.7001953125,4264.10009765625
2005-07-12,1222.2099609375,2143.14990234375,5217.2001953125,4653.02978515625,4313.77978515625,11692.1396484375,14146.9501953125,1046.1610107421875,,25536.0,10207.900390625,4262.10009765625
2005-07-13,1223.2900390625,2144.110107421875,5245.89990234375,4679.89013671875,4343.6201171875,11659.83984375,14307.2998046875,1037.39404296875,,25856.0,10203.599609375,4280.2998046875
2005-07-14,1226.5,2152.820068359375,5259.7001953125,4699.27001953125,4370.8798828125,11764.259765625,14491.5400390625,1040.416015625,,25920.0,10124.900390625,4295.10009765625
2005-07-15,1227.9200439453125,2156.780029296875,5230.89990234375,4712.89990234375,4373.77001953125,11758.6796875,14504.2900390625,1026.114990234375,,25222.0,10149.0,4292.39990234375
2005-07-18,1221.1300048828125,2144.8701171875,5214.2001953125,4719.56982421875,4363.47021484375,,14567.0,1012.0969848632812,,25321.0,10163.0,4298.39990234375
2005-07-19,1229.3499755859375,2173.179931640625,5201.60009765625,4770.5400390625,4424.25,11764.83984375,14567.740234375,1014.35498046875,,25271.0,10263.2001953125,4276.2998046875
2005-07-20,1235.199951171875,2188.570068359375,5215.2001953125,4784.5,4418.39013671875,11789.349609375,14602.7001953125,1021.052001953125,,25705.0,10329.599609375,4301.2001953125
2005-07-21,1227.0400390625,2178.60009765625,5221.60009765625,4829.8701171875,4425.66015625,11786.73046875,14620.1396484375,1020.6320190429688,,25842.0,10317.7001953125,4343.2001953125
2005-07-22,1233.6800537109375,2179.739990234375,5241.7998046875,4836.89990234375,4415.52001953125,11695.0498046875,14786.4599609375,1046.321044921875,,25391.0,10374.7998046875,4371.10009765625
2005-07-25,1229.030029296875,2166.739990234375,5270.7001953125,4842.7001953125,4422.1201171875,11762.650390625,14794.0302734375,1045.4000244140625,,24531.0,10362.599609375,4378.7998046875
2005-07-26,1231.1600341796875,2175.989990234375,5256.2001953125,4843.490234375,4420.77978515625,11737.9599609375,14769.9296875,1072.8070068359375,,24868.0,10367.900390625,4380.5
2005-07-27,1236.7900390625,2186.219970703125,5263.60009765625,4855.35009765625,4433.1298828125,11835.080078125,14801.8603515625,1089.9090576171875,,25338.0,10500.7001953125,4386.7998046875
2005-07-28,1243.719970703125,2198.43994140625,5270.2998046875,4892.5,4462.259765625,11858.3095703125,14813.3203125,1086.5479736328125,,26068.0,10516.2001953125,4367.7998046875
2005-07-29,1234.1800537109375,2184.830078125,5282.2998046875,4886.5,4451.740234375,11899.599609375,14880.98046875,1083.032958984375,,26042.0,10422.900390625,4388.7998046875
2005-08-01,1235.3499755859375,2195.3798828125,5290.89990234375,4890.85009765625,4456.8701171875,11946.919921875,14978.8798828125,1088.947998046875,,26298.0,,4378.0
2005-08-02,1244.1199951171875,2218.14990234375,5327.5,4932.8701171875,4503.330078125,11940.2001953125,15137.080078125,1104.0379638671875,,26789.0,10621.2001953125,4385.39990234375
2005-08-03,1245.0400390625,2216.81005859375,5332.2998046875,4923.1201171875,4495.47998046875,11981.7998046875,15118.5,1107.698974609375,,26714.0,10598.7998046875,4369.10009765625
2005-08-04,1235.8599853515625,2191.320068359375,5315.5,4874.06005859375,4458.97021484375,11883.3095703125,15111.5400390625,1102.5889892578125,,26470.0,10626.7001953125,4374.7998046875
2005-08-05,1226.4200439453125,2177.909912109375,5314.7998046875,4827.18017578125,4421.7001953125,11766.48046875,15051.3203125,1128.7430419921875,,26518.0,10550.5,4377.2998046875
2005-08-08,1223.1300048828125,2164.389892578125,5344.2998046875,4837.85986328125,4441.009765625,11778.98046875,15108.9404296875,1138.8819580078125,,26711.0,10614.400390625,4407.89990234375
2005-08-09,1231.3800048828125,2174.18994140625,5363.7001953125,4909.47998046875,4491.68994140625,11900.3203125,15047.83984375,1152.5340576171875,,27291.0,10585.900390625,4417.7998046875
2005-08-10,1229.1300048828125,2157.81005859375,5377.5,4990.56982421875,4527.10986328125,12098.080078125,15346.41015625,1165.032958984375,,27117.0,10671.400390625,4425.60009765625
2005-08-11,1237.81005859375,2174.550048828125,5358.60009765625,4953.93017578125,4509.10009765625,12263.3203125,15445.2001953125,1183.5789794921875,,26633.0,10699.900390625,4460.2001953125
2005-08-12,1230.3900146484375,2156.89990234375,5345.7998046875,4937.330078125,4476.47998046875,12261.6796875,15450.9501953125,1167.9150390625,,26951.0,10683.099609375,4469.2001953125
2005-08-15,1233.8699951171875,2167.0400390625,5344.2001953125,4922.33984375,4466.580078125,12256.5498046875,15466.0595703125,1187.0059814453125,,27375.0,10650.7001953125,4459.5
2005-08-16,1219.3399658203125,2137.06005859375,5322.39990234375,4883.81005859375,4444.56982421875,12315.669921875,15443.6201171875,1177.2779541015625,,27080.0,10534.7998046875,4481.2001953125
2005-08-17,1220.239990234375,2145.14990234375,5292.7001953125,4871.4599609375,4439.6298828125,12273.1201171875,15449.580078125,1192.833984375,,27416.0,10500.7001953125,4467.7998046875
2005-08-18,1219.02001953125,2136.080078125,5269.2998046875,4851.27001953125,4430.06982421875,12307.3701171875,15148.08984375,1148.0350341796875,,26900.0,10391.2998046875,4442.89990234375
2005-08-19,1219.7099609375,2135.56005859375,5312.60009765625,4929.91015625,4487.89990234375,12291.73046875,15038.6103515625,1150.1839599609375,,26644.0,10502.099609375,4461.60009765625
2005-08-22,1221.72998046875,2141.409912109375,5318.39990234375,4941.68994140625,4485.93994140625,12452.509765625,15218.6298828125,1158.5970458984375,,27261.0,10525.5,4499.2998046875
2005-08-23,1217.5899658203125,2137.25,5300.2001953125,4917.740234375,4436.56005859375,12472.9296875,14973.8896484375,1149.95703125,,26769.0,10480.0,4484.89990234375
2005-08-24,1209.5899658203125,2128.909912109375,5275.2001953125,4915.9501953125,4424.43017578125,12502.259765625,14873.849609375,1167.136962890625,,26712.0,10509.7001953125,4446.39990234375
2005-08-25,1212.3699951171875,2134.3701171875,5255.7001953125,4856.009765625,4378.509765625,12405.16015625,14889.099609375,1172.4749755859375,,27402.0,10538.900390625,4424.5
2005-08-26,1205.0999755859375,2120.77001953125,5228.10009765625,4783.7998046875,4342.7001953125,12439.48046875,14982.8896484375,1171.8599853515625,,27095.0,10484.099609375,4452.5
2005-08-29,1212.280029296875,2137.64990234375,,4812.240234375,4361.27001953125,12309.830078125,14836.9697265625,1154.427978515625,,27385.0,10558.400390625,4396.7998046875
2005-08-30,1208.4100341796875,2129.760009765625,5255.7998046875,4791.72021484375,4356.66015625,12453.1396484375,14922.2197265625,1146.385009765625,,27604.0,10573.099609375,4438.60009765625
2005-08-31,1220.3299560546875,2152.090087890625,5296.89990234375,4829.68994140625,4399.35986328125,12413.599609375,14903.5498046875,1162.7979736328125,,28045.0,10668.900390625,4446.7998046875
2005-09-01,1221.5899658203125,2147.89990234375,5328.5,4842.93994140625,4424.14990234375,12506.9697265625,15143.75,1184.9329833984375,,27962.0,10813.2998046875,4497.7001953125
2005-09-02,1218.02001953125,2141.070068359375,5326.89990234375,4837.81005859375,4404.9501953125,12600.0,15221.8896484375,1188.8480224609375,,28319.0,10771.900390625,4473.7001953125
2005-09-05,,,5337.7998046875,4909.89013671875,4430.08984375,12634.8798828125,15227.830078125,1196.2239990234375,,28522.0,,4455.39990234375
2005-09-06,1233.3900146484375,2166.860107421875,5359.2001953125,4968.27978515625,4472.5498046875,12599.4296875,15160.7802734375,1173.322021484375,,28855.0,10798.099609375,4462.0
2005-09-07,1236.3599853515625,2172.030029296875,5365.89990234375,4988.14013671875,4486.18994140625,12607.58984375,15224.5703125,1194.3089599609375,,,10810.099609375,4492.0
2005-09-08,1231.6700439453125,2166.030029296875,5340.7998046875,4992.75,4465.93994140625,12533.8896484375,15166.169921875,1194.4110107421875,,28828.0,10777.2001953125,4474.89990234375
2005-09-09,1241.47998046875,2175.510009765625,5359.2998046875,5005.93017578125,4491.68017578125,12692.0400390625,15165.76953125,1189.625,,29308.0,10898.2001953125,4468.10009765625
2005-09-12,1240.56005859375,2182.830078125,5375.10009765625,4989.97998046875,4491.81982421875,12896.4296875,15199.7900390625,1188.2120361328125,,29086.0,10885.2001953125,4471.7998046875
2005-09-13,1231.199951171875,2171.75,5338.0,4901.8798828125,4453.41015625,12901.9501953125,15070.5595703125,1207.1639404296875,,28873.0,10825.2001953125,4495.10009765625
2005-09-14,1227.1600341796875,2149.330078125,5347.39990234375,4911.169921875,4470.43017578125,12834.25,15086.6201171875,1217.260986328125,,29050.0,10932.400390625,4518.2998046875
2005-09-15,1227.72998046875,2146.14990234375,5383.5,4905.97998046875,4479.39013671875,12986.7802734375,15041.01953125,1217.281005859375,,29366.0,10966.2998046875,4513.89990234375
2005-09-16,1237.9100341796875,2160.35009765625,5407.89990234375,4986.5,4509.490234375,12958.6796875,14983.2001953125,1212.947021484375,,29816.0,10990.599609375,4553.60009765625
2005-09-19,1231.02001953125,2145.260009765625,5429.7001953125,4926.1298828125,4505.68017578125,,,1220.626953125,,30076.0,11024.7001953125,4551.2998046875
2005-09-20,1221.3399658203125,2131.330078125,5416.39990234375,4962.85986328125,4531.7998046875,13148.5703125,15241.8603515625,1212.616943359375,,30059.0,10903.5,4580.89990234375
2005-09-21,1210.199951171875,2106.639892578125,5369.7001953125,4875.22021484375,4468.06005859375,13196.5703125,15223.6201171875,1187.988037109375,,30837.0,10957.099609375,4552.39990234375
2005-09-22,1214.6199951171875,2110.780029296875,5385.7001953125,4849.009765625,4448.14990234375,13159.3603515625,15179.9501953125,1159.9599609375,,30678.0,10870.7998046875,4561.7001953125
2005-09-23,1215.2900390625,2116.840087890625,5413.60009765625,4882.580078125,4477.2001953125,,15143.9697265625,1151.97998046875,,31294.0,10904.2998046875,4562.39990234375
2005-09-26,1215.6300048828125,2121.4599609375,5453.10009765625,4998.16015625,4566.919921875,13392.6298828125,15274.3095703125,1155.0419921875,,31141.0,11005.5,4618.89990234375
2005-09-27,1215.6600341796875,2116.419921875,5447.2998046875,4965.8798828125,4546.7998046875,13310.0400390625,15189.8798828125,1133.237060546875,,30875.0,11067.2001953125,4629.2001953125
2005-09-28,1216.8900146484375,2115.39990234375,5494.7998046875,5048.740234375,4599.6298828125,13435.91015625,15221.4599609375,1131.7740478515625,,31317.0,11042.2998046875,4627.60009765625
2005-09-29,1227.6800537109375,2141.219970703125,5478.2001953125,5021.169921875,4578.85986328125,13617.240234375,15431.25,1155.4849853515625,,31209.0,11018.5,4671.7001953125
2005-09-30,1228.81005859375,2151.68994140625,5477.7001953125,5044.1201171875,4600.02001953125,13574.2998046875,15428.51953125,1155.614013671875,,31584.0,11011.7998046875,4641.2001953125
2005-10-03,1226.699951171875,2155.429931640625,5501.60009765625,5082.06982421875,4622.5400390625,13525.2802734375,15394.3896484375,,,31856.0,11081.2001953125,4642.39990234375
2005-10-04,1214.469970703125,2139.360107421875,5494.39990234375,5138.02001953125,4650.240234375,13738.83984375,15382.2099609375,,,31284.0,10960.599609375,4643.60009765625
2005-10-05,1196.3900146484375,2103.02001953125,5427.7998046875,5069.419921875,4594.10986328125,13689.8896484375,15161.0302734375,,,30164.0,10748.099609375,4543.5
2005-10-06,1191.489990234375,2084.080078125,5372.39990234375,5017.27001953125,4536.89990234375,13359.509765625,14839.2998046875,,,29227.0,10562.2001953125,4447.2998046875
2005-10-07,1195.9000244140625,2090.35009765625,5362.2998046875,5007.77001953125,4528.7900390625,13227.740234375,14847.7900390625,,,29973.0,10612.2001953125,4440.60009765625
2005-10-10,1187.3299560546875,2078.919921875,5374.60009765625,5022.7900390625,4536.22021484375,,14898.76953125,1138.949951171875,,30277.0,,4469.10009765625
2005-10-11,1184.8699951171875,2061.090087890625,5380.7001953125,5032.4599609375,4549.68017578125,13556.7099609375,,1157.1920166015625,,30614.0,10620.5,4428.7998046875
2005-10-12,1177.6800537109375,2037.469970703125,5342.2001953125,4981.77001953125,4515.0498046875,13463.740234375,14575.01953125,1161.85302734375,,,10493.099609375,4468.2001953125
2005-10-13,1176.8399658203125,2047.219970703125,5265.2001953125,4950.06982421875,4470.1298828125,13449.240234375,14621.830078125,1152.6070556640625,,29880.0,10429.7001953125,4431.0
2005-10-14,1186.5699462890625,2064.830078125,5275.0,4975.56005859375,4482.1298828125,13420.5400390625,14485.8798828125,1139.5469970703125,,29770.0,10488.7998046875,4406.10009765625
2005-10-17,1190.0999755859375,2070.300048828125,5286.5,4978.830078125,4489.2099609375,13400.2900390625,14541.349609375,1131.375,,30242.0,10553.400390625,4425.2998046875
2005-10-18,1178.1400146484375,2056.0,5263.89990234375,4947.18017578125,4461.14013671875,13352.240234375,14597.400390625,1141.2010498046875,,29068.0,10345.099609375,4459.2998046875
2005-10-19,1195.760009765625,2091.239990234375,5167.89990234375,4845.97998046875,4375.08984375,13129.490234375,14372.759765625,1134.6080322265625,,29297.0,10425.7998046875,4377.2001953125
2005-10-20,1177.800048828125,2068.110107421875,5164.10009765625,4864.25,4390.66015625,13190.4599609375,14408.9404296875,1135.948974609375,,28344.0,10190.7001953125,4380.10009765625
2005-10-21,1179.5899658203125,2082.2099609375,5142.10009765625,4838.39990234375,4366.52001953125,13199.9501953125,14487.849609375,1141.3179931640625,,29176.0,10290.900390625,4364.2998046875
2005-10-24,1199.3800048828125,2115.830078125,5207.60009765625,4901.7900390625,4421.97021484375,13106.1796875,14402.349609375,1141.1710205078125,,29835.0,10360.7998046875,4357.2001953125
2005-10-25,1196.5400390625,2109.449951171875,5182.10009765625,4872.97021484375,4396.990234375,13280.6201171875,14424.8798828125,1121.91796875,,29498.0,10363.7001953125,4390.7998046875
2005-10-26,1191.3800048828125,2100.050048828125,5227.7998046875,4900.7900390625,4412.7001953125,13395.01953125,14458.1396484375,1097.1610107421875,,29730.0,10283.7001953125,4443.39990234375
2005-10-27,1178.9000244140625,2063.81005859375,5182.7998046875,4806.0498046875,4336.41015625,13417.080078125,14381.0595703125,1097.781982421875,,29133.0,10245.5,4433.0
2005-10-28,1198.4100341796875,2089.8798828125,5213.39990234375,4825.64013671875,4326.7099609375,13346.5400390625,14215.830078125,1080.866943359375,,29318.0,10312.2998046875,4383.0
2005-10-31,1207.010009765625,2120.300048828125,5317.2998046875,4929.06982421875,4436.4501953125,13606.5,14386.3701171875,1092.8170166015625,,30194.0,10383.2998046875,4459.7001953125
2005-11-01,1202.760009765625,2114.050048828125,5344.2998046875,4922.5498046875,4434.75,13867.8603515625,14572.259765625,1089.949951171875,,30900.0,10390.7998046875,4474.7001953125
2005-11-02,1214.760009765625,2144.31005859375,5358.60009765625,4954.830078125,4429.64990234375,13894.7802734375,14597.48046875,1104.7919921875,,,10585.7001953125,4456.2998046875
2005-11-03,1219.93994140625,2160.219970703125,5431.89990234375,5011.0,4502.02001953125,,14601.58984375,1095.27294921875,,31100.0,10672.599609375,4513.7001953125
2005-11-04,1220.1400146484375,2169.429931640625,5423.60009765625,4995.240234375,4498.7001953125,14075.9599609375,14585.7900390625,1100.0450439453125,,30888.0,10674.7998046875,4519.5
2005-11-07,1222.81005859375,2178.239990234375,5460.7998046875,5024.2001953125,4503.64990234375,14061.599609375,14365.7900390625,1100.6500244140625,,30952.0,10681.2001953125,4512.5
2005-11-08,1218.5899658203125,2172.070068359375,5460.89990234375,5008.830078125,4503.6201171875,14036.73046875,14403.2001953125,1110.14697265625,,30971.0,10616.2001953125,4554.5
2005-11-09,1220.6500244140625,2175.81005859375,5439.7998046875,5011.3798828125,4480.22998046875,14072.2001953125,14597.5498046875,1108.1529541015625,,30666.0,10656.5,4526.10009765625
2005-11-10,1230.9599609375,2196.679931640625,5423.5,5015.5498046875,4479.5,14080.8798828125,14633.330078125,1088.301025390625,,30725.0,10565.2998046875,4543.7001953125
2005-11-11,1234.719970703125,2202.469970703125,5465.10009765625,5090.75,4536.490234375,14155.0595703125,14740.599609375,1090.1949462890625,,30511.0,10669.400390625,4574.2998046875
2005-11-14,1233.760009765625,2200.949951171875,5470.0,5092.43017578125,4548.4501953125,14116.0400390625,14629.490234375,1088.6529541015625,,30219.0,10684.7001953125,4608.39990234375
2005-11-15,1229.010009765625,2186.739990234375,5439.60009765625,5110.60986328125,4543.14990234375,14091.76953125,14627.41015625,1087.508056640625,,,10628.900390625,4603.2001953125
2005-11-16,1231.2099609375,2187.929931640625,5430.0,5081.4599609375,4512.1298828125,14170.8701171875,14650.5400390625,1095.8900146484375,,30482.0,10727.0,4621.10009765625
2005-11-17,1242.800048828125,2220.4599609375,5460.0,5099.72021484375,4523.18017578125,14411.7900390625,14787.98046875,1095.31005859375,,31087.0,10733.099609375,4629.10009765625
2005-11-18,1248.27001953125,2227.070068359375,5498.89990234375,5123.5,4556.22998046875,14623.1201171875,14883.3203125,1116.9990234375,,31102.0,10722.099609375,4671.10009765625
2005-11-21,1254.8499755859375,2241.669921875,5497.89990234375,5170.60986328125,4586.3798828125,14680.4296875,14885.5703125,1119.93603515625,,31110.0,10817.2998046875,4654.2001953125
2005-11-22,1261.22998046875,2253.56005859375,5517.2001953125,5174.72021484375,4580.81005859375,14708.3203125,14885.650390625,1098.655029296875,,31489.0,10892.7998046875,4622.89990234375
2005-11-23,1265.6099853515625,2259.97998046875,5531.7001953125,5196.080078125,4608.64990234375,,15062.349609375,1105.7459716796875,,31943.0,10919.7998046875,4616.60009765625
2005-11-24,,,5511.0,5187.97998046875,4586.83984375,14742.580078125,15084.3896484375,1113.3740234375,,31945.0,11081.7998046875,4652.2998046875
2005-11-25,1268.25,2263.010009765625,5523.7998046875,5194.27001953125,4600.47998046875,14784.2900390625,15081.4697265625,1114.916015625,,31920.0,11002.599609375,4648.7998046875
2005-11-28,1257.4599609375,2239.3701171875,5477.39990234375,5176.58984375,4575.31005859375,14986.9404296875,15100.0,1110.822998046875,,31358.0,10939.2001953125,4665.2998046875
2005-11-29,1257.47998046875,2232.7099609375,5491.0,5199.47998046875,4588.72998046875,14927.7001953125,15028.759765625,1096.9859619140625,,31652.0,10942.599609375,4639.0
2005-11-30,1249.47998046875,2232.820068359375,5423.2001953125,5193.39990234375,4567.41015625,14872.150390625,14937.1396484375,1099.260986328125,,31917.0,10824.099609375,4634.7998046875
2005-12-01,1264.6700439453125,2267.169921875,5486.10009765625,5266.5498046875,4636.4599609375,15130.5,15068.0302734375,1098.7469482421875,,32617.0,10999.599609375,4580.10009765625
2005-12-02,1265.0799560546875,2273.3701171875,5528.10009765625,5307.990234375,4662.5,15421.599609375,15200.3798828125,1094.2869873046875,,32832.0,11005.2001953125,4623.5
2005-12-05,1262.0899658203125,2257.639892578125,5510.39990234375,5266.85986328125,4650.5400390625,15551.3095703125,15158.8203125,1079.197021484375,,32701.0,11008.7998046875,4624.60009765625
2005-12-06,1263.699951171875,2260.760009765625,5538.7998046875,5300.85009765625,4677.2001953125,15423.3798828125,14990.6103515625,1087.7939453125,,33223.0,11096.7998046875,4616.0
2005-12-07,1257.3699951171875,2252.010009765625,5528.7998046875,5266.75,4660.580078125,15484.66015625,15134.9501953125,1099.614990234375,,32757.0,11131.400390625,4623.89990234375
2005-12-08,1255.8399658203125,2246.4599609375,5531.10009765625,5286.75,4669.93017578125,15183.3603515625,14879.16015625,1098.322998046875,,32480.0,11167.2001953125,4578.0
2005-12-09,1259.3699951171875,2256.72998046875,5517.39990234375,5282.1298828125,4661.009765625,15404.0498046875,14910.509765625,1113.47705078125,,32922.0,11132.0,4580.10009765625
2005-12-12,1260.4300537109375,2260.949951171875,5501.5,5301.2099609375,4673.1298828125,15738.7001953125,14984.400390625,1116.366943359375,,32971.0,11099.2998046875,4611.89990234375
2005-12-13,1267.4300537109375,2265.0,5507.2001953125,5310.27978515625,4693.39990234375,15778.8603515625,14942.6201171875,1117.845947265625,,33420.0,11137.400390625,4587.10009765625
2005-12-14,1272.739990234375,2262.590087890625,5521.10009765625,5286.759765625,4674.85009765625,15464.580078125,14976.259765625,1125.386962890625,,33629.0,11095.7998046875,4617.89990234375
2005-12-15,1270.93994140625,2260.6298828125,5495.2998046875,5295.81982421875,4673.14013671875,15254.4404296875,15059.01953125,1123.5550537109375,,33193.0,11092.7998046875,4627.89990234375
2005-12-16,1267.3199462890625,2252.47998046875,5531.60009765625,5353.66015625,4704.41015625,15173.0703125,15029.8095703125,1127.508056640625,,33292.0,11136.599609375,4644.0
2005-12-19,1259.9200439453125,2222.739990234375,5539.7998046875,5350.18017578125,4694.85986328125,15391.48046875,15182.8896484375,1131.7509765625,,33005.0,11154.2998046875,4655.39990234375
2005-12-20,1259.6199951171875,2222.419921875,5547.89990234375,5356.60009765625,4703.47998046875,15641.259765625,15169.169921875,1136.342041015625,,33067.0,11180.599609375,4672.2998046875
2005-12-21,1262.7900390625,2231.659912109375,5587.39990234375,5397.22998046875,4752.41015625,15957.5703125,15221.419921875,1130.759033203125,,33517.0,11247.2998046875,4718.2001953125
2005-12-22,1268.1199951171875,2246.489990234375,5597.0,5398.27978515625,4751.9599609375,15941.3701171875,15182.5302734375,1135.238037109375,,33513.0,11255.400390625,4707.7998046875
2005-12-23,1268.6600341796875,2249.419921875,5595.5,5419.0498046875,4757.740234375,,15183.580078125,1144.8709716796875,,33331.0,11245.400390625,4727.7001953125
2005-12-26,,,,,,16107.669921875,,1156.822998046875,,33298.0,,
2005-12-27,1256.5400390625,2226.889892578125,,5444.83984375,4769.3798828125,15969.400390625,,1154.2879638671875,,33371.0,,
2005-12-28,1258.1700439453125,2228.93994140625,5622.7998046875,5447.14990234375,4756.93017578125,16194.6103515625,15101.5400390625,1157.0340576171875,,33138.0,11261.2001953125,4755.60009765625
2005-12-29,1254.4200439453125,2218.159912109375,5638.2998046875,5458.580078125,4772.93017578125,16344.2001953125,15045.58984375,1169.862060546875,,33456.0,11296.2998046875,4772.5
2005-12-30,1248.2900390625,2205.320068359375,5618.7998046875,5408.259765625,4715.22998046875,16111.4296875,14876.4296875,1161.0570068359375,,,11272.2998046875,4763.39990234375
2006-01-02,,,,5449.97998046875,4754.919921875,,,,,33507.0,,
2006-01-03,1268.800048828125,2243.739990234375,5681.5,5460.68017578125,4776.97998046875,,14944.76953125,,,34541.0,11441.599609375,4776.0
2006-01-04,1273.4599609375,2263.4599609375,5714.60009765625,5523.6201171875,4838.52001953125,16361.5400390625,15200.0595703125,1180.9630126953125,,35002.0,11501.5,4820.2998046875
2006-01-05,1273.47998046875,2276.8701171875,5691.2001953125,5516.52978515625,4835.08984375,16425.369140625,15271.1298828125,1197.26904296875,,34936.0,11507.7001953125,4813.7001953125
2006-01-06,1285.449951171875,2305.6201171875,5731.7998046875,5536.31982421875,4867.14990234375,16428.2109375,15344.4404296875,1209.4219970703125,,35475.0,11620.5,4791.10009765625
2006-01-09,1290.1500244140625,2318.68994140625,5731.5,5537.10986328125,4875.08984375,,15547.4296875,1215.66796875,,35337.0,11565.2001953125,4831.5
2006-01-10,1289.68994140625,2320.320068359375,5688.7998046875,5494.7099609375,4861.93017578125,16124.349609375,15569.91015625,1220.6180419921875,,35049.0,11597.599609375,4816.7001953125
2006-01-11,1294.1800537109375,2331.360107421875,5731.5,5532.89013671875,4890.490234375,16363.58984375,15650.8798828125,1211.052978515625,,35952.0,11621.0,4838.10009765625
2006-01-12,1286.06005859375,2316.68994140625,5735.2001953125,5542.1298828125,4890.240234375,16445.189453125,15719.3701171875,1226.7039794921875,,35779.0,11595.2001953125,4836.89990234375
2006-01-13,1287.6099853515625,2317.0400390625,5711.0,5483.08984375,4850.52978515625,16454.94921875,15787.9697265625,1221.458984375,,35897.0,11604.7998046875,4836.7001953125
2006-01-16,,,5740.2001953125,5514.64013671875,4856.08984375,16268.0302734375,15777.7197265625,1202.8690185546875,,36534.0,11721.0,4836.39990234375
2006-01-17,1282.9300537109375,2302.68994140625,5699.0,5460.16015625,4807.14013671875,15805.9501953125,15576.2001953125,1208.43798828125,,36119.0,11689.599609375,4866.10009765625
2006-01-18,1277.9300537109375,2279.639892578125,5663.7001953125,5395.60986328125,4772.08984375,15341.1796875,15481.2099609375,1233.3499755859375,,35805.0,11554.5,4786.89990234375
2006-01-19,1285.0400390625,2301.81005859375,5693.2001953125,5430.83984375,4814.08984375,15696.2802734375,15670.419921875,1251.5760498046875,,36858.0,11693.0,4840.89990234375
2006-01-20,1261.489990234375,2247.699951171875,5672.39990234375,5349.02001953125,4773.47998046875,15696.6904296875,15662.080078125,1255.3079833984375,,36695.0,11605.7001953125,4854.39990234375
2006-01-23,1263.8199462890625,2248.469970703125,5660.89990234375,5348.72021484375,4751.990234375,15360.650390625,15464.76953125,1255.7740478515625,,36632.0,11733.400390625,4812.10009765625
2006-01-24,1266.8599853515625,2265.25,5633.7998046875,5334.2998046875,4748.31982421875,15648.8896484375,15530.5703125,1252.06201171875,,37400.0,11692.400390625,4824.7998046875
2006-01-25,1264.6800537109375,2260.64990234375,5704.39990234375,5427.08984375,4791.0,15651.0,15520.3896484375,1258.0460205078125,,,11675.2001953125,4861.39990234375
2006-01-26,1273.8299560546875,2283.0,5722.60009765625,5548.91015625,4876.52001953125,15891.01953125,15520.0703125,,,38014.0,11737.400390625,
2006-01-27,1283.719970703125,2304.22998046875,5786.7998046875,5647.419921875,4956.60009765625,16460.6796875,15753.1396484375,,,37822.0,11856.7998046875,4919.2998046875
2006-01-30,1285.18994140625,2306.780029296875,5779.7998046875,5660.02978515625,4936.7900390625,16551.23046875,,,,38242.0,11947.5,4943.39990234375
2006-01-31,1280.0799560546875,2305.820068359375,5760.2998046875,5674.14990234375,4947.990234375,16649.8203125,,,,38383.0,11945.599609375,4929.60009765625
2006-02-01,1282.4599609375,2310.56005859375,5801.60009765625,5726.52978515625,4999.39013671875,16480.08984375,15742.2998046875,,,38485.0,11952.099609375,4956.7001953125
2006-02-02,1270.8399658203125,2281.570068359375,5747.2998046875,5649.60009765625,4927.89013671875,16710.55078125,15691.6904296875,,,37304.0,11929.900390625,4905.10009765625
2006-02-03,1264.030029296875,2262.580078125,5759.2998046875,5657.1201171875,4937.56005859375,16659.640625,15429.73046875,,,37262.0,11937.599609375,4883.7998046875
2006-02-06,1265.02001953125,2258.800048828125,5772.39990234375,5666.77978515625,4934.58984375,16747.759765625,15548.0595703125,1287.6259765625,,37321.0,12080.5,4915.60009765625
2006-02-07,1254.780029296875,2244.9599609375,5746.7998046875,5672.919921875,4935.39990234375,16720.990234375,15517.009765625,1282.095947265625,,36562.0,11817.2998046875,4905.39990234375
2006-02-08,1265.6500244140625,2266.97998046875,5725.10009765625,5666.41015625,4895.080078125,16272.6796875,15373.4404296875,1290.0550537109375,,36499.0,11735.099609375,4831.39990234375
2006-02-09,1263.780029296875,2255.8701171875,5808.7998046875,5743.68017578125,4955.740234375,16439.669921875,15413.4296875,1269.4539794921875,,36882.0,11709.2998046875,4877.60009765625
2006-02-10,1266.989990234375,2261.8798828125,5764.10009765625,5701.47021484375,4910.81982421875,16257.830078125,15425.9501953125,1282.656005859375,,36975.0,11651.7001953125,4871.5
2006-02-13,1262.8599853515625,2239.81005859375,5793.5,5756.330078125,4957.35986328125,15877.66015625,15312.08984375,1279.6400146484375,,36114.0,11519.5,4817.10009765625
2006-02-14,1275.530029296875,2262.169921875,5792.2998046875,5763.39990234375,4961.33984375,16184.8701171875,15420.3203125,1286.3270263671875,,36627.0,11616.400390625,4864.2001953125
2006-02-15,1280.0,2276.429931640625,5791.5,5764.3701171875,4934.08984375,15932.830078125,15423.259765625,1299.166015625,,37239.0,11557.2998046875,4835.0
2006-02-16,1289.3800048828125,2294.6298828125,5828.89990234375,5789.25,4973.08984375,16043.669921875,15450.8798828125,1270.633056640625,,38256.0,11704.2998046875,4820.60009765625
2006-02-17,1287.239990234375,2282.360107421875,5846.2001953125,5795.47998046875,5000.0,15713.4501953125,15475.6904296875,1267.407958984375,,38422.0,11758.0,4799.89990234375
2006-02-20,,,5863.0,5793.9501953125,4979.93994140625,15437.9296875,15598.669921875,1267.5419921875,,38539.0,11865.7998046875,4835.5
2006-02-21,1283.030029296875,2262.9599609375,5857.7001953125,5801.0400390625,4991.93017578125,15894.9404296875,15627.240234375,1288.4189453125,,38166.0,11826.400390625,4879.10009765625
2006-02-22,1292.6700439453125,2283.169921875,5872.39990234375,5862.06005859375,5041.60009765625,15781.7802734375,15635.7197265625,1284.2259521484375,,38246.0,11800.2001953125,4886.7001953125
2006-02-23,1287.7900390625,2279.320068359375,5836.0,5857.8798828125,5040.39013671875,16096.099609375,15812.5302734375,1288.8470458984375,,38405.0,11738.599609375,4913.2001953125
2006-02-24,1289.4300537109375,2287.0400390625,5860.5,5870.7900390625,5073.9501953125,16101.91015625,15856.0498046875,1296.865966796875,,38610.0,11810.599609375,4893.39990234375
2006-02-27,1294.1199951171875,2307.179931640625,5875.89990234375,5915.14990234375,5080.52001953125,16192.9501953125,15949.8896484375,1297.18603515625,,,11706.5,4924.10009765625
2006-02-28,1280.6600341796875,2281.389892578125,5791.5,5796.0400390625,5000.4501953125,16205.4296875,15918.48046875,1299.030029296875,,,11688.2998046875,4921.2998046875
2006-03-01,1291.239990234375,2314.639892578125,5844.10009765625,5866.60986328125,5057.60986328125,15964.4599609375,15818.08984375,1306.5860595703125,,39178.0,11794.599609375,4850.60009765625
2006-03-02,1289.1400146484375,2311.110107421875,5833.0,5783.490234375,5009.08984375,15909.759765625,15882.4501953125,1285.666015625,,39126.0,11906.900390625,4903.7998046875
2006-03-03,1287.22998046875,2302.60009765625,5858.7001953125,5721.4599609375,4989.14990234375,15663.33984375,15802.0,1293.2969970703125,,39240.0,11978.7001953125,4898.5
2006-03-06,1278.260009765625,2286.030029296875,5897.7998046875,5754.06005859375,5010.72021484375,15901.16015625,15811.830078125,1288.9549560546875,,38354.0,11883.2998046875,4903.89990234375
2006-03-07,1275.8800048828125,2268.3798828125,5857.39990234375,5739.27978515625,4992.2099609375,15726.01953125,15602.3603515625,1259.916015625,,37423.0,11816.5,4879.7001953125
2006-03-08,1278.469970703125,2267.4599609375,5812.89990234375,5673.35986328125,4969.509765625,15627.490234375,15493.08984375,1250.384033203125,,37289.0,11737.099609375,4873.0
2006-03-09,1272.22998046875,2249.719970703125,5855.89990234375,5732.22021484375,5007.83984375,16036.91015625,15510.1298828125,1245.166015625,,36312.0,11765.2998046875,4894.39990234375
2006-03-10,1281.4200439453125,2262.0400390625,5907.89990234375,5804.919921875,5069.27001953125,16115.6298828125,15445.0498046875,1245.6529541015625,,36891.0,11833.599609375,4888.10009765625
2006-03-13,1284.1300048828125,2267.030029296875,5952.7998046875,5855.16015625,5107.47021484375,16361.509765625,15542.0703125,1259.6739501953125,,36793.0,11906.7001953125,4951.2998046875
2006-03-14,1297.47998046875,2295.89990234375,5950.60009765625,5870.8798828125,5117.16015625,16238.3603515625,15519.759765625,1259.0439453125,,37541.0,11973.2998046875,4932.2001953125
2006-03-15,1303.02001953125,2311.840087890625,5965.10009765625,5898.47998046875,5127.93017578125,16319.0400390625,15720.3603515625,1274.81201171875,,38244.0,12055.599609375,4946.2998046875
2006-03-16,1305.3299560546875,2299.56005859375,5993.2998046875,5897.7900390625,5126.009765625,16096.2099609375,15729.0400390625,1274.18994140625,,38157.0,12085.7001953125,4977.89990234375
2006-03-17,1307.25,2306.47998046875,5999.39990234375,5882.3798828125,5141.080078125,16339.73046875,15801.66015625,1269.4620361328125,,38049.0,12000.7001953125,4971.7001953125
2006-03-20,1305.0799560546875,2314.110107421875,5991.7001953125,5902.7900390625,5138.509765625,16624.80078125,15929.9501953125,1288.41796875,,38204.0,11929.2998046875,5000.39990234375
2006-03-21,1297.22998046875,2294.22998046875,5991.2998046875,5911.85986328125,5148.56005859375,,15922.75,1290.39501953125,,37398.0,11947.599609375,4991.2998046875
2006-03-22,1305.0400390625,2303.35009765625,6007.5,5932.31005859375,5194.77978515625,16495.48046875,15642.8095703125,1296.7060546875,,37851.0,11970.7001953125,5013.39990234375
2006-03-23,1301.6700439453125,2300.14990234375,5990.10009765625,5947.10986328125,5194.77978515625,16489.369140625,15771.169921875,1302.45703125,,37474.0,12017.900390625,5035.2998046875
2006-03-24,1302.949951171875,2312.820068359375,6036.2998046875,5973.14013671875,5218.7099609375,16560.869140625,15716.4599609375,1294.7039794921875,,37577.0,12111.099609375,5040.10009765625
2006-03-27,1301.6099853515625,2315.580078125,5972.2001953125,5912.259765625,5162.43994140625,16650.099609375,15815.8701171875,1295.9150390625,,37641.0,12078.5,5088.10009765625
2006-03-28,1293.22998046875,2304.4599609375,5935.7001953125,5890.6298828125,5149.990234375,16690.240234375,15856.580078125,1298.791015625,,36682.0,12048.7998046875,5085.7998046875
2006-03-29,1302.8900146484375,2337.780029296875,5959.2001953125,5914.77978515625,5180.25,16938.41015625,15745.1103515625,1305.5670166015625,,37492.0,12190.599609375,5090.5
2006-03-30,1300.25,2340.820068359375,6015.2998046875,5984.18994140625,5240.10009765625,17045.33984375,15880.6904296875,1294.718017578125,,37777.0,12207.0,5115.0
2006-03-31,1294.8699951171875,2339.7900390625,5964.60009765625,5970.080078125,5220.85009765625,17059.66015625,15805.0400390625,1298.2950439453125,,37952.0,12110.599609375,5129.7001953125
2006-04-03,1297.81005859375,2336.739990234375,6024.2998046875,6024.0498046875,5255.259765625,17333.310546875,16063.75,1319.470947265625,,38717.0,12210.900390625,5180.5
2006-04-04,1305.9300537109375,2345.360107421875,6004.7001953125,6013.85009765625,5205.81005859375,17292.91015625,16100.08984375,1329.7979736328125,,38802.0,12174.099609375,5162.5
2006-04-05,1311.56005859375,2359.75,6044.10009765625,6029.2001953125,5221.02978515625,17243.98046875,,1340.1619873046875,,39053.0,12299.099609375,5207.0
2006-04-06,1309.0400390625,2361.169921875,6045.7001953125,6031.39013671875,5222.35986328125,17489.330078125,16411.130859375,1339.737060546875,,39285.0,12342.0,5238.89990234375
2006-04-07,1295.5,2339.02001953125,6026.10009765625,5952.919921875,5174.9599609375,17563.369140625,16471.779296875,1342.9649658203125,,38926.0,12241.2001953125,5232.89990234375
2006-04-10,1296.6199951171875,2333.27001953125,6067.0,6003.39990234375,5190.27001953125,17456.580078125,16521.58984375,1359.0810546875,,38475.0,12289.7001953125,5192.2998046875
2006-04-11,1286.5699462890625,2310.35009765625,6016.5,5908.47021484375,5112.60009765625,17418.130859375,16475.810546875,1362.22900390625,,37901.0,12177.2998046875,5233.5
2006-04-12,1288.1199951171875,2314.679931640625,6000.7998046875,5901.25,5085.10986328125,17162.55078125,16310.759765625,1360.1319580078125,,38427.0,12167.7001953125,5183.7001953125
2006-04-13,1289.1199951171875,2326.110107421875,6029.39990234375,5918.56982421875,5102.6201171875,17199.150390625,16429.44921875,1332.3299560546875,,38082.0,12248.599609375,5175.7001953125
2006-04-14,,,,,,17233.8203125,,1359.5379638671875,,,,
2006-04-17,1285.3299560546875,2311.159912109375,,,,17000.359375,,1378.614013671875,,38462.0,12309.0,
2006-04-18,1307.280029296875,2356.139892578125,6044.10009765625,5902.580078125,5095.97021484375,17232.859375,16637.529296875,1385.114013671875,,39572.0,12446.7998046875,5248.60009765625
2006-04-19,1309.9300537109375,2370.8798828125,6089.7998046875,5993.759765625,5158.14013671875,17350.119140625,16830.439453125,1396.7020263671875,,39938.0,12487.2998046875,5283.89990234375
2006-04-20,1311.4599609375,2362.550048828125,6081.39990234375,6063.27978515625,5206.7900390625,17317.529296875,16944.33984375,1385.9000244140625,,39775.0,12313.7001953125,5276.89990234375
2006-04-21,1311.280029296875,2342.860107421875,6132.7001953125,6094.75,5252.3798828125,17403.9609375,16912.150390625,1416.79296875,,,12437.2001953125,5250.10009765625
2006-04-24,1308.1099853515625,2333.3798828125,6098.7001953125,6079.08984375,5221.43994140625,16914.400390625,16705.669921875,1409.7860107421875,,39751.0,12342.2001953125,5269.7998046875
2006-04-25,1301.739990234375,2330.300048828125,6086.60009765625,6078.7998046875,5235.33984375,16970.2890625,16577.76953125,1399.7669677734375,,39738.0,12329.7998046875,
2006-04-26,1305.4100341796875,2333.6298828125,6104.2998046875,6107.1201171875,5252.31982421875,17055.9296875,16672.66015625,1417.47705078125,,40410.0,12321.7001953125,5327.2001953125
2006-04-27,1309.719970703125,2344.949951171875,6060.0,6067.740234375,5213.5498046875,17114.5390625,16742.849609375,1416.7320556640625,,39751.0,12187.7001953125,5300.2001953125
2006-04-28,1310.6099853515625,2322.570068359375,6023.10009765625,6009.89013671875,5188.39990234375,16906.23046875,16661.30078125,1440.2230224609375,,40363.0,12204.2001953125,5258.7998046875
2006-05-01,1305.18994140625,2304.7900390625,,,,16925.7109375,,,,,12234.599609375,5310.39990234375
2006-05-02,1313.2099609375,2309.840087890625,6082.10009765625,6051.2900390625,5241.18994140625,17153.76953125,16868.0390625,,,41017.0,12274.5,5273.10009765625
2006-05-03,1308.1199951171875,2303.969970703125,6010.0,5968.9599609375,5193.93994140625,,17026.98046875,,,40920.0,12196.2001953125,5273.5
2006-05-04,1312.25,2323.89990234375,6036.89990234375,6039.31982421875,5233.7001953125,,17013.9296875,,,40976.0,12125.900390625,5189.10009765625
2006-05-05,1325.760009765625,2342.570068359375,6091.7001953125,6113.2900390625,5286.39990234375,,,,,41417.0,12270.099609375,5255.39990234375
2006-05-08,1324.6600341796875,2344.989990234375,6067.10009765625,6127.97998046875,5282.39990234375,17291.669921875,17301.7890625,1497.10400390625,,41515.0,12294.2001953125,5324.0
2006-05-09,1325.1400146484375,2338.25,6105.60009765625,6140.72021484375,5312.18017578125,17190.91015625,17133.990234375,1531.1610107421875,,41979.0,12328.2001953125,5325.7998046875
2006-05-10,1322.8499755859375,2320.739990234375,6083.39990234375,6118.3798828125,5278.27001953125,16951.9296875,17080.58984375,1545.68701171875,,41752.0,12316.2998046875,5352.2001953125
2006-05-11,1305.9200439453125,2272.699951171875,6042.0,6054.72021484375,5262.93994140625,16862.140625,17140.779296875,1537.376953125,,40847.0,12165.400390625,5364.5
2006-05-12,1291.239990234375,2243.780029296875,5912.10009765625,5916.27978515625,5150.4501953125,16601.779296875,16901.849609375,1602.83203125,,40223.0,12038.099609375,5329.5
2006-05-15,1294.5,2238.52001953125,5841.2998046875,5857.02978515625,5064.85009765625,16486.91015625,16494.83984375,1664.0880126953125,,39271.0,11831.7001953125,5234.10009765625
2006-05-16,1292.0799560546875,2229.1298828125,5846.2001953125,5851.919921875,5081.68994140625,16158.419921875,16393.109375,1613.2509765625,,39416.0,11829.400390625,5217.39990234375
2006-05-17,1270.3199462890625,2195.800048828125,5675.5,5652.72021484375,4920.31005859375,16307.669921875,16615.55078125,1625.14599609375,,38291.0,11640.599609375,5217.5
2006-05-18,1261.81005859375,2180.320068359375,5671.60009765625,5666.06982421875,4908.68994140625,16087.1796875,16266.51953125,1617.281005859375,,37807.0,11540.0,5119.2998046875
2006-05-19,1267.030029296875,2193.8798828125,5657.39990234375,5672.27978515625,4944.56982421875,16155.4501953125,16313.3603515625,1659.5450439453125,,37733.0,11545.7998046875,5100.89990234375
2006-05-22,1262.0699462890625,2172.860107421875,5532.7001953125,5546.240234375,4813.5,15857.8701171875,15805.51953125,1657.68896484375,,36497.0,,5030.7998046875
2006-05-23,1256.5799560546875,2158.760009765625,5678.7001953125,5678.490234375,4931.52978515625,15599.2001953125,15864.5595703125,1604.552001953125,,36110.0,11539.900390625,5013.7998046875
2006-05-24,1258.5699462890625,2169.169921875,5587.10009765625,5587.22998046875,4870.02001953125,15907.2001953125,15822.6396484375,1590.9239501953125,,35792.0,11423.900390625,5037.7001953125
2006-05-25,1272.8800048828125,2198.239990234375,5677.7001953125,5706.06005859375,4949.52978515625,15693.75,15696.8896484375,1591.425048828125,,37569.0,11653.0,4976.7998046875
2006-05-26,1280.1600341796875,2210.3701171875,5791.0,5788.35986328125,5045.08984375,15970.759765625,15895.099609375,1613.89404296875,,38506.0,11762.7998046875,5053.7001953125
2006-05-29,,,,5755.02001953125,5015.31982421875,15915.6796875,15963.76953125,1648.5379638671875,,38145.0,11845.5,5109.5
2006-05-30,1259.8699951171875,2164.739990234375,5652.0,5622.43017578125,4893.8701171875,15859.4501953125,15857.8896484375,1657.2879638671875,,36413.0,11705.400390625,5105.39990234375
2006-05-31,1270.0899658203125,2178.8798828125,5723.7998046875,5692.85986328125,4930.18017578125,15467.330078125,,1641.300048828125,,36530.0,11744.5,5001.7001953125
2006-06-01,1285.7099609375,2219.860107421875,5749.7001953125,5707.58984375,4947.2900390625,15503.740234375,15645.26953125,1684.1949462890625,,37748.0,11847.0,5060.60009765625
2006-06-02,1288.219970703125,2219.409912109375,5764.60009765625,5687.0400390625,4959.7001953125,15789.3095703125,15912.7099609375,1669.3990478515625,,37942.0,11898.7001953125,5077.2001953125
2006-06-05,1265.2900390625,2169.6201171875,5762.10009765625,5621.18994140625,4916.0400390625,15668.3095703125,16016.23046875,1684.6240234375,,36740.0,11699.5,5120.0
2006-06-06,1263.8499755859375,2162.780029296875,5669.7998046875,5502.81005859375,4797.919921875,15384.8603515625,15973.1103515625,1679.1259765625,,36558.0,11666.099609375,5036.10009765625
2006-06-07,1256.1500244140625,2151.800048828125,5706.2998046875,5543.93017578125,4824.77001953125,15096.009765625,15816.5498046875,1589.5450439453125,,35264.0,11475.400390625,5025.5
2006-06-08,1257.9300537109375,2145.320068359375,5562.89990234375,5383.27978515625,4684.33984375,14633.0302734375,15450.1103515625,1591.489990234375,,35438.0,11415.5,4907.2001953125
2006-06-09,1252.300048828125,2135.06005859375,5655.2001953125,5464.080078125,4768.18017578125,14750.83984375,15628.6904296875,1551.384033203125,,35075.0,11390.7001953125,4966.0
2006-06-12,1237.43994140625,2091.320068359375,5620.89990234375,5395.5498046875,4723.18017578125,14833.009765625,15621.4404296875,1552.7979736328125,,33555.0,11197.599609375,
2006-06-13,1223.68994140625,2072.469970703125,5519.60009765625,5292.14013671875,4617.58984375,14218.599609375,15234.419921875,1548.4949951171875,,32848.0,10904.2998046875,4838.89990234375
2006-06-14,1230.0400390625,2086.0,5506.7998046875,5305.990234375,4615.43994140625,14309.5595703125,15247.919921875,1531.3270263671875,,32941.0,10960.7001953125,4850.7998046875
2006-06-15,1256.1600341796875,2144.14990234375,5619.2998046875,5422.22021484375,4724.580078125,14470.759765625,15435.080078125,1533.97998046875,,,11213.2001953125,4869.7001953125
2006-06-16,1251.5400390625,2129.949951171875,5597.39990234375,5376.009765625,4694.89013671875,14879.33984375,15842.650390625,1574.467041015625,,34399.0,11208.0,4969.0
2006-06-19,1240.1300048828125,2110.419921875,5626.10009765625,5439.22998046875,4729.02001953125,14860.349609375,15768.8603515625,1586.2860107421875,,33897.0,11007.599609375,4901.2001953125
2006-06-20,1240.1199951171875,2107.06005859375,5658.2001953125,5493.60986328125,4770.419921875,14648.41015625,15608.9697265625,1592.33203125,,33632.0,10995.5,4861.39990234375
2006-06-21,1252.199951171875,2141.199951171875,5665.0,5503.41015625,4774.72998046875,14644.259765625,15659.3603515625,1598.115966796875,,34547.0,11112.7998046875,4918.89990234375
2006-06-22,1245.5999755859375,2122.97998046875,5684.10009765625,5533.419921875,4803.2900390625,15135.6904296875,15826.7001953125,1596.0660400390625,,34317.0,11130.2001953125,5010.7998046875
2006-06-23,1244.5,2121.469970703125,5692.10009765625,5529.740234375,4817.6298828125,15124.0400390625,15808.8095703125,1605.7110595703125,,34661.0,11249.0,4964.89990234375
2006-06-26,1250.56005859375,2133.669921875,5681.2001953125,5514.6298828125,4801.490234375,15152.400390625,15804.8095703125,1633.448974609375,,34631.0,11372.2001953125,4965.0
2006-06-27,1239.199951171875,2100.25,5652.2998046875,5459.14990234375,4771.240234375,15171.8095703125,15774.7001953125,1639.551025390625,,34376.0,11293.2001953125,4999.2001953125
2006-06-28,1246.0,2111.840087890625,5678.60009765625,5456.8701171875,4774.0,14886.1103515625,15742.66015625,1639.2860107421875,,34835.0,11332.2998046875,4946.7998046875
2006-06-29,1272.8699951171875,2174.3798828125,5791.5,5581.669921875,4880.3798828125,15121.150390625,15865.2197265625,1671.6180419921875,,36487.0,11520.900390625,4997.2001953125
2006-06-30,1270.199951171875,2172.090087890625,5833.39990234375,5683.31005859375,4965.9599609375,15505.1796875,16267.6201171875,1672.2110595703125,,36631.0,11612.900390625,5073.89990234375
2006-07-03,1280.18994140625,2190.429931640625,5884.39990234375,5712.68994140625,4980.6201171875,15571.6201171875,16326.66015625,1697.281982421875,,37357.0,,5092.2001953125
2006-07-04,,,5883.5,5729.009765625,4983.8798828125,15638.5,16368.98046875,1681.5469970703125,,37367.0,11733.2001953125,5104.7001953125
2006-07-05,1270.9100341796875,2153.340087890625,5826.7001953125,5625.6298828125,4921.2998046875,15523.9404296875,16267.1796875,1718.5550537109375,,36378.0,11626.400390625,5096.89990234375
2006-07-06,1274.0799560546875,2155.090087890625,5890.0,5695.47021484375,4966.4501953125,15321.400390625,16440.990234375,1741.469970703125,,36533.0,11602.0,5120.2998046875
2006-07-07,1265.47998046875,2130.06005859375,5888.89990234375,5681.85009765625,4953.7099609375,15307.6103515625,16459.779296875,1730.18994140625,,36102.0,11631.900390625,5135.2998046875
2006-07-10,1267.3399658203125,2116.929931640625,5896.89990234375,5706.31982421875,4982.47998046875,15552.8095703125,16603.810546875,1734.3289794921875,,36141.0,11654.7001953125,5142.7998046875
2006-07-11,1272.4300537109375,2128.860107421875,5857.2998046875,5616.0400390625,4914.39013671875,15473.8203125,16490.130859375,1745.8060302734375,,36554.0,11793.0,5107.2001953125
2006-07-12,1258.5999755859375,2090.239990234375,5860.60009765625,5637.81982421875,4941.72998046875,15249.3203125,16522.2109375,1740.0,,36230.0,11771.099609375,5128.2998046875
2006-07-13,1242.280029296875,2054.110107421875,5765.0,5527.2900390625,4852.52001953125,15097.9501953125,16305.48046875,1655.77294921875,,35354.0,11601.900390625,5084.60009765625
2006-07-14,1236.199951171875,2037.3499755859373,5707.60009765625,5422.22021484375,4780.7900390625,14845.240234375,16135.7099609375,1665.2080078125,,35350.0,11630.0,4966.10009765625
2006-07-17,1234.489990234375,2037.719970703125,5701.0,5416.9599609375,4750.080078125,,16064.8203125,1682.886962890625,,34866.0,11480.599609375,4956.2001953125
2006-07-18,1236.8599853515625,2043.219970703125,5681.7001953125,5396.85009765625,4734.5400390625,14437.240234375,16043.9404296875,1684.251953125,,35130.0,11471.7001953125,4923.2998046875
2006-07-19,1259.81005859375,2080.7099609375,5778.0,5539.2900390625,4846.5400390625,14500.259765625,16097.5400390625,1645.1600341796875,,36785.0,11619.599609375,4900.10009765625
2006-07-20,1249.1300048828125,2039.4200439453125,5770.89990234375,5545.81982421875,4865.0400390625,14946.83984375,16472.619140625,1655.1219482421875,,35847.0,11465.5,4996.5
2006-07-21,1240.2900390625,2020.3900146484373,5719.7001953125,5451.009765625,4818.5498046875,14821.259765625,16464.1796875,1665.3280029296875,,35510.0,11418.2998046875,4960.60009765625
2006-07-24,1260.9100341796875,2061.840087890625,5833.89990234375,5578.0498046875,4914.93017578125,14794.5,16480.58984375,1665.9439697265625,,36224.0,11625.2001953125,4934.39990234375
2006-07-25,1268.8800048828125,2073.89990234375,5851.2001953125,5565.759765625,4933.1201171875,15005.240234375,16583.859375,1685.4610595703125,,36681.0,11754.599609375,4992.39990234375
2006-07-26,1268.4000244140625,2070.4599609375,5877.10009765625,5583.10009765625,4943.0,14884.0703125,16617.240234375,1686.654052734375,,36594.0,11879.599609375,4935.7001953125
2006-07-27,1263.199951171875,2054.469970703125,5929.5,5659.06982421875,5001.2099609375,15179.7802734375,16916.76953125,1675.16796875,,36888.0,11758.900390625,5007.7998046875
2006-07-28,1278.550048828125,2094.139892578125,5974.89990234375,5705.419921875,5028.509765625,15342.8701171875,16955.0390625,1662.031005859375,,37381.0,11823.7001953125,4958.2998046875
2006-07-31,1276.6600341796875,2091.469970703125,5928.2998046875,5681.97021484375,5009.419921875,15456.8095703125,16971.33984375,1612.7330322265625,,37077.0,11831.0,4986.0
2006-08-01,1270.9200439453125,2061.989990234375,5880.7998046875,5596.740234375,4948.22998046875,15440.91015625,16911.369140625,1600.614013671875,,36839.0,11907.7001953125,4981.2998046875
2006-08-02,1277.4100341796875,2078.81005859375,5932.10009765625,5680.81982421875,5026.25,15464.2900390625,17032.75,1600.8719482421875,,37288.0,11969.900390625,4931.5
2006-08-03,1280.27001953125,2092.340087890625,5838.39990234375,5640.02978515625,4983.68017578125,15470.3701171875,17048.419921875,1601.0579833984375,,37451.0,11936.7001953125,4997.5
2006-08-04,1279.3599853515625,2085.050048828125,5889.39990234375,5723.02978515625,5040.9501953125,15499.1796875,16887.80078125,1570.1500244140625,,37848.0,11936.7001953125,4956.10009765625
2006-08-07,1275.77001953125,2072.5,5828.7998046875,5626.669921875,4956.33984375,15154.0595703125,16953.55078125,1547.43603515625,,37698.0,,4961.7998046875
2006-08-08,1271.47998046875,2060.85009765625,5818.10009765625,5651.919921875,4967.9501953125,15464.66015625,17048.19921875,1580.5770263671875,,37600.0,11998.2001953125,5024.7998046875
2006-08-09,1265.949951171875,2060.280029296875,5860.5,5702.81005859375,5025.14990234375,15656.58984375,17346.580078125,1578.5660400390625,,37255.0,12008.2001953125,4962.0
2006-08-10,1271.81005859375,2071.739990234375,5823.39990234375,5630.9599609375,4976.64013671875,15630.91015625,17222.140625,1606.06494140625,,37354.0,11959.099609375,4953.2001953125
2006-08-11,1266.739990234375,2057.7099609375,5820.10009765625,5628.3701171875,4985.52001953125,15565.01953125,17249.94921875,1605.926025390625,,36944.0,11944.900390625,4949.2001953125
2006-08-14,1268.2099609375,2069.0400390625,5870.89990234375,5692.0,5046.93017578125,15857.1103515625,17290.009765625,1570.738037109375,,36557.0,11850.2001953125,4971.2998046875
2006-08-15,1285.5799560546875,2115.010009765625,5897.89990234375,5776.7998046875,5115.02001953125,15816.1904296875,17274.0703125,1595.656982421875,,37296.0,11977.2001953125,4936.0
2006-08-16,1295.4300537109375,2149.5400390625,5896.60009765625,5812.93994140625,5137.31005859375,16071.3603515625,17451.029296875,1616.4100341796875,,37678.0,12030.2998046875,4961.89990234375
2006-08-17,1297.47998046875,2157.610107421875,5900.39990234375,5833.509765625,5144.83984375,16020.83984375,17373.05078125,1603.33203125,,37559.0,12056.0,5055.89990234375
2006-08-18,1302.300048828125,2163.949951171875,5903.39990234375,5817.02001953125,5135.68994140625,16105.98046875,17330.69921875,1598.0179443359375,,37552.0,12044.7998046875,5052.5
2006-08-21,1297.52001953125,2147.75,5915.2001953125,5794.830078125,5104.64990234375,15969.0400390625,17007.880859375,1601.1500244140625,,37161.0,12136.900390625,5063.60009765625
2006-08-22,1298.8199462890625,2150.02001953125,5902.60009765625,5818.41015625,5128.330078125,16181.169921875,17149.75,1613.35498046875,,36678.0,12201.2001953125,5076.2001953125
2006-08-23,1292.989990234375,2134.659912109375,5860.0,5775.5400390625,5082.72998046875,16163.0302734375,17088.390625,1612.39599609375,,35512.0,12195.099609375,5082.2998046875
2006-08-24,1296.06005859375,2137.110107421875,5869.10009765625,5814.080078125,5112.85009765625,15960.6201171875,16883.0390625,1623.0169677734375,,35797.0,12132.2998046875,4987.7998046875
2006-08-25,1295.0899658203125,2140.2900390625,5878.60009765625,5811.47021484375,5111.1298828125,15938.66015625,16955.44921875,1623.0340576171875,,35958.0,12119.7998046875,5023.60009765625
2006-08-28,1301.780029296875,2160.699951171875,,5854.990234375,5148.52001953125,15762.58984375,16922.2890625,1650.43798828125,,36375.0,12167.400390625,5024.2001953125
2006-08-29,1304.280029296875,2172.300048828125,5888.2998046875,5847.02001953125,5160.31982421875,15890.5595703125,17083.279296875,1651.0240478515625,,36304.0,12060.5,5067.60009765625
2006-08-30,1305.3699951171875,2185.72998046875,5929.2998046875,5867.52978515625,5182.7900390625,15872.01953125,17284.7109375,1655.1949462890625,,36313.0,12068.400390625,5067.2998046875
2006-08-31,1303.8199462890625,2183.75,5906.10009765625,5859.56982421875,5165.0400390625,16140.759765625,17392.26953125,1658.637939453125,,36232.0,12073.7998046875,5115.39990234375
2006-09-01,1311.010009765625,2193.159912109375,5949.2001953125,5876.5400390625,5183.4501953125,16134.25,17423.720703125,1636.6910400390625,,37329.0,12145.099609375,5097.10009765625
2006-09-04,,,5986.60009765625,5909.72021484375,5203.240234375,16358.0703125,17513.880859375,1657.52001953125,,37693.0,,5129.2001953125
2006-09-05,1313.25,2205.699951171875,5981.7001953125,5884.06982421875,5172.85009765625,16385.9609375,17438.80078125,1664.0780029296875,,37368.0,12198.599609375,5150.60009765625
2006-09-06,1300.260009765625,2167.840087890625,5929.2998046875,5813.06005859375,5115.52001953125,16284.08984375,17258.509765625,1672.1209716796875,,36710.0,11999.7001953125,5113.7998046875
2006-09-07,1294.02001953125,2155.2900390625,5858.10009765625,5773.72021484375,5060.08984375,16012.41015625,17096.439453125,1661.18994140625,,,11895.0,5108.7001953125
2006-09-08,1298.9200439453125,2165.7900390625,5879.2998046875,5795.259765625,5073.56982421875,16080.4599609375,17145.759765625,1667.9840087890625,,36558.0,11869.599609375,5098.2998046875
2006-09-11,1299.5400390625,2173.25,5850.7998046875,5798.4599609375,5058.31005859375,15794.3798828125,16948.58984375,1674.9659423828125,,35772.0,11656.599609375,5026.0
2006-09-12,1313.0,2215.820068359375,5895.5,5873.85009765625,5125.97021484375,15719.33984375,17075.400390625,1695.862060546875,,36147.0,11678.900390625,4974.39990234375
2006-09-13,1318.0699462890625,2227.669921875,5892.2001953125,5906.1201171875,5137.93017578125,15750.0498046875,17210.0390625,1689.3890380859375,,36550.0,11777.2001953125,5017.2001953125
2006-09-14,1316.280029296875,2228.72998046875,5877.2001953125,5907.3701171875,5123.85009765625,15942.3896484375,17183.44921875,1689.6920166015625,,36154.0,11648.7001953125,5070.39990234375
2006-09-15,1319.6600341796875,2235.590087890625,5877.0,5937.8701171875,5144.8798828125,15866.9296875,17237.650390625,1721.0450439453125,,36170.0,11656.0,5036.39990234375
2006-09-18,1321.1800537109375,2235.75,5890.2998046875,5926.330078125,5146.9599609375,,17387.2109375,1732.987060546875,,36483.0,11763.599609375,5072.7998046875
2006-09-19,1317.6400146484375,2222.3701171875,5831.7998046875,5873.4599609375,5115.990234375,15874.2802734375,17346.69921875,1735.240966796875,,35886.0,11701.7001953125,5056.7998046875
2006-09-20,1325.1800537109375,2252.889892578125,5866.2001953125,5954.3798828125,5192.740234375,15718.669921875,17512.9609375,1732.4530029296875,,35197.0,11635.400390625,4998.5
2006-09-21,1318.030029296875,2237.75,5896.7001953125,5962.02978515625,5208.31982421875,15834.23046875,17619.970703125,1740.9010009765625,,34830.0,11627.7001953125,4995.89990234375
2006-09-22,1314.780029296875,2218.929931640625,5822.2998046875,5883.31982421875,5141.9501953125,15634.669921875,17600.650390625,1725.3609619140625,,34799.0,11581.599609375,4983.2001953125
2006-09-25,1326.3699951171875,2249.070068359375,5798.2998046875,5901.66015625,5146.490234375,15633.8095703125,17546.0390625,1722.365966796875,,34973.0,11582.7001953125,4986.2998046875
2006-09-26,1336.3499755859375,2261.340087890625,5873.60009765625,5960.6298828125,5219.58984375,15557.4501953125,17308.080078125,1712.636962890625,,35819.0,11642.400390625,4989.60009765625
2006-09-27,1336.5899658203125,2263.389892578125,5930.10009765625,5989.7099609375,5243.10009765625,15947.8701171875,17521.509765625,1725.0389404296875,,36106.0,11751.599609375,5093.2001953125
2006-09-28,1338.8800048828125,2270.02001953125,5971.2998046875,5989.16015625,5250.009765625,16024.849609375,17530.5703125,1736.9630126953125,,36486.0,11817.400390625,5113.89990234375
2006-09-29,1335.8499755859375,2258.429931640625,5960.7998046875,6004.330078125,5250.009765625,16127.580078125,17543.05078125,1752.4239501953125,,36449.0,11761.2998046875,5154.10009765625
2006-10-02,1331.3199462890625,2237.60009765625,5957.7998046875,5999.4599609375,5243.1298828125,16254.2900390625,,,,37058.0,11787.400390625,5178.7998046875
2006-10-03,1334.1099853515625,2243.64990234375,5937.10009765625,5992.22021484375,5219.7900390625,16242.08984375,17606.529296875,,,36438.0,11526.099609375,5184.2998046875
2006-10-04,1350.199951171875,2290.949951171875,5966.5,6046.3701171875,5256.5498046875,16082.5498046875,17629.2109375,,,37749.0,11618.099609375,5142.7001953125
2006-10-05,1353.219970703125,2306.340087890625,6004.5,6075.27978515625,5288.52978515625,16449.330078125,17907.669921875,,,37977.0,11750.0,5219.2998046875
2006-10-06,1349.5899658203125,2299.989990234375,6001.2001953125,6085.81982421875,5282.06005859375,16436.060546875,17903.390625,,,37940.0,11690.900390625,5220.7001953125
2006-10-09,1350.6600341796875,2311.77001953125,6030.89990234375,6084.39990234375,5284.740234375,,17675.240234375,1785.385009765625,,38406.0,,5199.10009765625
2006-10-10,1353.4200439453125,2315.429931640625,6072.7001953125,6117.7099609375,5309.7900390625,16477.25,17823.69921875,1784.862060546875,,38655.0,11755.2001953125,5248.60009765625
2006-10-11,1349.949951171875,2308.27001953125,6073.5,6119.4501953125,5313.18994140625,16400.5703125,17862.7890625,1790.10400390625,,38322.0,11619.099609375,5282.7998046875
2006-10-12,1362.8299560546875,2346.179931640625,6121.2998046875,6160.27978515625,5361.509765625,16368.8095703125,17873.08984375,1778.1810302734375,,,11719.099609375,5259.39990234375
2006-10-13,1365.6199951171875,2357.2900390625,6157.2998046875,6173.68017578125,5353.22998046875,16536.5390625,17988.859375,1784.656005859375,,38850.0,11908.599609375,5290.0
2006-10-16,1369.06005859375,2363.840087890625,6172.39990234375,6186.5400390625,5361.97021484375,16692.759765625,18010.19921875,1771.2989501953125,,39229.0,12061.5,5311.0
2006-10-17,1364.050048828125,2344.949951171875,6108.60009765625,6115.10009765625,5302.990234375,16611.58984375,18014.83984375,1763.9010009765625,,38898.0,11996.599609375,5281.2998046875
2006-10-18,1365.800048828125,2337.14990234375,6150.39990234375,6182.77978515625,5361.2900390625,16653.0,18048.08984375,1787.18505859375,,38686.0,11966.0,5313.2001953125
2006-10-19,1366.9599609375,2340.93994140625,6156.0,6177.419921875,5359.740234375,16551.359375,17986.970703125,1792.2530517578125,,38920.0,12060.599609375,5285.2998046875
2006-10-20,1368.5999755859375,2342.300048828125,6155.2001953125,6202.81982421875,5375.35009765625,16651.630859375,18113.55078125,1790.364013671875,,38643.0,12035.599609375,5335.39990234375
2006-10-23,1377.02001953125,2355.56005859375,6166.10009765625,6242.91015625,5411.81005859375,16788.8203125,18089.849609375,1759.39404296875,,39227.0,12119.2001953125,5333.5
2006-10-24,1377.3800048828125,2344.840087890625,6182.5,6247.52001953125,5404.5400390625,16780.470703125,18153.41015625,1805.1810302734373,,39499.0,12195.5,5317.10009765625
2006-10-25,1382.219970703125,2356.590087890625,6214.60009765625,6264.919921875,5422.27978515625,16699.30078125,18157.939453125,1806.64599609375,,39563.0,12341.7001953125,5352.2998046875
2006-10-26,1389.0799560546875,2379.10009765625,6184.7998046875,6284.18994140625,5433.7900390625,16811.599609375,18353.740234375,1810.64599609375,,39645.0,12335.7001953125,5389.7001953125
2006-10-27,1377.3399658203125,2350.6201171875,6160.89990234375,6262.5400390625,5396.02978515625,16669.0703125,18297.55078125,1807.175048828125,,39328.0,12268.900390625,5358.5
2006-10-30,1377.9300537109375,2363.77001953125,6126.7998046875,6258.18994140625,5362.22998046875,16351.849609375,,1809.656005859375,,38900.0,12274.400390625,5399.39990234375
2006-10-31,1377.93994140625,2366.7099609375,6129.2001953125,6268.919921875,5348.72998046875,16399.390625,18324.349609375,1837.9930419921875,,39263.0,12344.599609375,5384.39990234375
2006-11-01,1367.81005859375,2334.35009765625,6149.60009765625,6291.89990234375,5370.85986328125,16375.259765625,18453.650390625,1855.7130126953125,,39930.0,12050.400390625,5416.39990234375
2006-11-02,1367.3399658203125,2334.02001953125,6149.2998046875,6223.330078125,5310.06982421875,16350.01953125,18714.779296875,1851.31396484375,,,12130.7001953125,
2006-11-03,1364.300048828125,2330.7900390625,6148.10009765625,6241.14990234375,5336.2998046875,,18749.689453125,1866.362060546875,,40435.0,12239.0,5432.0
2006-11-06,1379.780029296875,2365.949951171875,6224.5,6330.64990234375,5402.35986328125,16364.759765625,18936.55078125,1886.3070068359373,,41247.0,12333.2998046875,5444.10009765625
2006-11-07,1382.8399658203125,2375.8798828125,6244.0,6361.9599609375,5437.77978515625,16393.41015625,18939.310546875,1889.530029296875,,41048.0,12310.2001953125,5491.60009765625
2006-11-08,1385.719970703125,2384.93994140625,6239.0,6349.259765625,5437.16015625,16215.740234375,18811.240234375,1866.8170166015625,,41334.0,12378.2001953125,5459.2001953125
2006-11-09,1378.3299560546875,2376.010009765625,6231.5,6358.68017578125,5448.60009765625,16198.5703125,18952.859375,1896.4820556640625,,40815.0,12410.2001953125,5429.0
2006-11-10,1380.9000244140625,2389.719970703125,6208.39990234375,6357.77001953125,5447.5,16112.4296875,18891.140625,1883.3470458984373,,40720.0,12340.5,5436.7001953125
2006-11-13,1384.4200439453125,2406.3798828125,6194.2001953125,6393.72998046875,5490.56005859375,16022.490234375,18868.5390625,1863.7650146484373,,40606.0,12309.400390625,5418.39990234375
2006-11-14,1393.219970703125,2430.659912109375,6186.60009765625,6387.3798828125,5476.27978515625,16289.5498046875,18878.419921875,1888.239013671875,,41291.0,12279.599609375,5435.60009765625
2006-11-15,1396.5699462890625,2442.75,6229.7998046875,6430.89013671875,5511.52978515625,16243.4697265625,19093.0,1922.93505859375,,,12425.400390625,5429.89990234375
2006-11-16,1399.760009765625,2449.06005859375,6254.89990234375,6443.02001953125,5505.72021484375,16163.8701171875,19154.0703125,1941.5469970703125,,41162.0,12365.900390625,5392.60009765625
2006-11-17,1401.199951171875,2445.860107421875,6192.0,6412.35986328125,5439.7099609375,16091.73046875,19182.7109375,1971.79296875,,41029.0,12372.900390625,5419.7001953125
2006-11-20,1400.5,2452.719970703125,6204.5,6452.330078125,5454.740234375,15725.9404296875,18954.630859375,2017.279052734375,,,12416.599609375,5322.39990234375
2006-11-21,1402.81005859375,2454.840087890625,6202.60009765625,6460.39013671875,5459.35009765625,15734.1396484375,19008.30078125,2037.552001953125,,41570.0,12602.2998046875,5358.0
2006-11-22,1406.0899658203125,2465.97998046875,6160.2998046875,6476.1298828125,5452.490234375,15914.23046875,19250.7890625,2041.35498046875,,41913.0,12557.0,5445.7001953125
2006-11-23,,,6140.0,6475.25,5424.85986328125,,19265.3203125,2062.362060546875,,42070.0,12644.900390625,5466.89990234375
2006-11-24,1400.949951171875,2460.260009765625,6122.10009765625,6411.9599609375,5389.4599609375,15734.599609375,19260.30078125,2050.81201171875,,41758.0,12631.099609375,5453.60009765625
2006-11-27,1381.9599609375,2405.919921875,6050.10009765625,6298.169921875,5308.64990234375,15885.3798828125,19204.009765625,2047.2769775390625,,40915.0,12542.5,5452.2001953125
2006-11-28,1386.719970703125,2412.610107421875,6025.89990234375,6281.68017578125,5306.240234375,15855.259765625,18639.529296875,2038.720947265625,,41043.0,12530.900390625,5384.2998046875
2006-11-29,1399.47998046875,2432.22998046875,6084.39990234375,6363.7998046875,5381.25,16076.2001953125,18780.9296875,2054.091064453125,,41970.0,12668.2001953125,5452.60009765625
2006-11-30,1400.6300048828125,2431.77001953125,6048.89990234375,6309.18994140625,5327.64013671875,16274.330078125,18960.48046875,2099.2890625,,41932.0,12752.400390625,5482.10009765625
2006-12-01,1396.7099609375,2413.2099609375,6021.5,6241.1298828125,5254.0498046875,16321.7802734375,18690.8203125,2102.049072265625,,41327.0,12754.7998046875,5427.89990234375
2006-12-04,1409.1199951171875,2448.389892578125,6050.39990234375,6295.22998046875,5296.080078125,16303.58984375,18702.73046875,2161.64794921875,,42654.0,12848.7001953125,5424.89990234375
2006-12-05,1414.760009765625,2452.3798828125,6086.39990234375,6372.7998046875,5359.68994140625,16265.759765625,18944.189453125,2173.284912109375,,43157.0,12895.900390625,5426.5
2006-12-06,1412.9000244140625,2445.860107421875,6090.39990234375,6369.509765625,5350.6201171875,16371.2802734375,19026.359375,2156.60400390625,,43096.0,12889.7998046875,5466.7001953125
2006-12-07,1407.2900390625,2427.68994140625,6131.5,6413.02978515625,5379.2099609375,16473.359375,18842.990234375,2156.75,,42909.0,12915.7001953125,5465.2001953125
2006-12-08,1409.8399658203125,2437.360107421875,6152.39990234375,6427.41015625,5384.16015625,16417.8203125,18739.990234375,2093.637939453125,,42978.0,12899.599609375,5425.7998046875
2006-12-11,1413.0400390625,2442.860107421875,6159.7998046875,6469.419921875,5427.56005859375,16527.990234375,18924.66015625,2180.49609375,,43297.0,12878.2001953125,5469.7001953125
2006-12-12,1411.56005859375,2431.60009765625,6156.39990234375,6476.169921875,5426.81982421875,16637.779296875,18907.169921875,2218.950927734375,,43018.0,12858.5,5473.60009765625
2006-12-13,1413.2099609375,2432.409912109375,6192.5,6520.77001953125,5475.85009765625,16692.9296875,18718.189453125,2223.455078125,,43285.0,12910.2998046875,5488.2001953125
2006-12-14,1425.489990234375,2453.85009765625,6228.0,6552.580078125,5509.580078125,16829.19921875,18919.400390625,2249.110107421875,,43755.0,13021.7998046875,5573.10009765625
2006-12-15,1427.0899658203125,2457.199951171875,6260.0,6588.830078125,5541.6201171875,16914.310546875,19110.650390625,2273.907958984375,,43596.0,12866.2998046875,5575.39990234375
2006-12-18,1422.47998046875,2435.570068359375,6247.39990234375,6597.25,5530.31982421875,16962.109375,19192.91015625,2332.43408203125,,43509.0,12785.2001953125,5591.5
2006-12-19,1425.550048828125,2429.550048828125,6204.0,6553.509765625,5484.759765625,16776.880859375,18964.55078125,2364.177001953125,,43590.0,12781.5,5559.7001953125
2006-12-20,1423.530029296875,2427.610107421875,6198.60009765625,6586.91015625,5514.419921875,17011.0390625,19240.119140625,2373.205078125,,43502.0,12783.0,5607.7998046875
2006-12-21,1418.300048828125,2415.85009765625,6183.7001953125,6573.9599609375,5510.39013671875,17047.830078125,19222.83984375,2342.93798828125,,43385.0,12737.2001953125,5583.5
2006-12-22,1410.760009765625,2401.179931640625,6190.0,6503.1298828125,5453.93994140625,17104.9609375,19320.51953125,2343.66796875,,43356.0,12718.2001953125,5603.7001953125
2006-12-25,,,,,,17092.890625,,2435.761962890625,,,,
2006-12-26,1416.9000244140625,2413.510009765625,,,,17169.189453125,,2479.73193359375,,43603.0,,
2006-12-27,1426.8399658203125,2431.219970703125,6245.2001953125,6608.85986328125,5540.009765625,17223.150390625,19725.73046875,2536.386962890625,,44526.0,12852.599609375,5643.2001953125
2006-12-28,1424.72998046875,2425.570068359375,6241.0,6611.81005859375,5533.35986328125,17224.810546875,20001.91015625,2567.593994140625,,44474.0,12909.5,5660.5
2006-12-29,1418.300048828125,2415.2900390625,6220.7998046875,6596.919921875,5541.759765625,17225.830078125,19964.720703125,2675.47412109375,,,12908.400390625,5669.89990234375
2007-01-02,,,6310.89990234375,6681.1298828125,5617.7099609375,,20310.1796875,,,45383.0,12923.7001953125,5670.2001953125
2007-01-03,1416.5999755859375,2423.159912109375,6319.0,6691.31982421875,5610.919921875,,20413.390625,,,44445.0,12701.400390625,5649.39990234375
2007-01-04,1418.3399658203125,2453.429931640625,6287.0,6674.39990234375,5574.56005859375,17353.669921875,20025.580078125,2715.718994140625,,44020.0,12553.599609375,5584.7998046875
2007-01-05,1409.7099609375,2434.25,6220.10009765625,6593.08984375,5517.35009765625,17091.58984375,20211.279296875,2641.333984375,,42245.0,12478.0,5572.0
2007-01-08,1412.8399658203125,2438.199951171875,6194.2001953125,6607.58984375,5518.58984375,,20029.66015625,2707.198974609375,,42830.0,12553.099609375,5502.0
2007-01-09,1412.1099853515625,2443.830078125,6196.10009765625,6614.3701171875,5533.02978515625,17237.76953125,19898.080078125,2807.803955078125,,42007.0,12468.0,5589.7001953125
2007-01-10,1414.8499755859375,2459.330078125,6160.7001953125,6566.56005859375,5501.9501953125,16942.400390625,19568.33984375,2825.575927734375,,42336.0,12457.599609375,5520.89990234375
2007-01-11,1423.8199462890625,2484.85009765625,6230.10009765625,6687.2998046875,5609.7998046875,16838.169921875,19385.369140625,2770.110107421875,,42670.0,12519.900390625,5564.89990234375
2007-01-12,1430.72998046875,2502.820068359375,6239.0,6705.169921875,5617.6201171875,17057.009765625,19613.41015625,2668.110107421875,,43095.0,12678.7998046875,5638.7998046875
2007-01-15,,,6263.5,6731.740234375,5631.080078125,17209.919921875,20068.560546875,2794.700927734375,,42919.0,12755.400390625,5673.7998046875
2007-01-16,1431.9000244140625,2497.780029296875,6215.7001953125,6716.81982421875,5591.5400390625,17202.4609375,20027.94921875,2821.01708984375,,42624.0,12720.2998046875,5673.39990234375
2007-01-17,1430.6199951171875,2479.419921875,6204.5,6701.7001953125,5561.77978515625,17261.349609375,20064.5703125,2778.89990234375,,42735.0,12730.400390625,5646.10009765625
2007-01-18,1426.3699951171875,2443.2099609375,6210.2998046875,6689.6201171875,5555.0400390625,17370.9296875,20277.509765625,2756.98291015625,,42478.0,12640.7001953125,5672.39990234375
2007-01-19,1430.5,2451.31005859375,6237.2001953125,6747.169921875,5614.7001953125,17310.439453125,20327.720703125,2832.20703125,,43428.0,12719.0,5673.10009765625
2007-01-22,1422.949951171875,2431.070068359375,6218.39990234375,6687.31005859375,5579.77978515625,17424.1796875,20772.220703125,2933.18994140625,,43553.0,12705.7998046875,5726.60009765625
2007-01-23,1427.989990234375,2431.409912109375,6227.60009765625,6678.93017578125,5575.06982421875,17408.5703125,20769.69921875,2949.14404296875,,44177.0,12910.900390625,5735.0
2007-01-24,1440.1300048828125,2466.280029296875,6314.7998046875,6748.3701171875,5638.080078125,17507.400390625,20821.05078125,2975.12890625,,44687.0,13010.7001953125,5768.7998046875
2007-01-25,1423.9000244140625,2434.239990234375,6269.2998046875,6719.580078125,5609.2001953125,17458.30078125,20669.830078125,2857.364990234375,,,12927.2998046875,5769.89990234375
2007-01-26,1422.1800537109375,2435.489990234375,6228.0,6690.33984375,5582.2998046875,17421.9296875,20281.130859375,2882.55810546875,,44412.0,12979.2998046875,
2007-01-29,1420.6199951171875,2441.090087890625,6239.89990234375,6726.009765625,5619.7001953125,17470.4609375,20236.6796875,2945.262939453125,,43573.0,12946.0,5760.39990234375
2007-01-30,1428.8199462890625,2448.639892578125,6242.0,6788.22998046875,5645.58984375,17490.189453125,20460.4609375,2930.56201171875,,44044.0,13014.599609375,5812.5
2007-01-31,1438.239990234375,2463.929931640625,6203.10009765625,6789.10986328125,5608.31005859375,17383.419921875,20106.419921875,2786.3349609375,,44642.0,13034.099609375,5773.39990234375
2007-02-01,1445.93994140625,2468.3798828125,6282.2001953125,6851.27978515625,5662.25,17519.5,20430.16015625,2785.431884765625,,44815.0,13144.7001953125,5814.10009765625
2007-02-02,1448.3900146484375,2475.8798828125,6310.89990234375,6885.759765625,5677.2998046875,17547.109375,20563.6796875,2673.2119140625,,44998.0,13111.599609375,5831.5
2007-02-05,1446.989990234375,2470.60009765625,6317.89990234375,6874.06005859375,5681.10986328125,17344.80078125,20455.619140625,2612.537109375,,45286.0,13166.7001953125,5822.10009765625
2007-02-06,1448.0,2471.489990234375,6346.2998046875,6875.7001953125,5676.77978515625,17406.859375,20655.19921875,2675.697021484375,,45352.0,13183.2998046875,5870.5
2007-02-07,1450.02001953125,2490.5,6369.5,6915.56005859375,5703.0,17292.3203125,20679.689453125,2716.175048828125,,44588.0,13142.2998046875,5899.7998046875
2007-02-08,1448.31005859375,2488.669921875,6346.39990234375,6876.72998046875,5665.10009765625,17292.48046875,20735.05078125,2737.73193359375,,44892.0,13184.2998046875,5899.5
2007-02-09,1438.06005859375,2459.820068359375,6382.7998046875,6911.10986328125,5692.4501953125,17504.330078125,20677.66015625,2730.385986328125,,44284.0,13084.0,5927.2001953125
2007-02-12,1433.3699951171875,2450.3798828125,6353.5,6859.4501953125,5643.9501953125,,20593.41015625,2807.174072265625,,43935.0,13040.5,5924.10009765625
2007-02-13,1444.260009765625,2459.8798828125,6381.7998046875,6895.33984375,5682.68994140625,17621.44921875,20132.25,2831.8720703125,,45197.0,13171.7998046875,5936.60009765625
2007-02-14,1455.300048828125,2488.3798828125,6421.2001953125,6961.18017578125,5725.83984375,17752.640625,20209.91015625,2905.093017578125,,45996.0,13204.5,5960.5
2007-02-15,1456.81005859375,2497.10009765625,6433.2998046875,6958.6201171875,5720.8798828125,17897.23046875,20538.419921875,2993.008056640625,,45955.0,13288.2001953125,5992.7998046875
2007-02-16,1455.5400390625,2496.31005859375,6419.5,6957.06982421875,5713.58984375,17875.650390625,20567.91015625,2998.47412109375,,45849.0,13312.0,5953.7001953125
2007-02-19,,,6444.39990234375,6987.080078125,5739.89990234375,17940.08984375,,,,,13291.5,5990.10009765625
2007-02-20,1459.6800537109375,2513.0400390625,6412.2998046875,6982.91015625,5713.4501953125,17939.119140625,,,,,13319.7001953125,5989.7001953125
2007-02-21,1457.6300048828125,2518.419921875,6357.10009765625,6941.66015625,5694.56005859375,17913.2109375,20651.419921875,,,46090.0,13330.2998046875,5951.7998046875
2007-02-22,1456.3800048828125,2524.93994140625,6380.89990234375,6973.72998046875,5707.85986328125,18108.7890625,20809.23046875,,,46452.0,13318.0,6017.10009765625
2007-02-23,1451.18994140625,2515.10009765625,6401.5,6992.580078125,5716.3798828125,18188.419921875,20711.650390625,,,46016.0,13343.5,6036.10009765625
2007-02-26,1449.3699951171875,2504.52001953125,6434.7001953125,7027.58984375,5762.5400390625,18215.349609375,20507.94921875,3040.59912109375,,46207.0,13404.5,6044.0
2007-02-27,1399.0400390625,2407.860107421875,6286.10009765625,6819.64990234375,5588.39013671875,18119.919921875,20147.869140625,2771.791015625,,43145.0,13040.099609375,5993.7998046875
2007-02-28,1406.8199462890625,2416.14990234375,6171.5,6715.43994140625,5516.31982421875,17604.119140625,19651.509765625,2881.072998046875,,43892.0,13045.0,5832.5
2007-03-01,1403.1700439453125,2404.2099609375,6116.0,6640.240234375,5458.39990234375,17453.509765625,19346.599609375,2797.18994140625,,43517.0,12981.099609375,5810.2001953125
2007-03-02,1387.1700439453125,2368.0,6116.2001953125,6603.31982421875,5424.7001953125,17217.9296875,19442.009765625,2831.52587890625,,42370.0,12863.2998046875,5786.0
2007-03-05,1374.1199951171875,2340.679931640625,6058.7001953125,6534.56982421875,5385.02978515625,16642.25,18664.880859375,2785.305908203125,,41179.0,12711.2998046875,5653.60009765625
2007-03-06,1395.4100341796875,2385.139892578125,6138.5,6595.0,5437.1298828125,16844.5,19058.560546875,2840.175048828125,,43218.0,12868.2001953125,5771.7998046875
2007-03-07,1391.969970703125,2374.639892578125,6156.5,6617.75,5455.06982421875,16764.619140625,18918.640625,2896.593994140625,,42667.0,12989.599609375,5825.2998046875
2007-03-08,1401.8900146484375,2387.72998046875,6227.7001953125,6713.22998046875,5524.259765625,17090.310546875,19175.169921875,2928.014892578125,,43466.0,13051.0,5822.2998046875
2007-03-09,1402.8399658203125,2387.550048828125,6245.2001953125,6716.52001953125,5537.83984375,17164.0390625,19134.880859375,2937.909912109375,,44133.0,13057.400390625,5830.2001953125
2007-03-12,1406.5999755859375,2402.2900390625,6233.2998046875,6715.490234375,5496.06982421875,17292.390625,19442.419921875,2954.9140625,,44249.0,13065.2001953125,5891.0
2007-03-13,1377.949951171875,2350.570068359375,6161.2001953125,6623.990234375,5432.93994140625,17178.83984375,19333.140625,2964.7939453125,,42749.0,12809.599609375,5865.0
2007-03-14,1387.1700439453125,2371.739990234375,6000.7001953125,6447.7001953125,5296.22021484375,16676.890625,18836.9296875,2906.333984375,,43288.0,12808.7001953125,5741.89990234375
2007-03-15,1392.280029296875,2378.699951171875,6133.2001953125,6585.47021484375,5389.85009765625,16860.390625,18969.439453125,2951.697998046875,,43278.0,12874.2998046875,5853.0
2007-03-16,1386.949951171875,2372.659912109375,6130.60009765625,6579.8701171875,5382.16015625,16744.150390625,18953.5,2930.48095703125,,42730.0,12829.7001953125,5836.2998046875
2007-03-19,1402.06005859375,2394.409912109375,6189.39990234375,6671.41015625,5458.9501953125,17009.55078125,19266.740234375,3014.44189453125,,43713.0,13011.7001953125,5859.7001953125
2007-03-20,1410.93994140625,2408.2099609375,6220.2998046875,6700.2900390625,5503.27001953125,17163.19921875,19356.900390625,3032.195068359375,,44351.0,12977.400390625,5876.60009765625
2007-03-21,1435.0400390625,2455.919921875,6256.7998046875,6712.06005859375,5502.18017578125,,19516.41015625,3057.3798828125,,45631.0,13155.599609375,5861.89990234375
2007-03-22,1434.5400390625,2451.739990234375,6318.0,6856.9599609375,5598.3701171875,17419.19921875,19690.25,3071.22509765625,,45424.0,13139.599609375,5955.7001953125
2007-03-23,1436.1099853515625,2448.929931640625,6339.39990234375,6899.06005859375,5634.75,17480.609375,19692.640625,3074.285888671875,,45533.0,13237.7001953125,5952.2998046875
2007-03-26,1437.5,2455.6298828125,6291.89990234375,6828.81982421875,5576.2998046875,17521.9609375,19765.849609375,3122.81103515625,,45645.0,13302.900390625,5990.7001953125
2007-03-27,1428.6099853515625,2437.429931640625,6292.60009765625,6858.33984375,5587.06005859375,17365.05078125,19706.7890625,3138.825927734375,,45207.0,13218.7998046875,5964.2001953125
2007-03-28,1417.22998046875,2417.10009765625,6267.2001953125,6816.89013671875,5552.68994140625,17254.73046875,19553.869140625,3173.01806640625,,44484.0,13197.2001953125,5923.2001953125
2007-03-29,1422.530029296875,2417.8798828125,6324.2001953125,6897.080078125,5631.52978515625,17263.939453125,19821.779296875,3197.537109375,,45355.0,13258.0,5960.89990234375
2007-03-30,1420.8599853515625,2421.639892578125,6308.0,6917.02978515625,5634.16015625,17287.650390625,19800.9296875,3183.98291015625,,45805.0,13165.5,5995.0
2007-04-02,1424.550048828125,2422.260009765625,6315.5,6937.169921875,5645.56005859375,17028.41015625,19809.69921875,3252.594970703125,,45597.0,13265.7998046875,5915.7998046875
2007-04-03,1437.77001953125,2450.330078125,6366.10009765625,7045.56005859375,5711.91015625,17244.05078125,20002.69921875,3291.299072265625,,46288.0,13361.2001953125,6013.39990234375
2007-04-04,1439.3699951171875,2458.68994140625,6364.7001953125,7073.91015625,5739.009765625,17544.08984375,20209.7109375,3291.5419921875,,46554.0,13448.2998046875,6097.2001953125
2007-04-05,1443.760009765625,2471.340087890625,6397.2998046875,7099.91015625,5741.3798828125,17491.419921875,,3319.139892578125,,46647.0,13425.0,6077.10009765625
2007-04-06,,,,,,17484.779296875,,3323.5849609375,,,,
2007-04-09,1444.6099853515625,2469.179931640625,,,,17743.759765625,,3398.949951171875,,46855.0,13482.2998046875,
2007-04-10,1448.3900146484375,2477.610107421875,6417.7998046875,7166.669921875,5766.27001953125,17664.689453125,20347.869140625,3444.291015625,,47174.0,13431.2998046875,6153.0
2007-04-11,1438.8699951171875,2459.31005859375,6413.2998046875,7152.830078125,5751.919921875,17670.0703125,20449.4296875,3495.22412109375,,46939.0,13401.0,6151.39990234375
2007-04-12,1447.800048828125,2480.320068359375,6416.39990234375,7142.9501953125,5748.93994140625,17540.419921875,20380.2109375,3531.029052734375,,47347.0,13499.7001953125,6158.2001953125
2007-04-13,1452.8499755859375,2491.93994140625,6462.39990234375,7212.06982421875,5789.33984375,17363.94921875,20340.970703125,3518.26708984375,,47926.0,13578.599609375,6135.7998046875
2007-04-16,1468.3299560546875,2518.330078125,6516.2001953125,7338.06005859375,5861.97021484375,17628.30078125,20757.529296875,3596.44091796875,,48921.0,13660.0,6197.7001953125
2007-04-17,1471.47998046875,2516.949951171875,6497.7998046875,7348.830078125,5858.14013671875,17527.44921875,20788.609375,3611.8701171875,,48755.0,13658.0,6186.5
2007-04-18,1472.5,2510.5,6449.39990234375,7282.33984375,5835.9501953125,17667.330078125,20777.08984375,3612.39599609375,,48710.0,13712.0,6236.89990234375
2007-04-19,1470.72998046875,2505.35009765625,6440.60009765625,7242.72998046875,5829.0400390625,17371.970703125,20299.7109375,3449.01611328125,,48762.0,13574.7001953125,6165.10009765625
2007-04-20,1484.3499755859375,2526.389892578125,6486.7998046875,7342.5400390625,5938.89990234375,17452.619140625,20566.58984375,3584.2041015625,,49408.0,13664.7001953125,6207.5
2007-04-23,1480.9300537109375,2523.669921875,6479.7001953125,7335.6201171875,5917.31982421875,17455.369140625,20556.5703125,3710.885986328125,,49162.0,13629.0,6209.10009765625
2007-04-24,1480.4100341796875,2524.5400390625,6429.5,7270.31982421875,5886.02978515625,17451.76953125,20572.80078125,3720.531982421875,,49071.0,13590.2998046875,6188.2001953125
2007-04-25,1495.4200439453125,2547.889892578125,6462.0,7343.080078125,5947.330078125,17236.16015625,20536.779296875,3743.958984375,,49676.0,13672.900390625,
2007-04-26,1494.25,2554.4599609375,6469.39990234375,7387.02001953125,5944.43994140625,17429.169921875,20667.2890625,3783.06298828125,,49068.0,13597.5,6212.2001953125
2007-04-27,1494.0699462890625,2557.2099609375,6418.7001953125,7378.1201171875,5930.77001953125,17400.41015625,20526.5,3759.866943359375,,49230.0,13632.0,6151.60009765625
2007-04-30,1482.3699951171875,2525.090087890625,6449.2001953125,7408.8701171875,5960.0400390625,,20318.98046875,3841.27197265625,,48956.0,13416.7001953125,6166.0
2007-05-01,1486.300048828125,2531.530029296875,6419.60009765625,,,17274.98046875,,,,,13406.2998046875,6145.7998046875
2007-05-02,1495.9200439453125,2557.840087890625,6484.5,7455.93017578125,5990.1298828125,17394.919921875,20388.490234375,,,49472.0,13578.7001953125,6237.7001953125
2007-05-03,1502.3900146484375,2565.4599609375,6537.7998046875,7476.68994140625,6004.27978515625,,20681.580078125,,,50218.0,13687.0,6245.60009765625
2007-05-04,1505.6199951171875,2572.14990234375,6603.7001953125,7516.759765625,6068.830078125,,20841.080078125,,,50598.0,13769.900390625,6304.89990234375
2007-05-07,1509.47998046875,2570.949951171875,,7525.68994140625,6071.47998046875,17669.830078125,20896.640625,,,50282.0,13865.5,6335.7001953125
2007-05-08,1507.719970703125,2571.75,6550.39990234375,7442.2001953125,6034.25,17656.83984375,20706.349609375,3950.010986328125,,50278.0,13915.400390625,6304.39990234375
2007-05-09,1512.5799560546875,2576.340087890625,6549.60009765625,7475.990234375,6051.6298828125,17748.119140625,20844.779296875,4013.0849609375,,51300.0,13895.2001953125,6341.0
2007-05-10,1491.469970703125,2533.739990234375,6524.10009765625,7415.330078125,6012.759765625,17736.9609375,20746.26953125,4049.700927734375,,50235.0,13853.099609375,6355.5
2007-05-11,1505.8499755859375,2562.219970703125,6565.7001953125,7479.33984375,6050.6298828125,17553.720703125,20468.2109375,4021.677978515625,,50902.0,14003.7998046875,6297.39990234375
2007-05-14,1503.1500244140625,2546.43994140625,6555.5,7459.60986328125,6026.419921875,17677.939453125,20979.240234375,4046.39208984375,,50511.0,13903.2998046875,6345.10009765625
2007-05-15,1501.18994140625,2525.2900390625,6568.7001953125,7505.35009765625,6049.759765625,17512.98046875,20868.150390625,3899.177978515625,,50518.0,13934.599609375,6291.2001953125
2007-05-16,1514.1400146484375,2547.419921875,6559.5,7481.25,6017.91015625,17529.0,20937.259765625,3986.04296875,,51738.0,14025.0,6294.60009765625
2007-05-17,1512.75,2539.3798828125,6579.2998046875,7499.5,6027.0,17498.599609375,20994.609375,4048.29296875,,51631.0,14100.7001953125,6365.89990234375
2007-05-18,1522.75,2558.449951171875,6640.89990234375,7607.5400390625,6101.14013671875,17399.580078125,20904.83984375,4030.258056640625,,52078.0,14105.2998046875,6312.5
2007-05-21,1525.0999755859375,2578.7900390625,6636.7998046875,7619.31005859375,6089.91015625,17556.869140625,20927.75,4072.22509765625,,52423.0,,6369.0
2007-05-22,1524.1199951171875,2588.02001953125,6606.60009765625,7659.39013671875,6089.72021484375,17680.05078125,20843.919921875,4110.37890625,,52208.0,14112.2001953125,6338.7998046875
2007-05-23,1522.280029296875,2577.050048828125,6616.39990234375,7735.8798828125,6120.2001953125,17705.119140625,20798.970703125,4173.708984375,,51813.0,14142.5,6355.10009765625
2007-05-24,1507.510009765625,2537.919921875,6565.5,7697.3798828125,6048.31005859375,17696.970703125,,4151.1328125,,50531.0,13946.2998046875,6279.10009765625
2007-05-25,1515.72998046875,2557.18994140625,6570.60009765625,7739.2001953125,6057.490234375,17481.2109375,20520.66015625,4179.77587890625,,51618.0,14024.099609375,6252.7998046875
2007-05-28,,,,,6071.47021484375,17587.58984375,20529.759765625,4272.11083984375,,52120.0,14073.7001953125,6251.39990234375
2007-05-29,1518.1099853515625,2572.06005859375,6606.5,7781.0400390625,6056.39013671875,17672.560546875,20469.58984375,4334.923828125,,51713.0,13962.7001953125,6317.60009765625
2007-05-30,1530.22998046875,2592.590087890625,6602.10009765625,7764.97021484375,6042.14990234375,17588.259765625,20293.759765625,4053.087890625,,52528.0,14081.7001953125,6243.39990234375
2007-05-31,1530.6199951171875,2604.52001953125,6621.5,7883.0400390625,6104.0,17875.75,20634.470703125,4109.65380859375,,52268.0,14056.7998046875,6313.5
2007-06-01,1536.3399658203125,2613.919921875,6676.7001953125,7987.85009765625,6168.14990234375,17958.880859375,20602.869140625,4000.741943359375,,53423.0,14119.400390625,6333.5
2007-06-04,1539.1800537109375,2618.2900390625,6664.10009765625,7976.7900390625,6125.81005859375,17973.419921875,20729.58984375,3670.40087890625,,53243.0,14146.7001953125,6392.89990234375
2007-06-05,1530.949951171875,2611.22998046875,6632.7998046875,7919.830078125,6078.5400390625,18053.810546875,20842.150390625,3767.10107421875,,53162.0,14141.7001953125,6370.7998046875
2007-06-06,1517.3800048828125,2587.179931640625,6522.7001953125,7730.0498046875,5977.8701171875,18040.9296875,20818.609375,3776.31689453125,,52049.0,13941.599609375,6337.10009765625
2007-06-07,1490.719970703125,2541.3798828125,6505.10009765625,7618.60986328125,5890.490234375,18053.380859375,20800.16015625,3890.802978515625,,,13703.900390625,6311.10009765625
2007-06-08,1507.6700439453125,2573.5400390625,6505.10009765625,7590.5,5883.2900390625,17779.08984375,20509.150390625,3913.135009765625,,52330.0,13798.5,6231.7001953125
2007-06-11,1509.1199951171875,2572.14990234375,6567.5,7706.10009765625,5940.08984375,17834.48046875,20615.490234375,3995.679931640625,,52777.0,13832.7998046875,
2007-06-12,1493.0,2549.77001953125,6520.5,7678.259765625,5898.16015625,17760.91015625,20636.390625,4072.137939453125,,51797.0,13724.2998046875,6240.10009765625
2007-06-13,1515.6700439453125,2582.31005859375,6559.60009765625,7680.759765625,5934.27001953125,17732.76953125,20578.75,4176.47900390625,,52994.0,13859.5,6180.7001953125
2007-06-14,1522.969970703125,2599.409912109375,6649.89990234375,7849.16015625,6047.22998046875,17842.2890625,20867.259765625,4115.208984375,,53713.0,14002.0,6261.2001953125
2007-06-15,1532.9100341796875,2626.7099609375,6732.39990234375,8030.64013671875,6105.27978515625,17971.490234375,21017.05078125,4132.8681640625,,54519.0,14137.400390625,6293.7998046875
2007-06-18,1531.050048828125,2626.60009765625,6703.5,8036.1201171875,6087.14990234375,18149.51953125,21582.890625,4253.34814453125,,54730.0,14176.400390625,6343.39990234375
2007-06-19,1533.699951171875,2626.760009765625,6650.2001953125,8033.52001953125,6071.669921875,18163.609375,,4269.52392578125,,54644.0,14119.5,6372.0
2007-06-20,1512.8399658203125,2599.9599609375,6649.2998046875,8090.490234375,6093.2900390625,18211.6796875,21684.669921875,4181.3232421875,,54029.0,13978.2001953125,6396.89990234375
2007-06-21,1522.18994140625,2616.9599609375,6596.0,7964.7099609375,6029.7900390625,18240.30078125,21954.669921875,4230.8232421875,,54657.0,14095.7001953125,6387.0
2007-06-22,1502.56005859375,2588.9599609375,6567.39990234375,7949.6298828125,6023.25,18188.630859375,21999.91015625,4091.445068359375,,54267.0,13986.0,6382.60009765625
2007-06-25,1497.739990234375,2577.080078125,6588.39990234375,7930.60986328125,6002.85009765625,18087.48046875,21822.349609375,3941.0810546875,,54042.0,13841.900390625,6329.7998046875
2007-06-26,1492.8900146484375,2574.159912109375,6559.2998046875,7860.52001953125,5953.35986328125,18066.109375,21803.5703125,3973.37109375,,53852.0,13663.900390625,6308.60009765625
2007-06-27,1506.3399658203125,2605.35009765625,6527.60009765625,7801.22998046875,5941.669921875,17849.279296875,21705.560546875,4078.59912109375,,54143.0,13741.900390625,6184.2001953125
2007-06-28,1505.7099609375,2608.3701171875,6571.2998046875,7921.35986328125,6006.31005859375,17932.26953125,21938.220703125,3914.2041015625,,54147.0,13715.7001953125,6265.60009765625
2007-06-29,1503.3499755859375,2603.22998046875,6607.89990234375,8007.31982421875,6054.93017578125,18138.359375,21772.73046875,3820.702880859375,,54392.0,13906.599609375,6274.89990234375
2007-07-02,1519.4300537109375,2632.300048828125,6590.60009765625,7958.240234375,6026.9501953125,18146.30078125,,3836.2939453125,,55371.0,,6263.2998046875
2007-07-03,1524.8699951171875,2644.949951171875,6639.7998046875,8050.68017578125,6069.83984375,18149.900390625,22151.140625,3899.72412109375,,55700.0,14064.7001953125,6299.0
2007-07-04,,,6673.10009765625,8075.259765625,6098.080078125,18168.720703125,22218.55078125,3816.1650390625,,55696.0,14060.400390625,6298.60009765625
2007-07-05,1525.4000244140625,2656.64990234375,6635.2001953125,7987.1298828125,6059.52978515625,18221.48046875,22252.990234375,3615.8720703125,,55932.0,14079.400390625,6362.2998046875
2007-07-06,1530.43994140625,2666.510009765625,6690.10009765625,8048.31982421875,6102.68994140625,18140.939453125,22531.740234375,3781.347900390625,,56444.0,14118.7001953125,6351.10009765625
2007-07-09,1531.8499755859375,2670.02001953125,6712.7001953125,8077.39013671875,6104.66015625,18261.98046875,22817.4296875,3883.216064453125,,,14177.5,6400.60009765625
2007-07-10,1510.1199951171875,2639.159912109375,6630.89990234375,7964.759765625,6019.22021484375,18252.669921875,22885.83984375,3853.02099609375,,55883.0,14131.900390625,6361.5
2007-07-11,1518.760009765625,2651.7900390625,6615.10009765625,7898.5400390625,6001.08984375,18049.509765625,22607.01953125,3865.722900390625,,56356.0,14166.099609375,6325.10009765625
2007-07-12,1547.699951171875,2701.72998046875,6697.7001953125,8053.43017578125,6103.0498046875,17984.140625,22809.01953125,3915.990966796875,,57613.0,14356.0,6363.39990234375
2007-07-13,1552.5,2707.0,6716.7001953125,8092.77001953125,6117.9599609375,18238.94921875,23099.2890625,3914.39501953125,,57644.0,14496.5,6389.39990234375
2007-07-16,1549.52001953125,2697.330078125,6697.7001953125,8105.68994140625,6125.60009765625,,22953.939453125,3821.916015625,,57374.0,14338.2998046875,6380.7998046875
2007-07-17,1549.3699951171875,2712.2900390625,6659.2001953125,8038.2099609375,6099.2099609375,18217.26953125,23057.30078125,3896.19091796875,,57660.0,14382.0,6381.60009765625
2007-07-18,1546.1700439453125,2699.489990234375,6567.10009765625,7893.60986328125,5995.97021484375,18015.580078125,22841.919921875,3930.06005859375,,57556.0,14583.7001953125,6329.10009765625
2007-07-19,1553.0799560546875,2720.0400390625,6640.2001953125,7991.2099609375,6065.5,18116.5703125,23016.19921875,3912.94091796875,,58125.0,14625.7998046875,6384.2001953125
2007-07-20,1534.0999755859375,2687.60009765625,6585.2001953125,7874.85009765625,5957.16015625,18157.9296875,23291.900390625,4058.85302734375,,57443.0,14582.900390625,6421.7998046875
2007-07-23,1541.5699462890625,2690.580078125,6624.39990234375,7944.2099609375,6009.16015625,17963.640625,23365.560546875,4213.36083984375,,58037.0,14468.2998046875,6390.39990234375
2007-07-24,1511.0400390625,2639.860107421875,6498.7001953125,7806.7900390625,5907.47021484375,18002.029296875,23472.880859375,4210.3291015625,,55795.0,14068.2001953125,6422.2998046875
2007-07-25,1518.0899658203125,2648.169921875,6454.2998046875,7692.5498046875,5837.10986328125,17858.419921875,23362.1796875,4323.9658203125,,56001.0,14105.2998046875,6340.5
2007-07-26,1482.6600341796875,2599.340087890625,6251.2001953125,7508.9599609375,5675.0498046875,17702.08984375,23211.689453125,4346.4580078125,,53893.0,13844.599609375,6258.5
2007-07-27,1458.949951171875,2562.239990234375,6215.2001953125,7451.68017578125,5643.9599609375,17283.810546875,22570.41015625,4345.35693359375,,52922.0,13748.5,6082.89990234375
2007-07-30,1473.9100341796875,2583.280029296875,6206.10009765625,7456.31005859375,5646.35986328125,17289.30078125,22739.900390625,4440.76904296875,,54573.0,13864.7001953125,6108.7998046875
2007-07-31,1455.27001953125,2546.27001953125,6360.10009765625,7584.14013671875,5751.080078125,17248.890625,23184.939453125,4471.0322265625,,54183.0,13868.599609375,6144.2001953125
2007-08-01,1465.81005859375,2553.8701171875,6250.60009765625,7473.93017578125,5654.2998046875,16870.98046875,22455.359375,4300.56298828125,,54234.0,13654.7001953125,5941.2001953125
2007-08-02,1472.199951171875,2575.97998046875,6300.2998046875,7534.1298828125,5682.06982421875,16984.109375,22443.25,4407.72998046875,,54691.0,13813.599609375,6011.7998046875
2007-08-03,1433.06005859375,2511.25,6224.2998046875,7435.669921875,5597.89013671875,16979.859375,22538.439453125,4560.77392578125,,52846.0,13565.2001953125,6021.0
2007-08-06,1467.6700439453125,2547.330078125,6189.10009765625,7444.4501953125,5532.990234375,16914.4609375,21936.73046875,4628.10791015625,,53091.0,,5920.2001953125
2007-08-07,1476.7099609375,2561.60009765625,6308.7998046875,7513.66015625,5620.39990234375,16921.76953125,21907.990234375,4651.22509765625,,53802.0,13560.599609375,5985.0
2007-08-08,1497.489990234375,2612.97998046875,6393.89990234375,7605.93994140625,5749.2900390625,17029.279296875,22536.669921875,4663.162109375,,55241.0,13758.2001953125,6100.7998046875
2007-08-09,1453.0899658203125,2556.489990234375,6271.2001953125,7453.58984375,5624.77978515625,17170.599609375,22439.359375,4754.09521484375,,53431.0,13478.0,6165.60009765625
2007-08-10,1453.6400146484375,2544.889892578125,6038.2998046875,7343.259765625,5448.6298828125,16764.08984375,21792.7109375,4749.369140625,,52638.0,13466.2998046875,5936.0
2007-08-13,1452.9200439453125,2542.239990234375,6219.0,7474.330078125,5569.27978515625,16800.05078125,21891.099609375,4820.06396484375,,52434.0,13427.5,6011.60009765625
2007-08-14,1426.5400390625,2499.1201171875,6143.5,7425.06982421875,5478.66015625,16844.609375,22007.3203125,4872.78515625,,50912.0,13242.599609375,5964.7998046875
2007-08-15,1406.699951171875,2458.830078125,6109.2998046875,7445.89990234375,5442.72021484375,16475.609375,21375.720703125,4869.8828125,,49285.0,13048.7998046875,5788.0
2007-08-16,1411.27001953125,2451.070068359375,5858.89990234375,7270.06982421875,5265.47021484375,16148.490234375,20672.390625,4765.4482421875,,48016.0,12848.7001953125,5711.5
2007-08-17,1445.93994140625,2505.030029296875,6064.2001953125,7378.2900390625,5363.6298828125,15273.6796875,20387.130859375,4656.57421875,,48559.0,13049.599609375,5671.0
2007-08-20,1445.550048828125,2508.590087890625,6078.7001953125,7407.52978515625,5399.3798828125,15732.48046875,21595.630859375,4904.85498046875,,49206.0,13110.2998046875,5932.60009765625
2007-08-21,1447.1199951171875,2521.300048828125,6086.10009765625,7424.75,5418.77978515625,15901.33984375,21729.349609375,4955.20703125,,49815.0,13238.7001953125,5989.39990234375
2007-08-22,1464.0699462890625,2552.800048828125,6196.0,7500.47998046875,5518.169921875,15900.6396484375,22346.880859375,4980.0751953125,,51745.0,13463.099609375,6005.0
2007-08-23,1462.5,2541.699951171875,6196.89990234375,7511.9599609375,5523.330078125,16316.3203125,22966.970703125,5032.494140625,,51848.0,13451.099609375,6159.7001953125
2007-08-24,1479.3699951171875,2576.68994140625,6220.10009765625,7507.27001953125,5569.3798828125,16248.9697265625,22921.890625,5107.66796875,,52998.0,13520.2998046875,6088.5
2007-08-27,1466.7900390625,2561.25,,7485.990234375,5590.5400390625,16301.3896484375,23577.73046875,5150.1181640625,,53078.0,13487.400390625,6185.2001953125
2007-08-28,1432.3599853515625,2500.639892578125,6102.2001953125,7430.240234375,5474.169921875,16287.490234375,23363.759765625,5194.68896484375,,51645.0,13264.900390625,6176.2998046875
2007-08-29,1463.760009765625,2563.159912109375,6132.2001953125,7439.18017578125,5520.02001953125,16012.830078125,23020.599609375,5109.4267578125,,52735.0,13490.099609375,6100.2998046875
2007-08-30,1457.6400146484375,2565.300048828125,6212.0,7519.93994140625,5592.52978515625,16153.8203125,23484.5390625,5167.8837890625,,52858.0,13444.599609375,6135.0
2007-08-31,1473.989990234375,2596.360107421875,6303.2998046875,7638.169921875,5662.7001953125,16569.08984375,23984.140625,5218.8251953125,,54637.0,13660.5,6247.2001953125
2007-09-03,,,6315.2001953125,7648.580078125,5651.27001953125,16524.9296875,23904.08984375,5321.05517578125,,54833.0,,6267.2998046875
2007-09-04,1489.4200439453125,2630.239990234375,6376.7998046875,7721.77001953125,5672.72021484375,16420.470703125,23886.0703125,5294.044921875,,55250.0,13755.2001953125,6293.2998046875
2007-09-05,1472.2900390625,2605.949951171875,6270.7001953125,7588.02978515625,5551.5498046875,16158.4501953125,24069.169921875,5310.7158203125,,54408.0,13683.2998046875,6262.7001953125
2007-09-06,1478.550048828125,2614.320068359375,6313.2998046875,7621.72021484375,5576.6201171875,16257.0,24050.400390625,5393.66015625,,54569.0,13795.7001953125,6251.0
2007-09-07,1453.550048828125,2565.699951171875,6191.2001953125,7436.6298828125,5430.10009765625,16122.16015625,23982.609375,5277.17578125,,,13651.2001953125,6278.39990234375
2007-09-10,1451.699951171875,2559.110107421875,6134.10009765625,7375.43994140625,5386.43017578125,15764.9697265625,23999.69921875,5355.287109375,,52653.0,13625.5,6191.2001953125
2007-09-11,1471.489990234375,2597.469970703125,6280.7001953125,7457.89990234375,5478.93994140625,15877.669921875,23952.240234375,5113.9677734375,,53921.0,13704.2998046875,6235.5
2007-09-12,1471.56005859375,2592.070068359375,6306.2001953125,7472.990234375,5508.009765625,15797.599609375,24310.140625,5172.626953125,,53883.0,13756.7001953125,6220.2998046875
2007-09-13,1483.949951171875,2601.06005859375,6363.89990234375,7535.97021484375,5565.97021484375,15821.1904296875,24537.01953125,5273.591796875,,54908.0,13843.2001953125,6230.60009765625
2007-09-14,1484.25,2602.179931640625,6289.2998046875,7497.740234375,5538.919921875,16127.419921875,24898.109375,5312.18212890625,,54671.0,13846.400390625,6306.7998046875
2007-09-17,1476.6500244140625,2581.659912109375,6182.7998046875,7479.85009765625,5439.3701171875,,24599.33984375,5421.39208984375,4494.64990234375,54341.0,13809.900390625,6271.39990234375
2007-09-18,1519.780029296875,2651.659912109375,6283.2998046875,7575.2099609375,5549.35009765625,15801.7998046875,24576.849609375,5425.2080078125,4546.2001953125,56666.0,14005.400390625,6192.5
2007-09-19,1529.030029296875,2666.47998046875,6460.0,7750.83984375,5730.81982421875,16381.5400390625,25554.640625,5395.26513671875,4732.35009765625,57264.0,13939.7998046875,6356.10009765625
2007-09-20,1518.75,2654.2900390625,6429.0,7735.08984375,5688.759765625,16413.7890625,25701.130859375,5470.06494140625,4747.5498046875,56906.0,13838.400390625,6393.7001953125
2007-09-21,1525.75,2671.219970703125,6456.7001953125,7794.43017578125,5700.64990234375,16312.6103515625,25843.779296875,5454.673828125,4837.5498046875,57799.0,13940.099609375,6357.89990234375
2007-09-24,1517.72998046875,2667.949951171875,6465.89990234375,7787.919921875,5692.490234375,,26551.939453125,5485.01318359375,4932.2001953125,58719.0,13958.2998046875,6451.5
2007-09-25,1517.2099609375,2683.449951171875,6396.89990234375,7769.43994140625,5641.58984375,16401.73046875,26430.2890625,5425.8798828125,4938.85009765625,58858.0,13997.599609375,6483.0
2007-09-26,1525.4200439453125,2699.030029296875,6433.0,7804.14990234375,5690.77001953125,16435.740234375,,5338.52001953125,4940.5,59715.0,14035.0,6481.39990234375
2007-09-27,1531.3800048828125,2709.590087890625,6486.39990234375,7853.7900390625,5733.3701171875,16832.220703125,27065.150390625,5409.40283203125,5000.5498046875,61052.0,14129.7001953125,6538.10009765625
2007-09-28,1526.75,2701.5,6466.7998046875,7861.509765625,5715.68994140625,16785.689453125,27142.470703125,5552.30078125,5021.35009765625,60465.0,14098.900390625,6567.7998046875
2007-10-01,1547.0400390625,2740.989990234375,6506.2998046875,7922.419921875,5773.259765625,16845.9609375,,,5068.9501953125,62340.0,14200.599609375,6563.7001953125
2007-10-02,1546.6300048828125,2747.110107421875,6500.39990234375,7946.7900390625,5799.27001953125,17046.779296875,28199.75,,,62017.0,14152.7001953125,6659.89990234375
2007-10-03,1539.5899658203125,2729.429931640625,6535.2001953125,7955.2998046875,5806.18017578125,17199.890625,27479.939453125,,5210.7998046875,60099.0,14020.900390625,6660.0
2007-10-04,1542.8399658203125,2733.570068359375,6547.89990234375,7944.990234375,5804.39013671875,17092.490234375,26973.98046875,,5208.64990234375,60407.0,14125.099609375,6566.89990234375
2007-10-05,1557.5899658203125,2780.320068359375,6595.7998046875,8002.18017578125,5843.240234375,17065.0390625,27831.51953125,,5185.85009765625,62319.0,14233.2998046875,6605.39990234375
2007-10-08,1552.5799560546875,2787.3701171875,6540.89990234375,7974.3701171875,5829.39990234375,,27770.2890625,5692.7548828125,5085.10009765625,62661.0,,6654.2998046875
2007-10-09,1565.1500244140625,2803.909912109375,6615.39990234375,7980.43994140625,5861.93017578125,17159.900390625,28228.0390625,5715.89208984375,5327.25,63549.0,14262.2001953125,6677.7998046875
2007-10-10,1562.469970703125,2811.610107421875,6633.0,7986.56982421875,5838.490234375,17177.890625,28569.330078125,5771.4638671875,5441.4501953125,63197.0,14276.2001953125,6738.2998046875
2007-10-11,1554.4100341796875,2772.199951171875,6724.5,8033.68994140625,5862.830078125,17458.98046875,29133.01953125,5913.22998046875,5524.85009765625,62456.0,14229.400390625,6771.89990234375
2007-10-12,1561.800048828125,2805.679931640625,6730.7001953125,8041.259765625,5843.9501953125,17331.169921875,28838.369140625,5903.26416015625,5428.25,,14295.900390625,6748.89990234375
2007-10-15,1548.7099609375,2780.050048828125,6644.5,7969.47021484375,5807.43994140625,17358.150390625,29540.779296875,6030.0859375,5670.39990234375,62969.0,14231.2998046875,6739.0
2007-10-16,1538.530029296875,2763.909912109375,6614.2998046875,7962.64013671875,5774.35986328125,17137.919921875,28954.55078125,6092.05712890625,5668.0498046875,61718.0,14153.0,6692.0
2007-10-17,1541.239990234375,2792.669921875,6677.7001953125,7985.41015625,5818.7998046875,16955.310546875,29298.7109375,6036.28076171875,5559.2998046875,63194.0,14219.5,6680.10009765625
2007-10-18,1540.0799560546875,2799.31005859375,6609.39990234375,7921.39990234375,5767.240234375,17106.08984375,29465.05078125,5825.2822265625,5351.0,63261.0,14332.0,6767.7001953125
2007-10-19,1500.6300048828125,2725.159912109375,6527.89990234375,7884.1201171875,5740.47998046875,16814.369140625,,5818.046875,5215.2998046875,60894.0,14001.7001953125,6706.2998046875
2007-10-22,1506.3299560546875,2753.929931640625,6459.2998046875,7794.93994140625,5661.27001953125,16438.470703125,28373.630859375,5667.33203125,5184.0,61215.0,14043.599609375,6577.2998046875
2007-10-23,1519.5899658203125,2799.260009765625,6514.0,7842.7900390625,5705.0498046875,16450.580078125,29376.859375,5773.38720703125,5473.7001953125,62697.0,14087.5,6660.89990234375
2007-10-24,1515.8800048828125,2774.760009765625,6482.0,7828.9599609375,5674.669921875,16358.3896484375,29333.529296875,5843.10888671875,5496.14990234375,62625.0,14088.5,6634.39990234375
2007-10-25,1514.4000244140625,2750.860107421875,6576.2998046875,7932.43994140625,5760.2998046875,16284.169921875,29854.490234375,5562.39404296875,5568.9501953125,62341.0,14124.900390625,6624.2998046875
2007-10-26,1535.280029296875,2804.18994140625,6661.2998046875,7949.169921875,5794.8701171875,16505.630859375,30405.220703125,5589.630859375,5702.2998046875,64276.0,14296.400390625,6700.60009765625
2007-10-29,1540.97998046875,2817.43994140625,6706.0,8009.669921875,5836.18994140625,16698.080078125,31586.900390625,5747.9970703125,5905.89990234375,65044.0,14427.400390625,6792.10009765625
2007-10-30,1531.02001953125,2816.7099609375,6659.0,7977.93994140625,5803.93017578125,16651.009765625,31638.220703125,5897.19287109375,5868.75,64383.0,14312.099609375,6750.2001953125
2007-10-31,1549.3800048828125,2859.1201171875,6721.60009765625,8019.22021484375,5847.9501953125,16737.630859375,31352.580078125,5954.76513671875,5900.64990234375,65318.0,14625.0,6754.10009765625
2007-11-01,1508.43994140625,2794.830078125,6586.10009765625,7880.85009765625,5730.919921875,16870.400390625,31492.880859375,5914.28515625,5866.4501953125,64050.0,14372.5,6828.7001953125
2007-11-02,1509.6500244140625,2810.3798828125,6530.60009765625,7849.490234375,5720.419921875,16517.48046875,30468.33984375,5777.80908203125,5932.39990234375,,14363.900390625,6696.60009765625
2007-11-05,1502.1700439453125,2795.179931640625,6461.39990234375,7807.5498046875,5684.6201171875,16268.919921875,28942.3203125,5634.4521484375,5847.2998046875,62960.0,14273.400390625,6582.2998046875
2007-11-06,1520.27001953125,2825.179931640625,6474.89990234375,7827.18994140625,5709.419921875,16249.6298828125,29438.130859375,5536.56884765625,5786.5,64503.0,14370.599609375,6628.0
2007-11-07,1475.6199951171875,2748.760009765625,6385.10009765625,7799.6201171875,5683.22021484375,16096.6796875,29708.9296875,5601.783203125,5782.35009765625,63501.0,14118.2001953125,6692.39990234375
2007-11-08,1474.77001953125,2696.0,6381.89990234375,7819.47021484375,5631.6298828125,15771.5703125,28760.220703125,5330.02294921875,5698.75,63562.0,14128.599609375,6521.60009765625
2007-11-09,1453.699951171875,2627.93994140625,6304.89990234375,7812.39990234375,5524.18017578125,15583.419921875,28783.41015625,5315.5400390625,,64321.0,13869.7998046875,6545.7001953125
2007-11-12,1439.1800537109375,2584.1298828125,6337.89990234375,7806.83984375,5535.56005859375,15197.08984375,27665.73046875,5187.73486328125,5617.10009765625,61527.0,13605.0,6455.2998046875
2007-11-13,1481.050048828125,2673.64990234375,6362.39990234375,7777.56005859375,5538.91015625,15126.6298828125,27803.349609375,5158.1181640625,5695.39990234375,62927.0,13705.099609375,6515.2001953125
2007-11-14,1470.5799560546875,2644.320068359375,6432.10009765625,7783.10986328125,5613.60009765625,15499.5595703125,29166.009765625,5412.69384765625,5937.89990234375,64631.0,13774.5,6598.60009765625
2007-11-15,1451.1500244140625,2618.510009765625,6359.60009765625,7667.02978515625,5561.1298828125,15396.2998046875,28751.2109375,5365.26708984375,5912.10009765625,,13524.400390625,6528.60009765625
2007-11-16,1458.739990234375,2637.239990234375,6291.2001953125,7612.259765625,5523.6298828125,15154.6103515625,27614.4296875,5316.27392578125,5906.85009765625,64609.0,13530.400390625,6461.89990234375
2007-11-19,1433.27001953125,2593.3798828125,6120.7998046875,7511.97021484375,5432.56982421875,15042.5595703125,27460.169921875,5269.81689453125,5907.64990234375,62336.0,13348.2001953125,6535.2001953125
2007-11-20,1439.699951171875,2596.81005859375,6226.5,7630.31005859375,5506.68017578125,15211.51953125,27771.2109375,5293.703125,5780.89990234375,,13459.7998046875,6425.39990234375
2007-11-21,1416.77001953125,2562.14990234375,6070.89990234375,7518.419921875,5381.2998046875,14837.66015625,26618.189453125,5214.22509765625,5561.0498046875,60582.0,13280.599609375,6384.2998046875
2007-11-22,,,6155.2998046875,7562.10009765625,5416.10009765625,14888.76953125,26004.919921875,4984.1611328125,5519.35009765625,60653.0,13381.0,6334.2998046875
2007-11-23,1440.699951171875,2596.60009765625,6262.10009765625,7608.9599609375,5521.169921875,,26541.08984375,5032.1298828125,5608.60009765625,60971.0,13467.2001953125,6330.2001953125
2007-11-26,1407.219970703125,2540.989990234375,6180.5,7567.35986328125,5458.39013671875,15135.2099609375,27626.619140625,4958.84912109375,5731.7001953125,59069.0,13321.099609375,6471.39990234375
2007-11-27,1428.22998046875,2580.800048828125,6140.7001953125,7531.35009765625,5434.169921875,15222.849609375,27210.2109375,4861.11083984375,5698.14990234375,59432.0,13369.099609375,6432.7001953125
2007-11-28,1469.02001953125,2662.909912109375,6306.2001953125,7723.66015625,5561.2099609375,15153.7802734375,27371.240234375,4803.39404296875,5617.5498046875,61715.0,13632.2001953125,6370.10009765625
2007-11-29,1469.719970703125,2668.1298828125,6349.10009765625,7765.18994140625,5598.10986328125,15513.740234375,28482.5390625,5003.3330078125,5634.60009765625,62156.0,13663.900390625,6444.5
2007-11-30,1481.1400146484375,2660.9599609375,6432.5,7870.52001953125,5670.56982421875,15680.669921875,28643.609375,4871.77783203125,5762.75,63006.0,13689.099609375,6533.10009765625
2007-12-03,1472.4200439453125,2637.1298828125,6386.60009765625,7837.259765625,5629.4599609375,15628.9697265625,28658.419921875,4868.61083984375,5865.0,63200.0,13657.2001953125,6533.5
2007-12-04,1462.7900390625,2619.830078125,6315.2001953125,7808.93994140625,5547.2099609375,15480.1904296875,28879.58984375,4915.88916015625,5858.35009765625,63482.0,13579.599609375,6530.7998046875
2007-12-05,1485.010009765625,2666.360107421875,6493.7998046875,7944.77001953125,5659.06982421875,15608.8798828125,29345.44921875,5042.65380859375,5940.0,64928.0,13734.5,6508.10009765625
2007-12-06,1507.3399658203125,2709.030029296875,6485.60009765625,7940.580078125,5673.759765625,15874.080078125,29558.919921875,5035.0732421875,5954.7001953125,65791.0,13849.7998046875,6600.89990234375
2007-12-07,1504.6600341796875,2706.159912109375,6554.89990234375,7994.06982421875,5718.75,15956.3701171875,28842.470703125,5091.755859375,5974.2998046875,65639.0,13863.0,6654.7001953125
2007-12-10,1515.9599609375,2718.949951171875,6565.39990234375,8033.35986328125,5750.919921875,15924.3896484375,28501.099609375,5161.9189453125,5960.60009765625,65446.0,13940.400390625,6625.10009765625
2007-12-11,1477.6500244140625,2652.35009765625,6536.89990234375,8009.419921875,5724.759765625,16044.7197265625,29226.83984375,5175.076171875,6097.25,64512.0,13723.7001953125,6680.39990234375
2007-12-12,1486.5899658203125,2671.139892578125,6559.7998046875,8076.1201171875,5743.31982421875,15932.259765625,28521.060546875,5095.54296875,6159.2998046875,64742.0,13809.400390625,6615.2001953125
2007-12-13,1488.4100341796875,2668.489990234375,6364.2001953125,7928.31005859375,5590.91015625,15536.51953125,27744.44921875,4958.04296875,6058.10009765625,62861.0,13747.2998046875,6597.60009765625
2007-12-14,1467.949951171875,2635.739990234375,6397.0,7948.35986328125,5605.35986328125,15514.509765625,27563.640625,5007.9111328125,6047.7001953125,62445.0,13674.2001953125,6491.7001953125
2007-12-17,1445.9000244140625,2574.4599609375,6277.7998046875,7825.43994140625,5514.8798828125,15249.7900390625,26596.580078125,4876.76123046875,5777.0,59828.0,13387.099609375,6263.5
2007-12-18,1454.97998046875,2596.030029296875,6279.2998046875,7850.740234375,5509.3701171875,15207.8603515625,26732.869140625,4836.173828125,5742.2998046875,61096.0,13358.099609375,6236.89990234375
2007-12-19,1453.0,2601.010009765625,6284.5,7837.31982421875,5497.419921875,15030.509765625,27029.259765625,4941.7841796875,5751.14990234375,61722.0,13389.7998046875,6216.39990234375
2007-12-20,1460.1199951171875,2640.860107421875,6345.60009765625,7869.18994140625,5511.4501953125,15031.599609375,27017.08984375,5043.53515625,5766.5,61716.0,13407.0,6176.89990234375
2007-12-21,1484.4599609375,2691.989990234375,6434.10009765625,8002.669921875,5602.77001953125,15257.0,27626.919921875,5101.77880859375,,63098.0,13596.099609375,6247.0
2007-12-24,1496.449951171875,2713.5,6479.2998046875,,5614.27978515625,,28128.80078125,5234.26220703125,5985.10009765625,,13694.7998046875,6323.60009765625
2007-12-25,,,,,,15552.58984375,,5201.18115234375,,,,
2007-12-26,1497.6600341796875,2724.409912109375,,,,15653.5400390625,,5233.35107421875,6070.75,64288.0,,
2007-12-27,1476.27001953125,2676.7900390625,6497.7998046875,8038.60009765625,5627.47998046875,15564.6904296875,27842.9296875,5308.88916015625,6081.5,63774.0,13675.599609375,6350.89990234375
2007-12-28,1478.489990234375,2674.4599609375,6476.89990234375,8067.31982421875,5627.25,15307.7802734375,27370.599609375,5261.56298828125,6079.7001953125,63886.0,13821.2998046875,6339.89990234375
2007-12-31,1468.3599853515625,2652.280029296875,6456.89990234375,,5614.080078125,,27812.650390625,,6138.60009765625,,13833.099609375,6339.7998046875
2008-01-01,,,,,,,,,6144.35009765625,,,
2008-01-02,1447.1600341796875,2609.6298828125,6416.7001953125,7949.10986328125,5550.35986328125,,27560.51953125,5272.81396484375,6179.39990234375,62815.0,13926.7998046875,6353.2001953125
2008-01-03,1447.1600341796875,2602.679931640625,6479.39990234375,7908.41015625,5546.080078125,,26887.279296875,5319.86083984375,6178.5498046875,62892.0,13978.2001953125,6290.7001953125
2008-01-04,1411.6300048828125,2504.64990234375,6348.5,7808.68994140625,5446.7900390625,14691.41015625,27519.689453125,5361.57421875,6274.2998046875,61037.0,13778.599609375,6306.7998046875
2008-01-07,1416.1800537109375,2499.4599609375,6335.7001953125,7817.169921875,5452.830078125,14500.5498046875,27179.490234375,5393.3427734375,6279.10009765625,60772.0,13618.900390625,6161.60009765625
2008-01-08,1390.18994140625,2440.510009765625,6356.5,7849.990234375,5495.669921875,14528.669921875,27112.900390625,5386.53076171875,6287.85009765625,62081.0,13541.7998046875,6128.10009765625
2008-01-09,1409.1300048828125,2474.550048828125,6272.7001953125,7782.7099609375,5435.419921875,14599.16015625,27615.849609375,5435.80712890625,6272.0,62674.0,13579.900390625,6087.7001953125
2008-01-10,1420.3299560546875,2488.52001953125,6222.7001953125,7713.08984375,5400.43017578125,14388.1103515625,27230.859375,5456.541015625,6156.9501953125,63515.0,13642.7001953125,6078.7001953125
2008-01-11,1401.02001953125,2439.93994140625,6202.0,7717.9501953125,5371.41015625,14110.7900390625,26867.009765625,5484.6767578125,6200.10009765625,61942.0,13632.599609375,5981.60009765625
2008-01-14,1416.25,2478.300048828125,6215.7001953125,7732.02001953125,5403.509765625,,26468.130859375,5497.90087890625,6206.7998046875,62188.0,13698.2998046875,5980.0
2008-01-15,1380.949951171875,2417.590087890625,6025.60009765625,7566.3798828125,5250.81982421875,13972.6298828125,25837.779296875,5443.791015625,6074.25,59907.0,13316.7998046875,5960.0
2008-01-16,1373.199951171875,2394.590087890625,5942.89990234375,7471.56982421875,5225.39013671875,13504.509765625,24450.849609375,5290.60595703125,5935.75,58777.0,13074.900390625,5809.7001953125
2008-01-17,1333.25,2346.89990234375,5902.39990234375,7413.52978515625,5157.08984375,13783.4501953125,25114.98046875,5151.6259765625,5913.2001953125,57037.0,12795.599609375,5796.10009765625
2008-01-18,1325.18994140625,2340.02001953125,5901.7001953125,7314.169921875,5092.39990234375,13861.2900390625,25201.869140625,5180.51416015625,5705.2998046875,57506.0,12737.099609375,5747.2998046875
2008-01-21,,,5578.2001953125,6790.18994140625,4744.4501953125,13325.9404296875,23818.859375,4914.43505859375,5208.7998046875,53709.0,12132.099609375,5580.39990234375
2008-01-22,1310.5,2292.27001953125,5740.10009765625,6769.47021484375,4842.5400390625,12573.0498046875,21757.630859375,4559.7509765625,4899.2998046875,56097.0,12640.900390625,5186.7998046875
2008-01-23,1338.5999755859375,2316.409912109375,5609.39990234375,6439.2099609375,4636.759765625,12829.0595703125,24090.169921875,4703.046875,5203.39990234375,54235.0,12657.400390625,5412.2998046875
2008-01-24,1352.0699462890625,2360.919921875,5875.7998046875,6821.06982421875,4915.2900390625,13092.7802734375,23539.26953125,4717.73388671875,5033.4501953125,57463.0,12907.2998046875,5580.39990234375
2008-01-25,1330.6099853515625,2326.199951171875,5869.0,6816.740234375,4878.1201171875,13629.16015625,25122.369140625,4761.68798828125,5383.35009765625,,12894.7998046875,5860.2998046875
2008-01-28,1353.9599609375,2349.909912109375,5788.89990234375,6818.85009765625,4848.2998046875,13087.91015625,24053.609375,4419.2939453125,5274.10009765625,58594.0,12986.900390625,
2008-01-29,1362.300048828125,2358.06005859375,5885.2001953125,6892.9599609375,4941.4501953125,13478.8603515625,24291.80078125,4457.94384765625,5280.7998046875,59530.0,13046.400390625,5716.5
2008-01-30,1355.81005859375,2349.0,5837.2998046875,6875.35009765625,4873.56982421875,13345.0302734375,23653.689453125,4417.84912109375,5167.60009765625,60289.0,12998.2001953125,5618.7001953125
2008-01-31,1378.550048828125,2389.860107421875,5879.7998046875,6851.75,4869.7900390625,13592.4697265625,23455.740234375,4383.39306640625,5137.4501953125,59490.0,13155.099609375,5650.2998046875
2008-02-01,1395.4200439453125,2413.360107421875,6029.2001953125,6968.669921875,4978.06005859375,13497.16015625,24123.580078125,4320.76708984375,5317.25,61080.0,13318.400390625,5842.89990234375
2008-02-04,1380.8199462890625,2382.85009765625,6026.2001953125,7000.490234375,4973.64013671875,13859.7001953125,25032.080078125,4672.169921875,5463.5,,13258.2001953125,5867.39990234375
2008-02-05,1336.6400146484375,2309.570068359375,5868.0,6765.25,4776.85986328125,13745.5,24808.69921875,4599.69580078125,5483.89990234375,,12932.0,5792.89990234375
2008-02-06,1326.449951171875,2278.75,5875.39990234375,6847.509765625,4816.43017578125,13099.240234375,23469.4609375,,5322.5498046875,58969.0,12867.2001953125,5609.39990234375
2008-02-07,1336.9100341796875,2293.030029296875,5724.10009765625,6733.72021484375,4723.7998046875,13207.150390625,,,5133.25,58965.0,12925.400390625,5596.7001953125
2008-02-08,1331.2900390625,2304.85009765625,5784.0,6767.27978515625,4709.64990234375,13017.240234375,,,5120.35009765625,59076.0,12989.2998046875,5658.0
2008-02-11,1339.1300048828125,2320.06005859375,5707.7001953125,6743.5400390625,4682.7001953125,,22616.109375,,4857.0,60643.0,13130.900390625,5537.60009765625
2008-02-12,1348.8599853515625,2320.0400390625,5910.0,6967.83984375,4840.7099609375,13021.9599609375,22921.669921875,,4838.25,61805.0,13087.400390625,5608.10009765625
2008-02-13,1367.2099609375,2373.929931640625,5880.10009765625,6973.669921875,4855.39990234375,13068.2998046875,23169.55078125,4490.72119140625,4929.4501953125,62591.0,13282.2998046875,5542.10009765625
2008-02-14,1348.8599853515625,2332.5400390625,5879.2998046875,6962.27978515625,4858.64990234375,13626.4501953125,24021.6796875,4552.31591796875,5202.0,61819.0,13208.0,5684.7998046875
2008-02-15,1349.989990234375,2321.800048828125,5787.60009765625,6832.43017578125,4771.7900390625,13622.5595703125,24148.4296875,4497.126953125,5302.89990234375,61272.0,13226.7998046875,5606.60009765625
2008-02-18,,,5946.60009765625,6967.5498046875,4861.7998046875,13635.400390625,23759.25,4568.15087890625,5276.89990234375,62801.0,,5558.39990234375
2008-02-19,1348.780029296875,2306.199951171875,5966.89990234375,7002.2900390625,4885.830078125,13757.91015625,24123.169921875,4664.294921875,5280.7998046875,62297.0,13447.7001953125,5619.10009765625
2008-02-20,1360.030029296875,2327.10009765625,5893.60009765625,6899.68017578125,4812.81005859375,13310.3701171875,23590.580078125,4567.02587890625,5154.4501953125,63747.0,13551.7001953125,5496.5
2008-02-21,1342.530029296875,2299.780029296875,5932.2001953125,6904.85009765625,4858.85009765625,13688.2802734375,23623.0,4527.1767578125,5191.7998046875,63792.0,13509.599609375,5583.39990234375
2008-02-22,1353.1099853515625,2303.35009765625,5888.5,6806.2900390625,4824.5498046875,13500.4599609375,23305.0390625,4370.28515625,5110.75,64609.0,13585.900390625,5559.89990234375
2008-02-25,1371.800048828125,2327.47998046875,5999.5,6882.56005859375,4919.259765625,13914.5703125,23269.140625,4192.533203125,5200.7001953125,65001.0,13697.5,5621.60009765625
2008-02-26,1381.2900390625,2344.989990234375,6087.39990234375,6985.97021484375,4973.06982421875,13824.7197265625,23714.75,4238.17919921875,5270.0498046875,65183.0,13797.0,5666.10009765625
2008-02-27,1380.02001953125,2353.780029296875,6076.5,6997.85009765625,4968.81982421875,14031.2998046875,24483.83984375,4334.046875,5268.39990234375,65495.0,13778.400390625,5767.2001953125
2008-02-28,1367.6800537109375,2331.570068359375,5965.7001953125,6862.52001953125,4865.22998046875,13925.509765625,24591.689453125,4299.51318359375,5285.10009765625,65555.0,13873.900390625,5651.2001953125
2008-02-29,1330.6300048828125,2271.47998046875,5884.2998046875,6748.1298828125,4790.66015625,13603.01953125,24331.669921875,4348.54296875,5223.5,63489.0,13582.7001953125,5572.10009765625
2008-03-03,1331.3399658203125,2258.60009765625,5818.60009765625,6689.9501953125,4742.66015625,12992.1796875,23584.970703125,4438.26513671875,4953.0,64490.0,13544.400390625,5405.7998046875
2008-03-04,1326.75,2260.280029296875,5767.7001953125,6545.0400390625,4675.91015625,12992.2802734375,23119.869140625,4335.44580078125,4864.25,63656.0,13476.7998046875,5380.2998046875
2008-03-05,1333.699951171875,2272.81005859375,5853.5,6683.7099609375,4756.419921875,12972.0595703125,23114.33984375,4292.65380859375,4921.39990234375,64629.0,13603.2998046875,5376.60009765625
2008-03-06,1304.3399658203125,2220.5,5766.39990234375,6591.31005859375,4678.0498046875,13215.419921875,23342.73046875,4360.98583984375,,62975.0,13360.400390625,5435.5
2008-03-07,1293.3699951171875,2212.489990234375,5699.89990234375,6513.990234375,4618.9599609375,12782.7998046875,22501.330078125,4300.51513671875,4771.60009765625,61868.0,13281.7001953125,5264.0
2008-03-10,1273.3699951171875,2169.340087890625,5629.10009765625,6448.080078125,4566.990234375,12532.1298828125,22705.05078125,4146.298828125,4800.39990234375,59999.0,13005.099609375,5180.39990234375
2008-03-11,1320.6500244140625,2255.760009765625,5690.39990234375,6524.56982421875,4627.68994140625,12658.2802734375,22995.349609375,4165.8779296875,4865.89990234375,62368.0,13344.5,5134.2001953125
2008-03-12,1308.77001953125,2243.8701171875,5776.39990234375,6599.3701171875,4697.10009765625,12861.1298828125,23422.759765625,4070.115966796875,4872.0,62177.0,13297.400390625,5257.89990234375
2008-03-13,1315.47998046875,2263.610107421875,5692.39990234375,6500.56005859375,4630.18994140625,12433.4404296875,22301.640625,3971.257080078125,4623.60009765625,62280.0,13443.5,5135.89990234375
2008-03-14,1288.1400146484375,2212.489990234375,5631.7001953125,6451.89990234375,4592.14990234375,12241.599609375,22237.109375,3962.673095703125,4745.7998046875,61991.0,13252.7998046875,5206.89990234375
2008-03-17,1276.5999755859375,2177.010009765625,5414.39990234375,6182.2998046875,4431.0400390625,11787.509765625,21084.609375,3820.048095703125,4503.10009765625,60012.0,12952.2001953125,5087.0
2008-03-18,1330.739990234375,2268.260009765625,5605.7998046875,6393.39013671875,4582.58984375,11964.16015625,21384.609375,3668.89697265625,4533.0,61933.0,13136.7001953125,5086.10009765625
2008-03-19,1298.4200439453125,2209.9599609375,5545.60009765625,6361.22021484375,4555.9501953125,12260.4404296875,21866.939453125,3761.60498046875,4573.9501953125,58827.0,12709.400390625,5289.10009765625
2008-03-20,1329.510009765625,2258.110107421875,5495.2001953125,6319.990234375,4533.72021484375,,21108.220703125,3804.053955078125,,58987.0,12775.599609375,5127.5
2008-03-21,,,,,,12482.5703125,,3796.575927734375,,,,
2008-03-24,1349.8800048828125,2326.75,,,,12480.08984375,,3626.18798828125,4609.85009765625,59813.0,13019.7001953125,
2008-03-25,1352.989990234375,2341.050048828125,5689.10009765625,6524.7099609375,4692.0,12745.2197265625,22464.51953125,3629.618896484375,4877.5,61234.0,13322.2001953125,5318.39990234375
2008-03-26,1341.1300048828125,2324.360107421875,5660.39990234375,6489.259765625,4676.68017578125,12706.6298828125,22617.009765625,3606.85693359375,4828.85009765625,61415.0,13391.900390625,5381.39990234375
2008-03-27,1325.760009765625,2280.830078125,5717.5,6578.06005859375,4719.52978515625,12604.580078125,22664.220703125,3411.492919921875,4830.25,60762.0,13405.7998046875,5371.60009765625
2008-03-28,1315.219970703125,2261.179931640625,5692.89990234375,6559.89990234375,4695.919921875,12820.4697265625,23285.94921875,3580.14599609375,4942.0,60452.0,13233.7998046875,5351.10009765625
2008-03-31,1322.699951171875,2279.10009765625,5702.10009765625,6534.97021484375,4707.06982421875,12525.5400390625,22849.19921875,3472.712890625,4734.5,60968.0,13350.099609375,5355.7001953125
2008-04-01,1370.1800537109375,2362.75,5852.60009765625,6720.330078125,4866.0,12656.419921875,23137.4609375,3329.162109375,4739.5498046875,62775.0,13440.7001953125,5361.2001953125
2008-04-02,1367.530029296875,2361.39990234375,5915.89990234375,6777.43994140625,4911.97021484375,13189.3603515625,23872.4296875,3347.882080078125,4754.2001953125,63364.0,13514.099609375,5502.89990234375
2008-04-03,1369.31005859375,2363.300048828125,5891.2998046875,6741.72021484375,4887.8701171875,13389.900390625,24264.630859375,3446.243896484375,4771.60009765625,64175.0,13551.2998046875,5608.89990234375
2008-04-04,1370.4000244140625,2370.97998046875,5947.10009765625,6763.39013671875,4900.8798828125,13293.2197265625,,,4647.0,64446.0,13668.2001953125,5619.60009765625
2008-04-07,1372.5400390625,2364.830078125,6014.7998046875,6821.02978515625,4944.60009765625,13450.23046875,24578.759765625,3599.617919921875,4761.2001953125,64176.0,13745.0,5625.0
2008-04-08,1365.5400390625,2348.760009765625,5990.2001953125,6771.97998046875,4912.68994140625,13250.4296875,24311.689453125,3612.5390625,4709.64990234375,64540.0,13727.5,5571.5
2008-04-09,1354.489990234375,2322.1201171875,5983.89990234375,6721.35986328125,4874.97021484375,13111.8896484375,23984.5703125,3413.906982421875,4747.0498046875,63477.0,13750.599609375,5520.2001953125
2008-04-10,1360.550048828125,2351.699951171875,5965.10009765625,6704.31982421875,4859.419921875,12945.2998046875,24187.099609375,3471.742919921875,4733.0,63527.0,13909.599609375,5446.39990234375
2008-04-11,1332.8299560546875,2290.239990234375,5895.5,6603.56982421875,4797.93017578125,13323.73046875,24667.7890625,3492.89306640625,4777.7998046875,62585.0,13683.0,5439.2998046875
2008-04-14,1328.3199462890625,2275.820068359375,5831.60009765625,6554.490234375,4766.490234375,12917.509765625,23811.19921875,3296.672119140625,,62153.0,13738.599609375,5342.39990234375
2008-04-15,1334.4300537109375,2286.0400390625,5906.89990234375,6585.0498046875,4780.68017578125,12990.580078125,23901.330078125,3348.35302734375,4879.64990234375,62618.0,13851.0,5400.39990234375
2008-04-16,1364.7099609375,2350.110107421875,6046.2001953125,6702.83984375,4855.10009765625,13146.1298828125,23878.349609375,3291.59912109375,4887.2998046875,64152.0,14099.5,5470.2998046875
2008-04-17,1365.56005859375,2341.830078125,5980.39990234375,6681.81005859375,4862.14013671875,13398.2998046875,24258.9609375,3222.740966796875,4958.39990234375,64552.0,14115.5,5519.0
2008-04-18,1390.3299560546875,2402.969970703125,6056.60009765625,6843.080078125,4961.68994140625,13476.4501953125,24197.779296875,3094.66796875,,64923.0,14237.099609375,5429.7001953125
2008-04-21,1388.1700439453125,2408.0400390625,6053.0,6786.5498046875,4910.35009765625,13696.5498046875,24721.669921875,3116.97705078125,5037.0,,14321.2001953125,5600.2998046875
2008-04-22,1375.93994140625,2376.93994140625,6034.7001953125,6728.2998046875,4872.64013671875,13547.8203125,24939.150390625,3147.79296875,5049.2998046875,65413.0,14266.2998046875,5564.60009765625
2008-04-23,1379.9300537109375,2405.2099609375,6083.60009765625,6795.02978515625,4944.64990234375,13579.16015625,25289.240234375,3278.330078125,5022.7998046875,64948.0,14069.7998046875,5652.89990234375
2008-04-24,1388.8199462890625,2428.919921875,6050.7001953125,6821.31982421875,4929.5498046875,13540.8701171875,25680.779296875,3583.028076171875,4999.85009765625,64576.0,13966.2998046875,5587.2998046875
2008-04-25,1397.8399658203125,2422.929931640625,6091.39990234375,6896.580078125,4978.2099609375,13863.4697265625,25516.779296875,3557.7490234375,5111.7001953125,65187.0,14103.900390625,
2008-04-28,1396.3699951171875,2424.39990234375,6090.39990234375,6925.330078125,5012.75,13894.3701171875,25666.2890625,3474.721923828125,5089.64990234375,65678.0,14085.900390625,5602.7001953125
2008-04-29,1390.93994140625,2426.10009765625,6089.39990234375,6885.33984375,4977.10009765625,,25914.150390625,3523.405029296875,5195.5,63826.0,13825.599609375,5606.89990234375
2008-04-30,1385.5899658203125,2412.800048828125,6087.2998046875,6948.81982421875,4996.5400390625,13849.990234375,25755.349609375,3693.10595703125,5165.89990234375,67868.0,13937.0,5595.39990234375
2008-05-01,1409.3399658203125,2480.7099609375,6087.2998046875,,,13766.8603515625,,,,,14065.7998046875,5585.7998046875
2008-05-02,1413.9000244140625,2476.989990234375,6215.5,7043.22998046875,5069.7099609375,14049.259765625,26241.01953125,,5228.2001953125,69366.0,14280.2998046875,5700.39990234375
2008-05-05,1407.489990234375,2464.1201171875,,7052.080078125,5063.35986328125,,26183.94921875,3761.009033203125,5192.25,70175.0,14274.2998046875,5730.2998046875
2008-05-06,1418.260009765625,2483.31005859375,6215.2998046875,7017.10009765625,5040.919921875,,26262.130859375,3733.5029296875,5144.64990234375,70195.0,14414.2998046875,5701.39990234375
2008-05-07,1392.5699462890625,2438.489990234375,6261.0,7076.25,5075.31005859375,14102.48046875,25610.2109375,3579.14697265625,5135.5,69018.0,14371.5,5668.39990234375
2008-05-08,1397.6800537109375,2451.239990234375,6270.7998046875,7071.89990234375,5055.580078125,13943.259765625,25449.7890625,3656.839111328125,5081.7001953125,69722.0,14608.0,5723.2001953125
2008-05-09,1388.280029296875,2445.52001953125,6204.7001953125,7003.169921875,4960.56005859375,13655.33984375,25063.169921875,3613.493896484375,4982.60009765625,69646.0,14521.2001953125,5771.7998046875
2008-05-12,1403.5799560546875,2488.489990234375,6220.7001953125,7035.9501953125,4976.2099609375,13743.3603515625,,3626.98193359375,5012.64990234375,70416.0,14666.099609375,5828.5
2008-05-13,1403.0400390625,2495.1201171875,6211.89990234375,7060.18994140625,4998.669921875,13953.73046875,25552.76953125,3560.242919921875,4957.7998046875,70503.0,14616.7001953125,5812.7001953125
2008-05-14,1408.6600341796875,2496.699951171875,6216.0,7083.240234375,5055.240234375,14118.5498046875,25533.48046875,3657.431884765625,5011.75,70027.0,14626.2998046875,5872.7001953125
2008-05-15,1423.5699462890625,2533.72998046875,6251.7998046875,7081.0498046875,5057.509765625,14251.740234375,25513.7109375,3637.323974609375,5115.25,71492.0,14828.099609375,5890.7001953125
2008-05-16,1425.3499755859375,2528.85009765625,6304.2998046875,7156.5498046875,5078.0400390625,14219.48046875,25618.859375,3624.23291015625,5157.7001953125,72767.0,14984.2001953125,5931.0
2008-05-19,1426.6300048828125,2516.090087890625,6376.5,7225.93994140625,5142.10009765625,14269.6103515625,25742.23046875,3604.760986328125,,73439.0,,5949.39990234375
2008-05-20,1413.4000244140625,2492.260009765625,6191.60009765625,7118.5,5054.8798828125,14160.08984375,25169.4609375,3443.162109375,5104.9501953125,73517.0,15047.2998046875,5908.10009765625
2008-05-21,1390.7099609375,2448.27001953125,6198.10009765625,7040.830078125,5027.5498046875,13926.2998046875,25460.2890625,3544.18603515625,5117.64990234375,72295.0,14790.400390625,5823.39990234375
2008-05-22,1394.3499755859375,2464.580078125,6181.60009765625,7070.330078125,5028.740234375,13978.4599609375,25043.119140625,3485.6298828125,5025.4501953125,,14792.400390625,5826.89990234375
2008-05-23,1375.9300537109375,2444.669921875,6087.2998046875,6944.0498046875,4933.77001953125,14012.2001953125,24714.0703125,3473.091064453125,4946.5498046875,71452.0,14723.400390625,5768.0
2008-05-26,,,,6953.83984375,4937.83984375,13690.1904296875,24127.310546875,3364.5439453125,4875.0498046875,71629.0,14758.599609375,5707.0
2008-05-27,1385.3499755859375,2481.239990234375,6058.5,6958.66015625,4906.56005859375,13893.3095703125,24282.0390625,3375.406982421875,4859.7998046875,70992.0,14522.099609375,5714.39990234375
2008-05-28,1390.8399658203125,2486.699951171875,6069.60009765625,7033.83984375,4971.10986328125,13709.4404296875,24249.509765625,3459.02587890625,4918.35009765625,73153.0,14688.599609375,5648.10009765625
2008-05-29,1398.260009765625,2508.320068359375,6068.10009765625,7055.02978515625,4975.89990234375,14124.4697265625,24383.990234375,3401.43701171875,4835.2998046875,71798.0,14577.2001953125,5709.39990234375
2008-05-30,1400.3800048828125,2522.659912109375,6053.5,7096.7900390625,5014.27978515625,14338.5400390625,24533.119140625,3433.35400390625,4870.10009765625,72593.0,14714.7001953125,5654.7001953125
2008-06-02,1385.6700439453125,2491.530029296875,6007.60009765625,7008.77001953125,4935.2099609375,14440.1396484375,24831.359375,3459.0439453125,4739.60009765625,71897.0,14814.2001953125,5662.2998046875
2008-06-03,1377.6500244140625,2480.47998046875,6057.7001953125,7019.1298828125,4983.7099609375,14209.169921875,24375.759765625,3436.39794921875,4715.89990234375,70012.0,14728.599609375,5574.2001953125
2008-06-04,1377.199951171875,2503.139892578125,5970.10009765625,6965.43017578125,4915.06982421875,14435.5703125,24123.25,3369.9130859375,4585.60009765625,68673.0,14690.5,5584.5
2008-06-05,1404.050048828125,2549.93994140625,5995.2998046875,6941.830078125,4907.06005859375,14341.1201171875,24255.2890625,3351.64501953125,4676.9501953125,71235.0,14982.900390625,5530.10009765625
2008-06-06,1360.6800537109375,2474.56005859375,5906.7998046875,6803.81005859375,4795.31982421875,14489.4404296875,24402.1796875,3329.669921875,4627.7998046875,69786.0,14969.599609375,5592.10009765625
2008-06-09,1361.760009765625,2459.4599609375,5877.60009765625,6815.6298828125,4799.3798828125,14181.3798828125,,,4500.9501953125,69281.0,14960.7998046875,
2008-06-10,1358.43994140625,2448.93994140625,5827.2998046875,6771.10009765625,4761.080078125,14021.169921875,23375.51953125,3072.3330078125,4449.7998046875,67775.0,14736.2001953125,5437.5
2008-06-11,1335.489990234375,2394.010009765625,5723.2998046875,6650.259765625,4660.91015625,14183.48046875,23327.599609375,3024.239990234375,4523.60009765625,66795.0,14716.5,5467.2998046875
2008-06-12,1339.8699951171875,2404.35009765625,5790.5,6714.52001953125,4672.2998046875,13888.599609375,23023.859375,2957.531982421875,4539.35009765625,67322.0,14602.599609375,5329.2001953125
2008-06-13,1360.030029296875,2454.5,5802.7998046875,6765.31982421875,4682.2998046875,13973.73046875,22592.30078125,2868.800048828125,4517.10009765625,67204.0,14778.5,5378.10009765625
2008-06-16,1360.1400146484375,2474.780029296875,5794.60009765625,6729.8798828125,4657.740234375,14354.3701171875,23029.689453125,2874.10302734375,4572.5,67285.0,14944.2998046875,5371.7001953125
2008-06-17,1350.9300537109375,2457.72998046875,5861.89990234375,6796.16015625,4686.330078125,14348.3701171875,23057.990234375,2794.7509765625,4653.0,68438.0,15068.7998046875,5422.7001953125
2008-06-18,1337.81005859375,2429.7099609375,5756.89990234375,6728.91015625,4618.75,14452.8203125,23325.80078125,2941.114990234375,4582.39990234375,67090.0,15073.099609375,5443.2001953125
2008-06-19,1342.8299560546875,2462.06005859375,5708.39990234375,6721.169921875,4591.39013671875,14130.169921875,22797.609375,2748.8740234375,4504.25,66590.0,14790.2001953125,5366.60009765625
2008-06-20,1317.9300537109375,2406.090087890625,5620.7998046875,6578.43994140625,4509.27001953125,13942.080078125,22745.599609375,2831.736083984375,4347.5498046875,64614.0,14580.7001953125,5288.2998046875
2008-06-23,1318.0,2385.739990234375,5667.2001953125,6589.4599609375,4511.3701171875,13857.4697265625,22714.9609375,2760.4169921875,4266.39990234375,64640.0,14691.7998046875,5283.7001953125
2008-06-24,1314.2900390625,2368.280029296875,5634.7001953125,6536.06005859375,4473.759765625,13849.5595703125,22456.01953125,2803.01904296875,4191.10009765625,64168.0,14409.599609375,5290.0
2008-06-25,1321.969970703125,2401.260009765625,5666.10009765625,6617.83984375,4536.2900390625,13829.919921875,22635.16015625,2905.013916015625,4252.64990234375,65853.0,14441.099609375,5237.7998046875
2008-06-26,1283.1500244140625,2321.3701171875,5518.2001953125,6459.60009765625,4426.18994140625,13822.3203125,22455.669921875,2901.85009765625,4315.85009765625,63947.0,14292.099609375,5307.0
2008-06-27,1278.3800048828125,2315.6298828125,5530.0,6421.91015625,4397.31982421875,13544.3603515625,22042.349609375,2748.431884765625,4136.64990234375,64321.0,14355.2001953125,5237.0
2008-06-30,1280.0,2292.97998046875,5625.89990234375,6418.31982421875,4434.85009765625,13481.3798828125,22102.009765625,2736.10302734375,4040.550048828125,65018.0,14467.0,5215.2998046875
2008-07-01,1284.9100341796875,2304.969970703125,5479.89990234375,6315.93994140625,4341.2099609375,13463.2001953125,,2651.60498046875,3896.75,63396.0,,5138.89990234375
2008-07-02,1261.52001953125,2251.4599609375,5426.2998046875,6305.419921875,4296.47998046875,13286.3701171875,21704.44921875,2651.72509765625,4093.35009765625,61106.0,14034.099609375,5094.7998046875
2008-07-03,1262.9000244140625,2245.3798828125,5476.60009765625,6353.740234375,4343.990234375,13265.400390625,21242.779296875,2703.529052734375,3925.75,59273.0,14143.599609375,4998.2998046875
2008-07-04,,,5412.7998046875,6272.2099609375,4266.0,13237.8896484375,21423.8203125,2669.89208984375,4016.0,59365.0,14010.400390625,5082.10009765625
2008-07-07,1252.31005859375,2243.320068359375,5512.7001953125,6395.75,4342.58984375,13360.0400390625,21913.060546875,2792.39697265625,4030.0,59088.0,13712.7998046875,5002.5
2008-07-08,1273.699951171875,2294.43994140625,5440.5,6304.41015625,4275.60986328125,13033.099609375,21220.810546875,2814.947021484375,3988.550048828125,59536.0,13809.7998046875,4932.89990234375
2008-07-09,1244.68994140625,2234.889892578125,5529.60009765625,6386.4599609375,4339.66015625,13052.1298828125,21805.810546875,2920.5458984375,4157.10009765625,,13610.7998046875,5011.89990234375
2008-07-10,1253.3900146484375,2257.85009765625,5406.7998046875,6305.0,4231.56005859375,13067.2099609375,21821.779296875,2875.449951171875,4162.2001953125,60253.0,13743.900390625,4937.39990234375
2008-07-11,1239.489990234375,2239.080078125,5261.60009765625,6153.2998046875,4100.64013671875,13039.6904296875,22184.55078125,2856.634033203125,4049.0,60148.0,13709.099609375,4979.89990234375
2008-07-14,1228.300048828125,2212.8701171875,5300.39990234375,6200.25,4142.52978515625,13010.16015625,22014.4609375,2878.256103515625,4039.699951171875,60721.0,13741.2998046875,4921.0
2008-07-15,1214.9100341796875,2215.7099609375,5171.89990234375,6081.7001953125,4061.14990234375,12754.5595703125,21174.76953125,2779.447998046875,3861.10009765625,61015.0,13357.599609375,4815.7001953125
2008-07-16,1245.3599853515625,2284.85009765625,5150.60009765625,6155.3701171875,4112.4501953125,12760.7998046875,21223.5,2705.866943359375,3816.699951171875,62056.0,13503.7998046875,4870.60009765625
2008-07-17,1260.3199462890625,2312.300048828125,5286.2998046875,6271.27001953125,4225.990234375,12887.9501953125,21734.720703125,2684.778076171875,3947.199951171875,60109.0,13460.2998046875,4901.0
2008-07-18,1260.6800537109375,2282.780029296875,5376.39990234375,6382.64990234375,4299.35986328125,12803.7001953125,21874.189453125,2778.366943359375,4092.25,59988.0,13516.0,4840.39990234375
2008-07-21,1260.0,2279.530029296875,5404.2998046875,6424.83984375,4327.14013671875,,22532.900390625,2861.41796875,4159.5,60772.0,13689.2001953125,5011.7998046875
2008-07-22,1277.0,2303.9599609375,5364.2001953125,6442.7900390625,4327.259765625,13184.9599609375,22527.48046875,2846.116943359375,4240.10009765625,59647.0,13643.2001953125,5005.60009765625
2008-07-23,1282.18994140625,2325.8798828125,5449.89990234375,6536.08984375,4408.740234375,13312.9296875,23134.55078125,2837.84912109375,4476.7998046875,59421.0,13512.7001953125,5105.2998046875
2008-07-24,1252.5400390625,2280.110107421875,5362.2998046875,6440.7001953125,4347.990234375,13603.3095703125,23087.720703125,2910.2919921875,4433.5498046875,57434.0,13206.099609375,5144.10009765625
2008-07-25,1257.760009765625,2310.530029296875,5352.60009765625,6436.7099609375,4377.18017578125,13334.759765625,22740.7109375,2865.10107421875,4311.85009765625,57199.0,13378.7998046875,4970.5
2008-07-28,1234.3699951171875,2264.219970703125,5312.60009765625,6351.14990234375,4324.4501953125,13353.7802734375,22687.2109375,2903.011962890625,4332.10009765625,56869.0,13304.0,4922.10009765625
2008-07-29,1263.199951171875,2319.6201171875,5319.2001953125,6398.7998046875,4320.490234375,13159.4501953125,22258.0,2850.31103515625,4189.85009765625,58043.0,13342.599609375,4847.39990234375
2008-07-30,1284.260009765625,2329.719970703125,5420.7001953125,6460.1201171875,4400.5498046875,13367.7900390625,22690.599609375,2836.66796875,4313.5498046875,59998.0,13683.2001953125,4936.7001953125
2008-07-31,1267.3800048828125,2325.550048828125,5411.89990234375,6479.56005859375,4392.35986328125,13376.8095703125,22731.099609375,2775.717041015625,4332.9501953125,59505.0,13592.900390625,4977.39990234375
2008-08-01,1260.31005859375,2310.9599609375,5354.7001953125,6396.4599609375,4314.33984375,13094.58984375,22862.599609375,2801.81689453125,4413.5498046875,57630.0,13496.5,4904.0
2008-08-04,1249.010009765625,2285.56005859375,5320.2001953125,6349.81005859375,4280.6298828125,12933.1796875,22514.919921875,2741.739990234375,4395.35009765625,55609.0,,4887.7001953125
2008-08-05,1284.8800048828125,2349.830078125,5454.5,6518.7001953125,4386.35009765625,12914.66015625,21949.75,2690.74609375,4502.85009765625,56471.0,13242.2001953125,4820.39990234375
2008-08-06,1289.18994140625,2378.3701171875,5486.10009765625,6561.39013671875,4448.330078125,13254.8896484375,,2719.367919921875,4517.5498046875,57542.0,13453.5,4969.10009765625
2008-08-07,1266.0699462890625,2355.72998046875,5477.5,6543.490234375,4457.43017578125,13124.990234375,22104.19921875,2727.576904296875,4523.85009765625,57018.0,13385.2001953125,4983.2998046875
2008-08-08,1296.3199462890625,2414.10009765625,5489.2001953125,6561.64990234375,4491.85009765625,13168.41015625,21885.2109375,2605.718994140625,4529.5,56584.0,13341.7001953125,4986.2001953125
2008-08-11,1305.3199462890625,2439.949951171875,5541.7998046875,6609.6298828125,4538.490234375,13430.91015625,21859.33984375,2470.073974609375,4620.39990234375,54720.0,13203.2001953125,5026.10009765625
2008-08-12,1289.5899658203125,2430.610107421875,5534.5,6585.8701171875,4518.47998046875,13303.599609375,21640.890625,2457.197998046875,4552.25,54503.0,13167.0,5053.60009765625
2008-08-13,1285.8299560546875,2428.6201171875,5448.60009765625,6422.18994140625,4402.97021484375,13023.0498046875,21293.3203125,2446.297119140625,4529.0498046875,54573.0,13377.2001953125,4951.60009765625
2008-08-14,1292.9300537109375,2453.669921875,5497.5,6442.2099609375,4420.91015625,12956.7998046875,21392.7109375,2437.08203125,4430.7001953125,55138.0,13358.900390625,4981.10009765625
2008-08-15,1298.199951171875,2452.52001953125,5454.7998046875,6446.02001953125,4453.6201171875,13019.41015625,21160.580078125,2450.610107421875,,54244.0,13096.7001953125,4981.7001953125
2008-08-18,1278.5999755859375,2416.97998046875,5450.2001953125,6432.8798828125,4448.83984375,13165.4501953125,20930.669921875,2319.867919921875,4393.0498046875,53327.0,13119.400390625,4985.0
2008-08-19,1266.68994140625,2384.360107421875,5320.39990234375,6282.43017578125,4332.7900390625,12865.0498046875,20484.369140625,2344.468994140625,4368.25,53639.0,13063.900390625,4866.39990234375
2008-08-20,1274.5400390625,2389.080078125,5371.7998046875,6317.7998046875,4365.8701171875,12851.6904296875,20931.259765625,2523.281982421875,4415.75,55377.0,13350.099609375,4929.5
2008-08-21,1277.719970703125,2380.3798828125,5370.2001953125,6236.9599609375,4304.60986328125,12752.2099609375,20392.060546875,2431.716064453125,4283.85009765625,55935.0,13539.2001953125,4875.2001953125
2008-08-22,1292.199951171875,2414.7099609375,5505.60009765625,6342.419921875,4400.4501953125,12666.0400390625,,2405.22607421875,4327.4501953125,55850.0,13447.2998046875,4931.39990234375
2008-08-25,1266.8399658203125,2365.590087890625,,6296.9501953125,4355.8701171875,12878.66015625,21104.7890625,2413.3740234375,4335.35009765625,54477.0,13289.0,5014.89990234375
2008-08-26,1271.510009765625,2361.969970703125,5470.7001953125,6340.52001953125,4368.5498046875,12778.7099609375,21056.66015625,2350.083984375,4337.5,54359.0,13299.099609375,5007.5
2008-08-27,1281.6600341796875,2382.4599609375,5528.2001953125,6321.02978515625,4373.080078125,12752.9599609375,21464.720703125,2342.14697265625,4292.10009765625,55519.0,13530.7001953125,5011.2001953125
2008-08-28,1300.6800537109375,2411.639892578125,5601.2001953125,6420.5400390625,4461.490234375,12768.25,20972.2890625,2350.14306640625,4214.0,56382.0,13750.5,5066.5
2008-08-29,1282.8299560546875,2367.52001953125,5636.60009765625,6422.2998046875,4482.60009765625,13072.8701171875,21261.890625,2397.368896484375,4360.0,55680.0,13771.2998046875,5135.60009765625
2008-09-01,,,5602.7998046875,6421.7998046875,4472.1298828125,12834.1796875,20906.310546875,2325.135009765625,4348.64990234375,55162.0,,5118.2998046875
2008-09-02,1277.5799560546875,2349.239990234375,5620.7001953125,6518.47021484375,4539.06982421875,12609.4697265625,21042.4609375,2304.89111328125,4504.0,54404.0,13299.5,5116.0
2008-09-03,1274.97998046875,2333.72998046875,5499.7001953125,6467.490234375,4447.1298828125,12689.58984375,20585.060546875,2276.672119140625,,53527.0,13137.7001953125,5060.0
2008-09-04,1236.8299560546875,2259.0400390625,5362.10009765625,6279.56982421875,4304.009765625,12557.66015625,20389.48046875,2277.410888671875,4447.75,51409.0,12814.099609375,4979.5
2008-09-05,1242.31005859375,2255.8798828125,5240.7001953125,6127.43994140625,4196.66015625,12212.23046875,19933.279296875,2202.446044921875,4352.2998046875,51940.0,12816.400390625,4877.10009765625
2008-09-08,1267.7900390625,2269.760009765625,5446.2998046875,6263.740234375,4340.18017578125,12624.4599609375,20794.26953125,2143.4208984375,4482.2998046875,50718.0,12634.599609375,5067.5
2008-09-09,1224.510009765625,2209.81005859375,5415.60009765625,6233.41015625,4293.33984375,12400.650390625,20491.109375,2145.779052734375,4468.7001953125,48435.0,12146.7998046875,4980.10009765625
2008-09-10,1232.0400390625,2228.699951171875,5366.2001953125,6210.31982421875,4283.66015625,12346.6298828125,19999.779296875,2150.759033203125,4400.25,49633.0,12497.2001953125,4905.5
2008-09-11,1249.050048828125,2258.219970703125,5318.39990234375,6178.89990234375,4249.06982421875,12102.5,19388.720703125,2078.98095703125,4290.2998046875,51270.0,12612.7998046875,4814.2998046875
2008-09-12,1251.699951171875,2261.27001953125,5416.7001953125,6234.89013671875,4332.66015625,12214.759765625,19352.900390625,2079.673095703125,4228.4501953125,52393.0,12769.599609375,4903.7998046875
2008-09-15,1192.699951171875,2179.909912109375,5204.2001953125,6064.16015625,4168.97021484375,,,,4072.89990234375,48416.0,12254.0,4817.7001953125
2008-09-16,1213.5999755859375,2207.89990234375,5025.60009765625,5965.169921875,4087.39990234375,11609.7197265625,18300.609375,1986.635986328125,4074.89990234375,49229.0,12227.0,4750.7998046875
2008-09-17,1156.3900146484375,2098.85009765625,4912.39990234375,5860.97998046875,4000.110107421875,11749.7900390625,17637.189453125,1929.0469970703125,4008.25,45909.0,11877.7001953125,4722.2001953125
2008-09-18,1206.510009765625,2199.10009765625,4880.0,5863.419921875,3957.860107421875,11489.2998046875,17632.4609375,1895.8370361328125,4038.14990234375,48423.0,12064.599609375,4607.2998046875
2008-09-19,1255.0799560546875,2273.89990234375,5311.2998046875,6189.52978515625,4324.8701171875,11920.8603515625,19327.73046875,2075.091064453125,4245.25,53055.0,12913.0,4804.10009765625
2008-09-22,1207.0899658203125,2178.97998046875,5236.2998046875,6107.75,4223.509765625,12090.58984375,19632.19921875,2236.409912109375,4223.0498046875,51541.0,12638.099609375,5020.5
2008-09-23,1188.219970703125,2153.330078125,5136.10009765625,6068.52978515625,4139.81982421875,,18872.849609375,2201.510009765625,4126.89990234375,49593.0,12532.599609375,4923.5
2008-09-24,1185.8699951171875,2155.679931640625,5095.60009765625,6052.8701171875,4114.5400390625,12115.0302734375,18961.990234375,2216.81103515625,4161.25,49843.0,12513.400390625,4981.89990234375
2008-09-25,1209.1800537109375,2186.570068359375,5197.0,6173.02978515625,4226.81005859375,12006.5302734375,18934.4296875,2297.5009765625,4110.5498046875,51828.0,12546.5,4927.39990234375
2008-09-26,1213.27001953125,2183.340087890625,5088.5,6063.5,4163.3798828125,11893.16015625,18682.08984375,2293.783935546875,3985.25,50783.0,12126.0,4904.7998046875
2008-09-29,1106.4200439453125,1983.72998046875,4818.7998046875,5807.080078125,3953.47998046875,11743.6103515625,17880.6796875,,3850.050048828125,46028.0,11285.099609375,4807.39990234375
2008-09-30,1166.3599853515625,2091.8798828125,4902.5,5831.02001953125,4032.10009765625,11259.8603515625,18016.2109375,,3921.199951171875,49541.0,11752.900390625,4600.5
2008-10-01,1161.06005859375,2069.39990234375,4959.60009765625,5806.330078125,4054.5400390625,11368.259765625,,,3950.75,49799.0,11714.5,4794.60009765625
2008-10-02,1114.280029296875,1976.719970703125,4870.2998046875,5660.6298828125,3963.280029296875,11154.759765625,18211.109375,,,46145.0,10900.5,4761.10009765625
2008-10-03,1099.22998046875,1947.3900146484373,4980.2998046875,5797.02978515625,4080.75,10938.1396484375,17682.400390625,,3818.300048828125,44517.0,10803.400390625,4695.39990234375
2008-10-06,1056.8900146484375,1862.9599609375,4589.2001953125,5387.009765625,3711.97998046875,10473.08984375,16803.759765625,2173.738037109375,3602.35009765625,42101.0,10230.400390625,4540.39990234375
2008-10-07,996.22998046875,1754.8800048828125,4605.2001953125,5326.6298828125,3732.219970703125,10155.900390625,,2157.839111328125,3606.60009765625,40140.0,9829.599609375,4618.7001953125
2008-10-08,984.9400024414062,1740.3299560546875,4366.7001953125,5013.6201171875,3496.889892578125,9203.3203125,15431.73046875,2092.22412109375,3513.64990234375,38594.0,10056.2998046875,4388.10009765625
2008-10-09,909.9199829101562,1645.1199951171875,4313.7998046875,4887.0,3442.699951171875,9157.490234375,15943.240234375,2074.5830078125,,37080.0,9600.2001953125,4320.89990234375
2008-10-10,899.219970703125,1649.510009765625,3932.10009765625,4544.31005859375,3176.489990234375,8276.4296875,14796.8701171875,2000.572021484375,3279.949951171875,35610.0,9065.2001953125,3960.699951171875
2008-10-13,1003.3499755859376,1844.25,4256.89990234375,5062.4501953125,3531.5,,16312.16015625,2073.568115234375,3490.699951171875,40829.0,,4180.7001953125
2008-10-14,998.010009765625,1779.010009765625,4394.2001953125,5199.18994140625,3628.52001953125,9447.5703125,16832.880859375,2017.321044921875,3518.64990234375,41569.0,9955.7001953125,4335.2001953125
2008-10-15,907.8400268554688,1628.3299560546875,4079.60009765625,4861.6298828125,3381.070068359375,9547.4697265625,15998.2998046875,1994.6669921875,3338.39990234375,36833.0,9323.900390625,4300.0
2008-10-16,946.4299926757812,1717.7099609375,3861.39990234375,4622.81005859375,3181.0,8458.4501953125,15230.51953125,1909.9410400390625,3269.300048828125,36442.0,9270.0,4013.39990234375
2008-10-17,940.5499877929688,1711.2900390625,4063.0,4781.330078125,3329.919921875,8693.8203125,14554.2099609375,1930.6510009765625,3074.35009765625,36399.0,9562.5,3970.800048828125
2008-10-20,985.4000244140624,1770.030029296875,4282.7001953125,4835.009765625,3448.510009765625,9005.58984375,15323.009765625,1974.0059814453125,3122.800048828125,39441.0,10251.400390625,4142.2998046875
2008-10-21,955.0499877929688,1696.6800537109375,4229.7001953125,4784.41015625,3475.39990234375,9306.25,15041.169921875,1958.529052734375,3234.89990234375,39043.0,9795.7998046875,4302.5
2008-10-22,896.780029296875,1615.75,4040.89990234375,4571.06982421875,3298.179931640625,8674.6904296875,14266.599609375,1895.822021484375,3065.14990234375,35070.0,9236.900390625,4156.10009765625
2008-10-23,908.1099853515624,1603.9100341796875,4087.800048828125,4519.7001953125,3310.8701171875,8460.98046875,13760.490234375,1875.56103515625,2943.14990234375,33818.0,9331.400390625,3974.39990234375
2008-10-24,876.77001953125,1552.030029296875,3883.39990234375,4295.669921875,3193.7900390625,7649.080078125,12618.3798828125,1839.6209716796875,2584.0,31482.0,9294.099609375,3869.39990234375
2008-10-27,848.9199829101562,1505.9000244140625,3852.60009765625,4334.64013671875,3067.35009765625,7162.89990234375,11015.83984375,1723.3509521484375,2524.199951171875,29435.0,8537.2998046875,3809.199951171875
2008-10-28,940.510009765625,1649.469970703125,3926.39990234375,4823.4501953125,3114.919921875,7621.919921875,12596.2900390625,1771.821044921875,,33387.0,9151.599609375,3794.60009765625
2008-10-29,930.0900268554688,1657.2099609375,4242.5,4808.68994140625,3402.570068359375,8211.900390625,12702.0703125,1719.81201171875,2697.050048828125,34845.0,9501.599609375,3845.60009765625
2008-10-30,954.0900268554688,1698.52001953125,4291.7001953125,4869.2998046875,3407.820068359375,9029.759765625,14329.849609375,1763.6070556640625,,37449.0,9856.2001953125,4001.10009765625
2008-10-31,968.75,1720.949951171875,4377.2998046875,4987.97021484375,3487.070068359375,8576.98046875,13968.669921875,1728.7860107421875,2885.60009765625,37257.0,9762.7998046875,4018.0
2008-11-03,966.2999877929688,1726.3299560546875,4443.2998046875,5026.83984375,3527.969970703125,,14344.3701171875,1719.7740478515625,3043.85009765625,38249.0,9721.2998046875,4221.5
2008-11-04,1005.75,1780.1199951171875,4639.5,5278.0400390625,3691.090087890625,9114.599609375,14384.33984375,1706.7030029296875,3142.10009765625,40255.0,10116.599609375,4215.10009765625
2008-11-05,952.77001953125,1681.6400146484375,4530.7001953125,5166.8701171875,3618.110107421875,9521.240234375,14840.16015625,1760.6090087890625,2994.949951171875,37786.0,9887.2001953125,4336.60009765625
2008-11-06,904.8800048828124,1608.699951171875,4272.39990234375,4813.56982421875,3387.25,8899.1396484375,13790.0400390625,1717.7220458984375,2892.64990234375,36362.0,9555.400390625,4149.7001953125
2008-11-07,930.989990234375,1647.4000244140625,4365.0,4938.4599609375,3469.1201171875,8583.0,14243.4296875,1747.7130126953125,2973.0,36665.0,9596.2001953125,4051.300048828125
2008-11-10,919.2100219726562,1616.739990234375,4403.89990234375,5025.52978515625,3505.75,9081.4296875,14744.6298828125,1874.801025390625,3148.25,36776.0,9688.7998046875,4107.7998046875
2008-11-11,898.9500122070312,1580.9000244140625,4246.7001953125,4761.580078125,3336.409912109375,8809.2998046875,14040.900390625,1843.6070556640625,2938.64990234375,37262.0,9424.0,3960.89990234375
2008-11-12,852.2999877929688,1499.2099609375,4182.0,4620.7998046875,3233.9599609375,8695.509765625,13939.08984375,1859.1099853515625,2848.449951171875,34374.0,8922.599609375,3927.300048828125
2008-11-13,911.2899780273438,1596.699951171875,4169.2001953125,4649.52001953125,3269.4599609375,8238.6396484375,13221.349609375,1927.613037109375,,35993.0,9352.7998046875,3697.300048828125
2008-11-14,873.2899780273438,1516.8499755859375,4233.0,4710.240234375,3291.469970703125,8462.3896484375,13542.66015625,1986.43798828125,2810.35009765625,35789.0,9056.0,3748.10009765625
2008-11-17,850.75,1482.050048828125,4132.2001953125,4557.27001953125,3182.030029296875,8522.580078125,13529.5302734375,2030.4849853515625,2799.550048828125,35717.0,8795.5,3653.0
2008-11-18,859.1199951171875,1483.27001953125,4208.60009765625,4579.47021484375,3217.39990234375,8328.41015625,12915.8896484375,1902.4300537109373,2683.14990234375,34095.0,8835.7001953125,3523.199951171875
2008-11-19,806.5800170898438,1386.4200439453125,4005.699951171875,4354.08984375,3087.889892578125,8273.2197265625,12815.7998046875,2017.4739990234373,2635.0,33405.0,8490.599609375,3499.60009765625
2008-11-20,752.4400024414062,1316.1199951171875,3875.0,4220.2001953125,2980.419921875,7703.0400390625,12298.5595703125,1983.760009765625,2553.14990234375,,7724.7998046875,3352.89990234375
2008-11-21,800.030029296875,1384.3499755859375,3781.0,4127.41015625,2881.260009765625,7910.7900390625,12659.2001953125,1969.3890380859373,2693.449951171875,31251.0,8155.39990234375,3416.5
2008-11-24,851.8099975585938,1472.02001953125,4153.0,4554.330078125,3172.110107421875,,12457.9404296875,1897.06005859375,2708.25,34189.0,8440.900390625,3425.10009765625
2008-11-25,857.3900146484375,1464.72998046875,4171.2998046875,4560.419921875,3209.56005859375,8323.9296875,12878.599609375,1888.7149658203125,2654.0,34813.0,8442.900390625,3623.39990234375
2008-11-26,887.6799926757812,1532.0999755859375,4152.7001953125,4560.5,3169.85009765625,8213.2197265625,13369.4501953125,1897.884033203125,2752.25,36470.0,8643.5,3540.0
2008-11-27,,,4226.10009765625,4665.27001953125,3250.389892578125,8373.3896484375,13552.0595703125,1917.8609619140625,,36213.0,8753.7998046875,3588.0
2008-11-28,896.239990234375,1535.5699462890625,4288.0,4669.43994140625,3262.679931640625,8512.26953125,13888.240234375,1871.156005859375,2755.10009765625,36596.0,9270.599609375,3742.5
2008-12-01,816.2100219726562,1398.0699462890625,4065.5,4394.7900390625,3080.429931640625,8397.2197265625,14108.83984375,1894.614990234375,2682.89990234375,34741.0,8406.2001953125,3681.199951171875
2008-12-02,848.8099975585938,1449.800048828125,4122.89990234375,4531.7900390625,3152.89990234375,7863.68994140625,13405.849609375,1889.637939453125,2657.800048828125,35001.0,8327.7998046875,3528.199951171875
2008-12-03,870.739990234375,1492.3800048828125,4170.0,4567.240234375,3166.64990234375,8004.10009765625,13588.66015625,1965.4139404296875,2656.449951171875,35297.0,8297.0,3533.800048828125
2008-12-04,845.219970703125,1445.56005859375,4163.60009765625,4564.22998046875,3161.159912109375,7924.240234375,13509.7802734375,2001.5040283203125,2788.0,35128.0,8057.7998046875,3532.39990234375
2008-12-05,876.0700073242188,1509.31005859375,4049.39990234375,4381.47021484375,2988.010009765625,7917.509765625,13846.08984375,2018.656005859375,2714.39990234375,35347.0,8117.0,3489.89990234375
2008-12-08,909.7000122070312,1571.739990234375,4300.10009765625,4715.8798828125,3247.47998046875,8329.0498046875,15044.8701171875,2090.77294921875,2784.0,38285.0,8567.099609375,3631.60009765625
2008-12-09,888.6699829101562,1547.3399658203125,4381.2998046875,4779.10986328125,3297.800048828125,8395.8701171875,14753.2197265625,2037.739990234375,,37968.0,8397.599609375,3604.300048828125
2008-12-10,899.239990234375,1565.47998046875,4367.2998046875,4804.8798828125,3320.31005859375,8660.240234375,15577.740234375,2079.116943359375,2928.25,39004.0,8634.0,3640.699951171875
2008-12-11,873.5900268554688,1507.8800048828125,4388.7001953125,4767.2001953125,3306.1298828125,8720.5498046875,15613.900390625,2031.6810302734373,2920.14990234375,38519.0,8391.900390625,3598.0
2008-12-12,879.72998046875,1540.719970703125,4280.39990234375,4663.3701171875,3213.60009765625,8235.8701171875,14758.3896484375,1954.2149658203125,2921.35009765625,39374.0,8515.5,3510.39990234375
2008-12-15,868.5700073242188,1508.3399658203125,4277.60009765625,4654.81982421875,3185.659912109375,8664.66015625,15046.9501953125,1964.3740234375,2981.199951171875,38320.0,8461.7998046875,3591.39990234375
2008-12-16,913.1799926757812,1589.8900146484375,4309.10009765625,4729.91015625,3251.659912109375,8568.01953125,15130.2099609375,1975.0059814453125,3041.75,39993.0,8724.099609375,3556.199951171875
2008-12-17,904.4199829101562,1579.31005859375,4324.2001953125,4708.3798828125,3241.919921875,8612.51953125,15460.51953125,1976.8189697265625,2954.35009765625,39947.0,8724.099609375,3570.60009765625
2008-12-18,885.280029296875,1552.3699951171875,4330.7001953125,4756.39990234375,3234.14990234375,8667.23046875,15497.8095703125,2015.6939697265625,3060.75,39536.0,8425.400390625,3581.199951171875
2008-12-19,887.8800048828125,1564.3199462890625,4286.89990234375,4696.7001953125,3225.89990234375,8588.51953125,15127.509765625,2018.4630126953125,3077.5,39131.0,8552.0,3615.699951171875
2008-12-22,871.6300048828125,1532.3499755859375,4249.2001953125,4639.02001953125,3151.360107421875,8723.7802734375,14622.3896484375,1987.7550048828125,3039.300048828125,37619.0,8249.5,3557.39990234375
2008-12-23,863.1599731445312,1521.5400390625,4256.0,4629.3798828125,3128.409912109375,,14220.7900390625,1897.2249755859373,2968.64990234375,36471.0,8311.900390625,3531.39990234375
2008-12-24,868.1500244140625,1524.9000244140625,4216.60009765625,,3116.2099609375,8517.099609375,14184.1396484375,1863.800048828125,2916.85009765625,,8310.599609375,3582.199951171875
2008-12-25,,,,,,8599.5,,1852.4189453125,,,,
2008-12-26,872.7999877929688,1530.239990234375,,,,8739.51953125,,1851.5179443359373,2857.25,36864.0,,
2008-12-29,869.4199829101562,1510.3199462890625,4319.39990234375,4704.85986328125,3130.719970703125,8747.169921875,14328.48046875,1850.47998046875,2922.199951171875,37060.0,8637.2998046875,3621.10009765625
2008-12-30,890.6400146484375,1550.699951171875,4392.7001953125,4810.2001953125,3217.1298828125,8859.5595703125,14235.5,1832.9100341796875,2979.5,37550.0,8830.7001953125,3654.199951171875
2008-12-31,903.25,1577.030029296875,4434.2001953125,,3217.969970703125,,14387.48046875,1820.8050537109373,2959.14990234375,,8987.7001953125,3722.300048828125
2009-01-02,931.7999877929688,1632.2099609375,4561.7998046875,4973.06982421875,3349.68994140625,,15042.8095703125,,3046.75,40244.0,9234.099609375,3713.800048828125
2009-01-05,927.4500122070312,1628.030029296875,4579.60009765625,4983.990234375,3359.919921875,9043.1201171875,15563.3095703125,1880.7159423828125,3121.449951171875,41519.0,9285.5,3687.0
2009-01-06,934.7000122070312,1652.3800048828125,4638.89990234375,5026.31005859375,3396.219970703125,9080.83984375,15509.509765625,1937.14501953125,3112.800048828125,42312.0,9472.099609375,3742.699951171875
2009-01-07,906.6500244140624,1599.06005859375,4507.5,4937.47021484375,3346.090087890625,9239.240234375,14987.4599609375,1924.011962890625,2920.39990234375,40820.0,9121.2998046875,3779.699951171875
2009-01-08,909.72998046875,1617.010009765625,4505.39990234375,4879.91015625,3324.330078125,8876.419921875,14415.91015625,1878.1810302734373,,41991.0,9221.599609375,3694.300048828125
2009-01-09,890.3499755859375,1571.5899658203125,4448.5,4783.89013671875,3299.5,8836.7998046875,14377.4404296875,1904.8609619140625,2873.0,41583.0,9085.2001953125,3735.699951171875
2009-01-12,870.260009765625,1538.7900390625,4426.2001953125,4719.6201171875,3246.1201171875,,13971.0,1900.3470458984373,2773.10009765625,39403.0,8793.2998046875,3683.300048828125
2009-01-13,871.7899780273438,1546.4599609375,4399.2001953125,4636.93994140625,3197.889892578125,8413.91015625,13668.0498046875,1863.366943359375,2744.949951171875,39544.0,8961.599609375,3654.60009765625
2009-01-14,842.6199951171875,1489.6400146484375,4180.60009765625,4422.35009765625,3052.0,8438.4501953125,13704.6103515625,1928.8690185546875,2835.300048828125,37982.0,8688.400390625,3687.0
2009-01-15,843.739990234375,1511.8399658203125,4121.10009765625,4336.72998046875,2995.8798828125,8023.31005859375,13242.9599609375,1920.2060546875,2736.699951171875,39151.0,8879.599609375,3529.5
2009-01-16,850.1199951171875,1529.3299560546875,4147.10009765625,4366.27978515625,3016.75,8230.150390625,13255.509765625,1954.43798828125,2828.449951171875,39342.0,8920.400390625,3550.89990234375
2009-01-19,,,4108.5,4316.14013671875,2989.68994140625,8256.849609375,13339.990234375,1986.6719970703125,2846.199951171875,38828.0,8841.5,3589.300048828125
2009-01-20,805.219970703125,1440.8599853515625,4091.39990234375,4239.85009765625,2925.280029296875,8065.7900390625,12959.76953125,1994.1070556640625,2796.60009765625,37272.0,8504.900390625,3476.60009765625
2009-01-21,840.239990234375,1507.0699462890625,4059.89990234375,4261.14990234375,2905.570068359375,7901.64013671875,12583.6298828125,1985.0159912109373,2706.14990234375,38543.0,8757.900390625,3442.800048828125
2009-01-22,827.5,1465.489990234375,4052.199951171875,4219.419921875,2869.6201171875,8051.740234375,12657.990234375,2004.9510498046875,2713.800048828125,37894.0,8486.599609375,3486.800048828125
2009-01-23,831.9500122070312,1477.2900390625,4052.5,4178.93994140625,2849.139892578125,7745.25,12578.599609375,1990.656982421875,2678.550048828125,38132.0,8628.0,3342.699951171875
2009-01-26,836.5700073242188,1489.4599609375,4209.0,4326.8701171875,2955.3701171875,7682.14013671875,,,,38509.0,8656.5,
2009-01-27,845.7100219726562,1504.9000244140625,4194.39990234375,4323.419921875,2954.530029296875,8061.06982421875,,,2771.35009765625,38699.0,8759.599609375,3444.0
2009-01-28,874.0900268554688,1558.3399658203125,4295.2001953125,4518.72021484375,3076.010009765625,8106.2900390625,,,2849.5,40227.0,8906.2001953125,3495.5
2009-01-29,845.1400146484375,1507.8399658203125,4190.10009765625,4428.10986328125,3009.75,8251.240234375,13154.4296875,,2823.949951171875,39638.0,8762.7998046875,3526.199951171875
2009-01-30,825.8800048828125,1476.4200439453125,4149.60009765625,4338.35009765625,2973.919921875,7994.0498046875,13278.2099609375,,2874.800048828125,39301.0,8694.900390625,3540.699951171875
2009-02-02,825.4400024414062,1494.4300537109375,4077.800048828125,4271.0400390625,2930.050048828125,7873.97998046875,12861.490234375,2011.6829833984373,2766.64990234375,38666.0,8624.7998046875,3497.39990234375
2009-02-03,838.510009765625,1516.300048828125,4164.5,4374.9599609375,2982.389892578125,7825.509765625,12776.8896484375,2060.80810546875,2783.89990234375,39747.0,8628.599609375,3508.699951171875
2009-02-04,832.22998046875,1515.050048828125,4228.60009765625,4492.7900390625,3068.989990234375,8038.93994140625,13063.8896484375,2107.7490234375,2803.050048828125,40129.0,8693.099609375,3437.89990234375
2009-02-05,845.8499755859375,1546.239990234375,4228.89990234375,4510.490234375,3066.2900390625,7949.64990234375,13178.900390625,2098.01806640625,2780.050048828125,41109.0,8861.0,3428.60009765625
2009-02-06,868.5999755859375,1591.7099609375,4291.89990234375,4644.6298828125,3122.7900390625,8076.6201171875,13655.0400390625,2181.239013671875,2843.10009765625,42756.0,9008.0,3469.89990234375
2009-02-09,869.8900146484375,1591.56005859375,4307.60009765625,4666.81982421875,3134.8701171875,7969.02978515625,13769.0595703125,2224.714111328125,2919.89990234375,42100.0,9047.2998046875,3508.60009765625
2009-02-10,827.1599731445312,1524.72998046875,4213.10009765625,4505.5400390625,3020.75,7945.93994140625,13880.6396484375,2265.160888671875,2934.5,41207.0,8817.900390625,3488.699951171875
2009-02-11,833.739990234375,1530.5,4234.2998046875,4530.08984375,3027.719970703125,,13539.2099609375,2260.820068359375,2925.699951171875,40846.0,8737.900390625,3474.39990234375
2009-02-12,835.1900024414062,1541.7099609375,4202.2001953125,4407.56005859375,2964.340087890625,7705.35986328125,13228.2998046875,2248.091064453125,2893.050048828125,40501.0,8778.7998046875,3514.300048828125
2009-02-13,826.8400268554688,1534.3599853515625,4189.60009765625,4413.39013671875,2997.860107421875,7779.39990234375,13554.669921875,2320.7919921875,2948.35009765625,41674.0,8678.099609375,3559.10009765625
2009-02-16,,,4134.7998046875,4366.64013671875,2962.219970703125,7750.169921875,13455.8798828125,2389.386962890625,2848.5,41841.0,,3516.89990234375
2009-02-17,789.1699829101562,1470.6600341796875,4034.10009765625,4216.60009765625,2875.22998046875,7645.509765625,12945.400390625,2319.44091796875,2770.5,39847.0,8378.7001953125,3464.300048828125
2009-02-18,788.4199829101562,1467.969970703125,4006.800048828125,4204.9599609375,2874.070068359375,7534.43994140625,13016.0,2209.862060546875,2776.14990234375,39674.0,8176.0,3413.199951171875
2009-02-19,778.9400024414062,1442.8199462890625,4018.39990234375,4215.2099609375,2872.60009765625,7557.64990234375,13023.3603515625,2227.125,2789.35009765625,39730.0,8185.39990234375,3448.89990234375
2009-02-20,770.0499877929688,1441.22998046875,3889.10009765625,4014.659912109375,2750.550048828125,7416.3798828125,12699.169921875,2261.47802734375,2736.449951171875,38715.0,7950.0,3402.39990234375
2009-02-23,743.3300170898438,1387.719970703125,3850.699951171875,3936.449951171875,2727.8701171875,7376.16015625,13175.099609375,2305.777099609375,,,7647.7001953125,3351.199951171875
2009-02-24,773.1400146484375,1441.8299560546875,3816.39990234375,3895.75,2708.050048828125,7268.56005859375,12798.51953125,2200.654052734375,2733.89990234375,,7859.2998046875,3331.60009765625
2009-02-25,764.9000244140625,1425.4300537109375,3849.0,3846.2099609375,2696.919921875,7461.22021484375,13005.080078125,2206.573974609375,2762.5,38232.0,7932.2998046875,3327.5
2009-02-26,752.8300170898438,1391.469970703125,3915.60009765625,3942.6201171875,2744.840087890625,7457.93017578125,12894.9404296875,2121.2509765625,2785.64990234375,38180.0,8186.7998046875,3345.5
2009-02-27,735.0900268554688,1377.8399658203125,3830.10009765625,3843.739990234375,2702.47998046875,7568.419921875,12811.5703125,2082.85205078125,2763.64990234375,38183.0,8123.0,3344.5
2009-03-02,700.8200073242188,1322.8499755859375,3625.800048828125,3710.070068359375,2581.4599609375,7280.14990234375,12317.4599609375,2093.447021484375,2674.60009765625,36235.0,7687.5,3250.10009765625
2009-03-03,696.3300170898438,1321.010009765625,3512.10009765625,3690.719970703125,2554.550048828125,7229.72021484375,12033.8798828125,2071.430908203125,2622.39990234375,36468.0,7631.60009765625,3219.199951171875
2009-03-04,712.8699951171875,1353.739990234375,3645.89990234375,3890.93994140625,2675.679931640625,7290.9599609375,12331.150390625,2198.10693359375,2645.199951171875,38402.0,7814.7998046875,3166.39990234375
2009-03-05,682.5499877929688,1299.5899658203125,3529.89990234375,3695.489990234375,2569.6298828125,7433.490234375,12211.240234375,2221.075927734375,2576.699951171875,37369.0,7629.2001953125,3188.5
2009-03-06,683.3800048828125,1293.8499755859375,3530.699951171875,3666.409912109375,2534.449951171875,7173.10009765625,11921.51953125,2193.007080078125,2620.14990234375,37105.0,7591.5,3145.5
2009-03-09,676.530029296875,1268.6400146484375,3542.39990234375,3692.030029296875,2519.2900390625,7086.02978515625,11344.580078125,2118.748046875,2573.14990234375,36741.0,7566.89990234375,3154.5
2009-03-10,719.5999755859375,1358.280029296875,3715.199951171875,3886.97998046875,2663.679931640625,7054.97998046875,11694.0498046875,2158.568115234375,,38795.0,7880.39990234375,3184.5
2009-03-11,721.3599853515625,1371.6400146484375,3693.800048828125,3914.10009765625,2674.199951171875,7376.1201171875,11930.66015625,2139.02490234375,,38805.0,8011.0,3244.39990234375
2009-03-12,750.739990234375,1426.0999755859375,3712.10009765625,3956.219970703125,2694.25,7198.25,12001.5302734375,2133.881103515625,2617.449951171875,39152.0,8282.2998046875,3235.5
2009-03-13,756.5499877929688,1431.5,3753.699951171875,3953.60009765625,2705.6298828125,7569.27978515625,12525.7998046875,2128.847900390625,2719.25,39015.0,8303.400390625,3345.199951171875
2009-03-16,753.8900146484375,1404.02001953125,3864.0,4044.5400390625,2791.659912109375,7704.14990234375,12976.7099609375,2153.291015625,2777.25,38607.0,8386.7001953125,3348.39990234375
2009-03-17,778.1199951171875,1462.1099853515625,3857.10009765625,3987.77001953125,2767.280029296875,7949.1298828125,12878.08984375,2218.325927734375,2757.449951171875,39511.0,8559.599609375,3451.89990234375
2009-03-18,794.3499755859375,1491.219970703125,3805.0,3996.320068359375,2760.340087890625,7972.169921875,13117.169921875,2223.72509765625,2794.699951171875,40142.0,8629.099609375,3446.300048828125
2009-03-19,784.0399780273438,1483.47998046875,3816.89990234375,4043.4599609375,2776.989990234375,7945.9599609375,13130.919921875,2265.759033203125,2807.14990234375,40453.0,8690.5,3480.199951171875
2009-03-20,768.5399780273438,1457.27001953125,3842.89990234375,4068.739990234375,2791.139892578125,,12833.509765625,2281.0869140625,2807.050048828125,40076.0,8506.400390625,3465.800048828125
2009-03-23,822.9199829101562,1555.77001953125,3952.800048828125,4176.3701171875,2869.570068359375,8215.5302734375,13447.419921875,2325.47998046875,2939.89990234375,42439.0,8958.5,3550.300048828125
2009-03-24,806.1199951171875,1516.52001953125,3911.5,4187.35986328125,2874.389892578125,8488.2998046875,13910.33984375,2338.419921875,2938.699951171875,41476.0,8849.400390625,3580.0
2009-03-25,813.8800048828125,1528.949951171875,3900.300048828125,4223.2900390625,2893.449951171875,8479.990234375,13622.1103515625,2291.554931640625,2984.35009765625,41799.0,8797.400390625,3609.300048828125
2009-03-26,832.8599853515625,1587.0,3925.199951171875,4259.3701171875,2892.070068359375,8636.330078125,14108.98046875,2361.7041015625,3082.25,42589.0,8995.5,3646.60009765625
2009-03-27,815.9400024414062,1545.199951171875,3898.89990234375,4203.5498046875,2840.6201171875,8626.9697265625,14119.5,2374.43798828125,3108.64990234375,41907.0,8821.099609375,3672.300048828125
2009-03-30,787.530029296875,1501.800048828125,3762.89990234375,3989.22998046875,2719.340087890625,8236.080078125,13456.330078125,2358.0400390625,2978.14990234375,40653.0,8596.2001953125,3604.39990234375
2009-03-31,797.8699951171875,1528.5899658203125,3926.10009765625,4084.760009765625,2807.340087890625,8109.52978515625,13576.01953125,2373.212890625,3020.949951171875,40926.0,8720.400390625,3582.10009765625
2009-04-01,811.0800170898438,1551.5999755859375,3955.60009765625,4131.06982421875,2839.610107421875,8351.91015625,13519.5400390625,2408.01708984375,3060.35009765625,41976.0,8941.7998046875,3579.699951171875
2009-04-02,834.3800048828125,1602.6300048828125,4125.0,4381.919921875,2992.06005859375,8719.7802734375,14521.9697265625,2425.291015625,3211.050048828125,43736.0,9073.099609375,3680.199951171875
2009-04-03,842.5,1621.8699951171875,4029.699951171875,4384.990234375,2958.739990234375,8749.83984375,14545.6904296875,2419.778076171875,,44391.0,9065.7998046875,3735.60009765625
2009-04-06,835.47998046875,1606.7099609375,3993.5,4349.81005859375,2929.75,8857.9296875,14998.0400390625,,3256.60009765625,44167.0,9016.2001953125,3756.60009765625
2009-04-07,815.5499877929688,1561.6099853515625,3930.5,4322.5,2902.31005859375,8832.849609375,14928.9697265625,2439.181884765625,,43825.0,8824.7998046875,3706.300048828125
2009-04-08,825.1599731445312,1590.6600341796875,3925.5,4357.919921875,2921.06005859375,8595.009765625,14474.8603515625,2347.385009765625,3342.949951171875,44182.0,8969.2998046875,3619.5
2009-04-09,856.5599975585938,1652.5400390625,3983.699951171875,4491.1201171875,2974.179931640625,8916.0595703125,14901.41015625,2379.8759765625,3342.050048828125,45539.0,9187.099609375,3671.60009765625
2009-04-10,,,,,,8964.1103515625,,2444.22607421875,,,,
2009-04-13,858.72998046875,1653.31005859375,,,,8924.4296875,,2513.700927734375,3382.60009765625,45992.0,9285.599609375,
2009-04-14,841.5,1625.719970703125,3989.0,4557.009765625,3000.219970703125,8842.6796875,15580.16015625,2527.180908203125,,45418.0,9231.599609375,3752.89990234375
2009-04-15,852.0599975585938,1626.800048828125,3968.39990234375,4549.7900390625,2985.739990234375,8742.9599609375,15669.6201171875,2536.055908203125,3484.14990234375,45273.0,9246.099609375,3747.5
2009-04-16,865.2999877929688,1670.43994140625,4053.0,4609.4599609375,3038.179931640625,8755.259765625,15582.990234375,2534.134033203125,3369.5,46025.0,9343.400390625,3775.699951171875
2009-04-17,869.5999755859375,1673.0699462890625,4092.800048828125,4676.83984375,3091.9599609375,8907.580078125,15601.26953125,2503.93505859375,3384.39990234375,45778.0,9437.7001953125,3776.699951171875
2009-04-20,832.3900146484375,1608.2099609375,3990.89990234375,4486.2998046875,2969.39990234375,8924.75,15750.91015625,2557.4560546875,3377.10009765625,44433.0,9126.2001953125,3769.0
2009-04-21,850.0800170898438,1643.8499755859375,3987.5,4501.6298828125,2973.93994140625,8711.330078125,15285.8896484375,2535.827880859375,3365.300048828125,,9247.2001953125,3677.39990234375
2009-04-22,843.5499877929688,1646.1199951171875,4030.699951171875,4594.419921875,3025.239990234375,8727.2998046875,14878.4501953125,2461.345947265625,3330.300048828125,44888.0,9279.2001953125,3668.199951171875
2009-04-23,851.9199829101562,1652.2099609375,4018.199951171875,4538.2099609375,3008.6201171875,8847.009765625,15214.4599609375,2463.9541015625,3423.699951171875,45801.0,9409.5,3743.0
2009-04-24,866.22998046875,1694.2900390625,4156.0,4674.31982421875,3102.85009765625,8707.990234375,15258.849609375,2448.594970703125,3480.75,46772.0,9549.5,3712.300048828125
2009-04-27,857.510009765625,1679.4100341796875,4167.0,4694.06982421875,3102.429931640625,8726.33984375,14840.419921875,2405.347900390625,3470.0,45820.0,9394.7998046875,3731.60009765625
2009-04-28,855.1599731445312,1673.81005859375,4096.39990234375,4607.419921875,3051.02001953125,8493.76953125,14555.1103515625,2401.43798828125,3362.35009765625,45821.0,9348.0,3708.39990234375
2009-04-29,873.6400146484375,1711.93994140625,4189.60009765625,4704.56005859375,3116.93994140625,,14956.9501953125,2468.19189453125,3473.949951171875,47227.0,9416.2998046875,3695.300048828125
2009-04-30,872.8099975585938,1717.300048828125,4243.7001953125,4769.4501953125,3159.85009765625,8828.259765625,15520.990234375,2477.569091796875,,47290.0,9324.7998046875,3780.5
2009-05-01,877.52001953125,1719.199951171875,4243.2001953125,,,8977.3701171875,,,,,9497.0,3769.60009765625
2009-05-04,907.239990234375,1763.56005859375,,4902.4501953125,3237.969970703125,,16381.0498046875,2559.910888671875,3654.0,50405.0,9870.400390625,3883.0
2009-05-05,903.7999877929688,1754.1199951171875,4336.89990234375,4853.02978515625,3225.0,,16430.080078125,2567.3369140625,3661.89990234375,50670.0,9880.7001953125,3890.39990234375
2009-05-06,919.530029296875,1759.0999755859375,4396.5,4880.7099609375,3283.510009765625,,16834.5703125,2592.52001953125,3625.050048828125,51499.0,10143.400390625,3867.10009765625
2009-05-07,907.3900146484376,1716.239990234375,4398.7001953125,4804.10009765625,3251.52001953125,9385.7001953125,17217.890625,2597.447021484375,3683.89990234375,50058.0,9967.099609375,3938.699951171875
2009-05-08,929.22998046875,1739.0,4462.10009765625,4913.89990234375,3312.590087890625,9432.830078125,17389.869140625,2625.64501953125,3620.699951171875,51396.0,10238.0,3941.699951171875
2009-05-11,909.239990234375,1731.239990234375,4435.5,4866.91015625,3248.669921875,9451.98046875,17087.94921875,2579.7470703125,3554.60009765625,50976.0,10094.099609375,3926.0
2009-05-12,908.3499755859376,1715.9200439453125,4425.5,4854.10986328125,3231.10009765625,9298.6103515625,17153.640625,2618.172119140625,3681.10009765625,50326.0,10077.7001953125,3877.199951171875
2009-05-13,883.9199829101562,1664.18994140625,4331.39990234375,4727.60986328125,3152.89990234375,9340.490234375,17059.619140625,2663.76611328125,3635.25,48679.0,9709.5,3856.10009765625
2009-05-14,893.0700073242188,1689.2099609375,4362.60009765625,4738.47021484375,3156.2900390625,9093.73046875,16541.689453125,2639.886962890625,3593.449951171875,49446.0,9849.2001953125,3723.39990234375
2009-05-15,882.8800048828125,1680.1400146484375,4348.10009765625,4737.5,3169.050048828125,9265.01953125,16790.69921875,2645.262939453125,3671.64990234375,49007.0,9762.900390625,3773.199951171875
2009-05-18,909.7100219726562,1732.3599853515625,4446.5,4851.9599609375,3245.389892578125,9038.6904296875,17022.91015625,2652.779052734375,4323.14990234375,51463.0,,3735.60009765625
2009-05-19,908.1300048828124,1734.5400390625,4482.2998046875,4959.6201171875,3274.9599609375,9290.2900390625,17544.029296875,2676.681884765625,4318.4501953125,51347.0,10101.0,3817.300048828125
2009-05-20,903.469970703125,1727.8399658203125,4468.39990234375,5038.93994140625,3303.3701171875,9344.6396484375,17475.83984375,2651.4140625,4270.2998046875,51245.0,10232.400390625,3824.60009765625
2009-05-21,888.3300170898438,1695.25,4345.5,4900.669921875,3217.409912109375,9264.150390625,17199.490234375,2610.6220703125,4210.89990234375,50087.0,9949.599609375,3813.89990234375
2009-05-22,887.0,1692.010009765625,4365.2998046875,4918.75,3227.969970703125,9225.8095703125,17062.51953125,2597.60107421875,4238.5,50568.0,9993.400390625,3761.60009765625
2009-05-25,,,,4918.4501953125,3236.159912109375,9347.0,17121.8203125,2610.010009765625,4237.5498046875,50816.0,10069.5,3737.89990234375
2009-05-26,910.3300170898438,1750.4300537109375,4411.7001953125,4985.60009765625,3270.090087890625,9310.8095703125,16991.560546875,2588.574951171875,4116.7001953125,51841.0,10285.900390625,3788.39990234375
2009-05-27,893.0599975585938,1731.0799560546875,4416.2001953125,5000.77001953125,3294.860107421875,9438.76953125,17885.26953125,2632.929931640625,4276.0498046875,51792.0,10142.2001953125,3801.10009765625
2009-05-28,906.8300170898438,1751.7900390625,4387.5,4932.8798828125,3263.699951171875,9451.3896484375,,,4337.10009765625,53041.0,10392.400390625,3755.699951171875
2009-05-29,919.1400146484376,1774.3299560546875,4417.89990234375,4940.81982421875,3277.64990234375,9522.5,18171.0,,4448.9501953125,53198.0,10370.099609375,3818.0
2009-06-01,942.8699951171876,1828.6800537109373,4506.2001953125,5142.56005859375,3379.489990234375,9677.75,18888.58984375,2721.280029296875,4529.89990234375,54486.0,10604.099609375,3894.39990234375
2009-06-02,944.739990234375,1836.800048828125,4477.0,5144.06005859375,3378.0400390625,9704.3095703125,18389.080078125,2724.302001953125,4525.25,54000.0,10588.7998046875,3955.300048828125
2009-06-03,931.760009765625,1825.9200439453125,4383.39990234375,5054.52978515625,3309.64990234375,9741.669921875,18576.470703125,2778.589111328125,4530.7001953125,52087.0,10290.099609375,4017.199951171875
2009-06-04,942.4600219726562,1850.02001953125,4386.89990234375,5064.7998046875,3312.030029296875,9668.9599609375,18502.76953125,2767.243896484375,4572.64990234375,53464.0,10477.2001953125,3934.60009765625
2009-06-05,940.0900268554688,1849.4200439453125,4438.60009765625,5077.02978515625,3339.050048828125,9768.009765625,18679.529296875,2753.89111328125,4586.89990234375,53341.0,10569.2998046875,3971.199951171875
2009-06-08,939.1400146484376,1842.4000244140625,4405.2001953125,5004.72021484375,3289.659912109375,9865.6298828125,18253.390625,2768.3359375,4429.89990234375,53630.0,10549.099609375,
2009-06-09,942.4299926757812,1860.1300048828125,4404.7998046875,4997.85986328125,3296.72998046875,9786.8203125,18058.490234375,2787.886962890625,4550.9501953125,53157.0,10547.900390625,3934.89990234375
2009-06-10,939.1500244140624,1853.0799560546875,4436.7998046875,5051.18017578125,3315.27001953125,9991.490234375,18785.66015625,2816.2470703125,4655.25,53411.0,10598.0,4024.39990234375
2009-06-11,944.8900146484376,1862.3699951171875,4461.89990234375,5107.259765625,3334.93994140625,9981.330078125,18791.029296875,2797.320068359375,4637.7001953125,,10714.099609375,4047.199951171875
2009-06-12,946.2100219726562,1858.800048828125,4442.0,5069.240234375,3326.139892578125,10135.8203125,18889.6796875,2743.761962890625,4583.39990234375,53558.0,10645.0,4062.199951171875
2009-06-15,923.719970703125,1816.3800048828125,4326.0,4889.93994140625,3219.580078125,10039.669921875,18498.9609375,2789.549072265625,4484.0,52034.0,10394.7998046875,4031.699951171875
2009-06-16,911.969970703125,1796.1800537109375,4328.60009765625,4890.72021484375,3213.949951171875,9752.8798828125,18165.5,2776.02197265625,4517.7998046875,51206.0,10307.400390625,3962.5
2009-06-17,910.7100219726562,1808.06005859375,4278.5,4799.97998046875,3161.139892578125,9840.849609375,18084.599609375,2810.123046875,4356.14990234375,51046.0,10066.099609375,3904.10009765625
2009-06-18,918.3699951171876,1807.719970703125,4280.89990234375,4837.47998046875,3194.06005859375,9703.7197265625,17776.66015625,2853.903076171875,4251.39990234375,50903.0,10121.5,3892.10009765625
2009-06-19,921.22998046875,1827.469970703125,4345.89990234375,4839.4599609375,3221.27001953125,9786.259765625,17920.9296875,2880.491943359375,4313.60009765625,51374.0,10288.0,3899.60009765625
2009-06-22,893.0399780273438,1766.18994140625,4234.10009765625,4693.39990234375,3123.25,9826.26953125,18059.55078125,2896.302001953125,4235.25,49495.0,9834.2001953125,3918.199951171875
2009-06-23,895.0999755859375,1764.9200439453125,4230.0,4707.14990234375,3116.820068359375,9549.6103515625,17538.369140625,2892.697021484375,4247.0,49814.0,9896.7001953125,3796.89990234375
2009-06-24,900.9400024414062,1792.3399658203125,4280.0,4836.009765625,3184.760009765625,9590.3203125,17892.150390625,2922.299072265625,4292.9501953125,49672.0,10100.900390625,3807.0
2009-06-25,920.260009765625,1829.5400390625,4252.60009765625,4800.56005859375,3163.10009765625,9796.080078125,18275.029296875,2925.0458984375,4241.85009765625,51515.0,10355.900390625,3856.0
2009-06-26,918.9000244140624,1838.219970703125,4241.0,4776.47021484375,3129.72998046875,9877.3896484375,18600.259765625,2928.2109375,4375.5,51486.0,10389.7998046875,3903.800048828125
2009-06-29,927.22998046875,1844.06005859375,4294.0,4885.08984375,3193.679931640625,9783.4697265625,18528.509765625,2975.31396484375,4390.9501953125,52138.0,10476.7998046875,3886.89990234375
2009-06-30,919.3200073242188,1835.0400390625,4249.2001953125,4808.64013671875,3140.43994140625,9958.4404296875,18378.73046875,2959.362060546875,4291.10009765625,51465.0,10374.900390625,3954.89990234375
2009-07-01,923.3300170898438,1845.719970703125,4340.7001953125,4905.43994140625,3217.0,9939.9296875,,3008.14990234375,4340.89990234375,51544.0,,3874.0
2009-07-02,896.4199829101562,1796.52001953125,4234.2998046875,4718.490234375,3116.409912109375,9876.150390625,18178.05078125,3060.25390625,4348.85009765625,51025.0,10245.900390625,3877.300048828125
2009-07-03,,,4236.2998046875,4708.2099609375,3119.510009765625,9816.0703125,18203.400390625,3088.366943359375,4424.25,50935.0,10283.099609375,3828.199951171875
2009-07-06,898.719970703125,1787.4000244140625,4194.89990234375,4651.81982421875,3082.159912109375,9680.8701171875,17979.41015625,3124.6669921875,4165.7001953125,50622.0,10027.400390625,3783.699951171875
2009-07-07,881.030029296875,1746.1700439453125,4187.0,4598.18994140625,3048.570068359375,9647.7900390625,17862.26953125,3089.449951171875,4202.14990234375,49457.0,9844.400390625,3766.89990234375
2009-07-08,879.5599975585938,1747.1700439453125,4140.2001953125,4572.64990234375,3009.7099609375,9420.75,17721.0703125,3080.77392578125,4078.89990234375,49178.0,9653.5,3767.89990234375
2009-07-09,882.6799926757812,1752.550048828125,4158.7001953125,4630.06982421875,3025.93994140625,9291.0595703125,17790.58984375,3123.034912109375,4080.949951171875,,9773.900390625,3763.300048828125
2009-07-10,879.1300048828125,1756.030029296875,4127.2001953125,4576.31005859375,2983.10009765625,9287.2802734375,17708.419921875,3113.931884765625,4003.89990234375,49221.0,9747.099609375,3794.10009765625
2009-07-13,901.0499877929688,1793.2099609375,4202.10009765625,4722.33984375,3052.080078125,9050.330078125,17254.630859375,3080.555908203125,3974.050048828125,49187.0,9891.900390625,3737.5
2009-07-14,905.8400268554688,1799.72998046875,4237.7001953125,4781.68994140625,3081.8701171875,9261.8095703125,17885.73046875,3145.156982421875,4111.39990234375,48873.0,9986.2001953125,3867.10009765625
2009-07-15,932.6799926757812,1862.9000244140625,4346.5,4928.43994140625,3171.27001953125,9269.25,18258.66015625,3188.551025390625,4233.5,51297.0,10215.5,3924.5
2009-07-16,940.739990234375,1885.030029296875,4361.7998046875,4957.18994140625,3199.679931640625,9344.16015625,18361.869140625,3183.741943359375,4231.39990234375,51918.0,10304.400390625,3995.60009765625
2009-07-17,940.3800048828124,1886.6099853515625,4388.7998046875,4978.39990234375,3218.4599609375,9395.3203125,18805.66015625,3189.740966796875,4374.9501953125,52072.0,10369.400390625,4000.800048828125
2009-07-20,951.1300048828124,1909.2900390625,4443.60009765625,5030.14990234375,3270.93994140625,,19502.369140625,3266.919921875,4502.25,53155.0,10540.7001953125,4050.300048828125
2009-07-21,954.5800170898438,1916.199951171875,4481.2001953125,5093.97021484375,3302.889892578125,9652.01953125,19501.73046875,3213.2060546875,4469.10009765625,53234.0,10515.2998046875,4050.699951171875
2009-07-22,954.0700073242188,1926.3800048828125,4493.7001953125,5121.56005859375,3305.070068359375,9723.16015625,19248.169921875,3296.614990234375,4398.89990234375,53073.0,10432.400390625,4068.5
2009-07-23,976.2899780273438,1973.5999755859373,4559.7998046875,5247.27978515625,3373.719970703125,9792.9404296875,19817.69921875,3328.489990234375,4523.75,54249.0,10675.7001953125,4064.10009765625
2009-07-24,979.260009765625,1965.9599609375,4576.60009765625,5229.35986328125,3366.449951171875,9944.5498046875,19982.7890625,3372.60302734375,4568.5498046875,54457.0,10687.900390625,4089.800048828125
2009-07-27,982.1799926757812,1967.8900146484373,4586.10009765625,5251.5498046875,3372.360107421875,10088.66015625,20251.619140625,3435.2119140625,4572.2998046875,54549.0,10757.400390625,4139.60009765625
2009-07-28,979.6199951171876,1975.510009765625,4528.7998046875,5174.740234375,3330.969970703125,10087.259765625,20624.5390625,3438.37109375,4564.10009765625,54472.0,10570.5,4169.5
2009-07-29,975.1500244140624,1967.760009765625,4547.5,5270.31982421875,3365.6201171875,10113.240234375,20135.5,3266.431884765625,4513.5,53735.0,10455.2998046875,4142.7998046875
2009-07-30,986.75,1984.300048828125,4631.60009765625,5360.66015625,3435.489990234375,10165.2099609375,20234.080078125,3321.56005859375,4571.4501953125,54478.0,10676.7001953125,4190.5
2009-07-31,987.47998046875,1978.5,4608.39990234375,5332.14013671875,3426.27001953125,10356.830078125,20573.330078125,3412.06201171875,4636.4501953125,54766.0,10787.2001953125,4244.0
2009-08-03,1002.6300048828124,2008.6099853515625,4682.5,5426.85009765625,3477.800048828125,10352.4697265625,20807.259765625,3462.590087890625,4711.39990234375,55998.0,,4263.39990234375
2009-08-04,1005.6500244140624,2011.31005859375,4671.39990234375,5417.02001953125,3476.3701171875,10375.009765625,20796.4296875,3471.44189453125,4680.5,56038.0,11018.099609375,4309.2998046875
2009-08-05,1002.719970703125,1993.050048828125,4647.10009765625,5353.009765625,3458.530029296875,10252.5302734375,20494.76953125,3428.5009765625,4694.14990234375,56384.0,11046.900390625,4264.5
2009-08-06,997.0800170898438,1973.1600341796875,4690.5,5369.97998046875,3477.830078125,10388.08984375,20899.240234375,3356.330078125,4585.5,55755.0,10793.400390625,4326.2998046875
2009-08-07,1010.47998046875,2000.25,4731.60009765625,5458.9599609375,3521.139892578125,10412.08984375,20375.369140625,3260.68994140625,4481.39990234375,56330.0,10885.2998046875,4299.39990234375
2009-08-10,1007.0999755859376,1992.239990234375,4722.2001953125,5418.1201171875,3504.5400390625,10524.259765625,20929.51953125,3249.760009765625,4437.64990234375,56830.0,10793.7001953125,4304.10009765625
2009-08-11,994.3499755859376,1969.72998046875,4671.2998046875,5285.81005859375,3456.179931640625,10585.4599609375,21074.2109375,3264.72607421875,4471.35009765625,55761.0,10629.5,4332.0
2009-08-12,1005.8099975585938,1998.719970703125,4716.7998046875,5350.08984375,3507.239990234375,10435.0,20435.240234375,3112.718994140625,4457.5,56588.0,10659.900390625,4343.10009765625
2009-08-13,1012.72998046875,2009.3499755859373,4755.5,5401.10986328125,3524.389892578125,10517.1904296875,20861.30078125,3140.56005859375,4605.0,57048.0,10825.599609375,4435.89990234375
2009-08-14,1004.0900268554688,1985.52001953125,4714.0,5309.10986328125,3495.27001953125,10597.330078125,20893.330078125,3046.971923828125,4580.0498046875,56638.0,10848.0,4461.0
2009-08-17,979.72998046875,1930.8399658203125,4645.0,5201.60986328125,3419.68994140625,10268.6103515625,20137.650390625,2870.6298828125,4387.89990234375,55218.0,10531.599609375,4388.39990234375
2009-08-18,989.6699829101562,1955.9200439453125,4685.7998046875,5250.740234375,3450.68994140625,10284.9599609375,20306.26953125,2910.884033203125,4458.89990234375,55749.0,10673.7998046875,4381.60009765625
2009-08-19,996.4600219726562,1969.239990234375,4689.7001953125,5231.97998046875,3450.340087890625,10204.0,19954.23046875,2785.583984375,4394.10009765625,56156.0,10686.7998046875,4373.7998046875
2009-08-20,1007.3699951171876,1989.219970703125,4756.60009765625,5311.06005859375,3505.320068359375,10383.41015625,20328.859375,2911.58203125,4453.4501953125,56831.0,10700.5,4377.5
2009-08-21,1026.1300048828125,2020.9000244140625,4850.89990234375,5462.740234375,3615.81005859375,10238.2001953125,20199.01953125,2960.77099609375,4528.7998046875,57729.0,10831.2001953125,4290.60009765625
2009-08-24,1025.5699462890625,2017.97998046875,4896.2001953125,5519.75,3652.169921875,10581.0498046875,20535.939453125,2993.428955078125,4642.7998046875,57775.0,10790.0,4426.10009765625
2009-08-25,1028.0,2024.22998046875,4916.7998046875,5557.08984375,3680.610107421875,10497.3603515625,20435.240234375,2915.802978515625,4659.35009765625,57421.0,10920.5,4405.7998046875
2009-08-26,1028.1199951171875,2024.4300537109373,4890.60009765625,5521.97021484375,3668.340087890625,10639.7099609375,20456.3203125,2967.594970703125,4680.85009765625,57766.0,10912.2001953125,4454.5
2009-08-27,1030.97998046875,2027.72998046875,4869.39990234375,5470.330078125,3648.530029296875,10473.9697265625,20242.75,2946.39501953125,4688.2001953125,57704.0,10934.0,4450.7998046875
2009-08-28,1028.9300537109375,2028.77001953125,4908.89990234375,5517.35009765625,3693.139892578125,10534.1396484375,20098.619140625,2860.68798828125,4732.35009765625,57701.0,10978.0,4489.60009765625
2009-08-31,1020.6199951171876,2009.06005859375,,5464.60986328125,3653.5400390625,10492.5302734375,19724.189453125,2667.7451171875,4662.10009765625,56489.0,10868.2001953125,4479.10009765625
2009-09-01,998.0399780273438,1968.8900146484373,4819.7001953125,5327.2900390625,3583.43994140625,,19872.30078125,2683.72412109375,4625.35009765625,55815.0,10689.7998046875,4514.60009765625
2009-09-02,994.75,1967.0699462890625,4817.60009765625,5319.83984375,3573.1298828125,10280.4599609375,19522.0,2714.97412109375,4608.35009765625,55386.0,10701.2998046875,4438.2001953125
2009-09-03,1003.239990234375,1983.199951171875,4796.7998046875,5301.419921875,3553.510009765625,10214.6396484375,19761.6796875,2845.02392578125,4593.5498046875,55707.0,10921.5,4429.60009765625
2009-09-04,1016.4000244140624,2018.780029296875,4851.7001953125,5384.43017578125,3598.760009765625,10187.1103515625,20318.619140625,2861.60888671875,4680.39990234375,56652.0,11017.5,4435.5
2009-09-07,,,4933.2001953125,5463.509765625,3652.830078125,10320.9404296875,20629.310546875,2881.115966796875,4782.89990234375,,,4454.39990234375
2009-09-08,1025.3900146484375,2037.77001953125,4947.2998046875,5481.72998046875,3660.9599609375,10393.23046875,21069.810546875,2930.47509765625,4805.25,57855.0,11105.2998046875,4523.7998046875
2009-09-09,1033.3699951171875,2060.389892578125,5004.2998046875,5574.259765625,3707.68994140625,10312.1396484375,20851.0390625,2946.259033203125,4814.25,57910.0,11000.2001953125,4522.2001953125
2009-09-10,1044.1400146484375,2084.02001953125,4987.7001953125,5594.77001953125,3705.8701171875,10513.669921875,21069.560546875,2924.883056640625,4819.39990234375,58536.0,11155.0,4570.7998046875
2009-09-11,1042.72998046875,2080.89990234375,5011.5,5624.02001953125,3734.889892578125,10444.330078125,21161.419921875,2989.7919921875,4829.5498046875,58366.0,11253.2001953125,4596.10009765625
2009-09-14,1049.3399658203125,2091.780029296875,5018.89990234375,5620.240234375,3730.610107421875,10202.0595703125,20932.19921875,3026.740966796875,4808.60009765625,58868.0,11332.0,4531.10009765625
2009-09-15,1052.6300048828125,2102.639892578125,5042.10009765625,5628.97998046875,3752.2099609375,10217.6201171875,20866.369140625,3033.72802734375,4892.10009765625,59264.0,11495.7998046875,4540.2998046875
2009-09-16,1068.760009765625,2133.14990234375,5124.10009765625,5700.259765625,3813.7900390625,10270.76953125,21402.919921875,2999.7099609375,4958.39990234375,60411.0,11555.599609375,4650.39990234375
2009-09-17,1065.489990234375,2126.75,5164.0,5731.14013671875,3835.27001953125,10443.7998046875,21768.509765625,3060.260009765625,4965.5498046875,60236.0,11528.2001953125,4714.89990234375
2009-09-18,1068.300048828125,2132.860107421875,5172.89990234375,5703.830078125,3827.840087890625,10370.5400390625,21623.44921875,2962.6669921875,4976.0498046875,60703.0,11446.0,4693.2001953125
2009-09-21,1064.6600341796875,2138.0400390625,5134.39990234375,5668.64990234375,3812.159912109375,,21472.849609375,2967.010986328125,,60928.0,11424.599609375,4677.39990234375
2009-09-22,1071.6600341796875,2146.300048828125,5142.60009765625,5709.3798828125,3823.52001953125,,21701.140625,2897.552978515625,5020.2001953125,61493.0,11585.7001953125,4663.7001953125
2009-09-23,1060.8699951171875,2131.419921875,5139.39990234375,5702.0498046875,3821.7900390625,,21595.51953125,2842.720947265625,4969.9501953125,60496.0,11517.5,4734.10009765625
2009-09-24,1050.780029296875,2107.610107421875,5079.2998046875,5605.2099609375,3758.360107421875,10544.2197265625,21050.73046875,2853.553955078125,4986.5498046875,60046.0,11285.7998046875,4701.2001953125
2009-09-25,1044.3800048828125,2090.919921875,5082.2001953125,5581.41015625,3739.139892578125,10265.98046875,21024.400390625,2838.842041015625,4958.9501953125,60356.0,11212.400390625,4713.2998046875
2009-09-28,1062.97998046875,2130.739990234375,5165.7001953125,5736.31005859375,3825.0,10009.51953125,20588.41015625,2763.52490234375,,61317.0,11338.7001953125,4677.39990234375
2009-09-29,1060.6099853515625,2124.0400390625,5159.7001953125,5713.52001953125,3814.10009765625,10100.2001953125,21013.169921875,2754.5400390625,5006.85009765625,61235.0,11395.0,4753.10009765625
2009-09-30,1057.0799560546875,2122.419921875,5133.89990234375,5675.16015625,3795.409912109375,10133.23046875,20955.25,2779.426025390625,5083.9501953125,61518.0,11395.0,4743.60009765625
2009-10-01,1029.8499755859375,2057.47998046875,5047.7998046875,5554.5498046875,3720.77001953125,9978.6396484375,,,5083.39990234375,60459.0,11071.7998046875,4701.10009765625
2009-10-02,1025.2099609375,2048.110107421875,4988.7001953125,5467.89990234375,3649.89990234375,9731.8701171875,20375.490234375,,,61172.0,10958.2998046875,4601.7001953125
2009-10-05,1040.4599609375,2068.14990234375,5024.2998046875,5508.85009765625,3675.010009765625,9674.490234375,20429.0703125,,5003.2001953125,62369.0,11102.599609375,4573.2998046875
2009-10-06,1054.719970703125,2103.570068359375,5138.0,5657.64013671875,3770.2099609375,9691.7998046875,20811.529296875,,5027.39990234375,62671.0,11248.0,4591.60009765625
2009-10-07,1057.5799560546875,2110.330078125,5108.89990234375,5640.75,3756.409912109375,9799.599609375,21241.58984375,,4985.75,62638.0,11349.900390625,4695.7001953125
2009-10-08,1065.47998046875,2123.929931640625,5154.60009765625,5716.5400390625,3806.81005859375,9832.4697265625,21492.900390625,,5002.25,63760.0,11484.5,4768.60009765625
2009-10-09,1071.489990234375,2139.280029296875,5161.89990234375,5711.8798828125,3799.610107421875,10016.3896484375,21499.439453125,2911.715087890625,4945.2001953125,64071.0,11436.900390625,4752.89990234375
2009-10-12,1076.18994140625,2139.139892578125,5210.2001953125,5783.22998046875,3845.800048828125,,21299.349609375,2894.48291015625,5054.25,,,4739.7998046875
2009-10-13,1073.18994140625,2139.889892578125,5154.2001953125,5714.31005859375,3801.389892578125,10076.5595703125,21467.359375,2936.19091796875,,64646.0,11413.5,4785.7001953125
2009-10-14,1092.02001953125,2172.22998046875,5256.10009765625,5854.14013671875,3882.669921875,10060.2099609375,21886.48046875,2970.531982421875,5118.2001953125,66201.0,11532.7998046875,4831.10009765625
2009-10-15,1096.56005859375,2173.2900390625,5223.0,5830.77001953125,3883.830078125,10238.650390625,21999.080078125,2979.7880859375,5108.85009765625,66703.0,11504.5,4859.89990234375
2009-10-16,1087.6800537109375,2156.800048828125,5190.2001953125,5743.39013671875,3827.60009765625,10257.5595703125,21929.900390625,2976.633056640625,5142.14990234375,66200.0,11504.7998046875,4836.39990234375
2009-10-19,1097.9100341796875,2176.320068359375,5281.5,5852.56005859375,3892.360107421875,10236.509765625,22200.4609375,3038.27294921875,,67239.0,11538.400390625,4792.7998046875
2009-10-20,1091.06005859375,2163.469970703125,5243.39990234375,5811.77001953125,3871.449951171875,10336.83984375,22384.9609375,3084.4541015625,5114.4501953125,65303.0,11538.099609375,4846.2001953125
2009-10-21,1081.4000244140625,2150.72998046875,5257.89990234375,5833.490234375,3873.219970703125,10333.3896484375,22318.109375,3070.589111328125,5063.60009765625,65486.0,11442.0,4838.60009765625
2009-10-22,1092.9100341796875,2165.2900390625,5207.39990234375,5762.93017578125,3820.85009765625,10267.169921875,22210.51953125,3051.412109375,4988.60009765625,66135.0,11533.400390625,4812.7998046875
2009-10-23,1079.5999755859375,2154.469970703125,5242.60009765625,5740.25,3808.239990234375,10282.990234375,22589.73046875,3107.846923828125,4997.0498046875,65059.0,11382.099609375,4859.39990234375
2009-10-26,1066.949951171875,2141.85009765625,5191.7001953125,5642.16015625,3744.449951171875,10362.6201171875,,3109.56591796875,4970.89990234375,65086.0,11234.900390625,4830.2998046875
2009-10-27,1063.4100341796875,2116.090087890625,5201.0,5635.02001953125,3743.949951171875,10212.4599609375,22169.58984375,3021.458984375,4846.7001953125,63161.0,11053.5,4753.5
2009-10-28,1042.6300048828125,2059.610107421875,5080.39990234375,5496.27001953125,3663.780029296875,10075.0498046875,21761.580078125,3031.3291015625,4826.14990234375,60162.0,10805.2998046875,4685.10009765625
2009-10-29,1066.1099853515625,2097.550048828125,5137.7001953125,5587.4501953125,3714.02001953125,9891.099609375,21264.990234375,2960.466064453125,4750.5498046875,63721.0,11075.2001953125,4574.7001953125
2009-10-30,1036.18994140625,2045.1099853515625,5044.60009765625,5414.9599609375,3607.68994140625,10034.740234375,21752.869140625,2995.847900390625,4711.7001953125,61546.0,10910.7998046875,4643.2001953125
2009-11-02,1042.8800048828125,2049.199951171875,5104.5,5430.81982421875,3639.4599609375,9802.9501953125,21620.189453125,3076.64892578125,,,10878.400390625,4540.39990234375
2009-11-03,1045.4100341796875,2057.320068359375,5037.2001953125,5353.35009765625,3584.25,,21240.060546875,3114.22705078125,4563.89990234375,62643.0,11025.900390625,4531.5
2009-11-04,1046.5,2055.52001953125,5107.89990234375,5444.22998046875,3670.330078125,9844.3095703125,21614.76953125,3128.537109375,4710.7998046875,63913.0,11071.2001953125,4540.10009765625
2009-11-05,1066.6300048828125,2105.320068359375,5125.60009765625,5480.919921875,3708.72998046875,9717.4404296875,21479.080078125,3155.052978515625,4765.5498046875,64816.0,11180.7001953125,4508.0
2009-11-06,1069.300048828125,2112.43994140625,5142.7001953125,5488.25,3707.2900390625,9789.349609375,21829.720703125,3164.037109375,4796.14990234375,64466.0,11250.400390625,4594.0
2009-11-09,1093.0799560546875,2154.06005859375,5235.2001953125,5619.72021484375,3785.489990234375,9808.990234375,22207.55078125,3175.5849609375,4898.39990234375,66214.0,11486.900390625,4674.89990234375
2009-11-10,1093.010009765625,2151.080078125,5230.60009765625,5613.2001953125,3785.590087890625,9870.73046875,22268.16015625,3178.610107421875,4881.7001953125,66303.0,11426.7001953125,4733.60009765625
2009-11-11,1098.510009765625,2166.89990234375,5266.7998046875,5668.35009765625,3814.389892578125,9871.6796875,22627.2109375,3175.19189453125,5003.9501953125,66431.0,11439.7998046875,4757.0
2009-11-12,1087.239990234375,2149.02001953125,5276.5,5663.9599609375,3808.070068359375,9804.490234375,22397.5703125,3172.945068359375,4952.64990234375,64448.0,11360.7998046875,4747.89990234375
2009-11-13,1093.47998046875,2167.8798828125,5296.39990234375,5686.830078125,3806.010009765625,9770.3095703125,22553.630859375,3187.64697265625,4998.9501953125,65326.0,11407.7001953125,4706.39990234375
2009-11-16,1109.300048828125,2197.85009765625,5382.7001953125,5804.81982421875,3863.159912109375,9791.1796875,22943.98046875,3275.048095703125,5058.0498046875,66627.0,11512.2998046875,4755.2001953125
2009-11-17,1110.3199462890625,2203.780029296875,5345.89990234375,5778.43017578125,3829.06005859375,9729.9296875,22914.150390625,3282.888916015625,5062.25,67406.0,11630.0,4729.39990234375
2009-11-18,1109.800048828125,2193.139892578125,5342.10009765625,5787.60986328125,3828.159912109375,9676.7998046875,22840.330078125,3303.23388671875,5054.7001953125,66516.0,11652.7001953125,4739.0
2009-11-19,1094.9000244140625,2156.820068359375,5267.7001953125,5702.18017578125,3760.219970703125,9549.4697265625,22643.16015625,3320.612060546875,4989.0,66327.0,11600.2998046875,4749.2001953125
2009-11-20,1091.3800048828125,2146.0400390625,5251.39990234375,5663.14990234375,3729.360107421875,9497.6796875,22455.83984375,3308.345947265625,5052.4501953125,,11579.2998046875,4685.7998046875
2009-11-23,1106.239990234375,2176.010009765625,5355.5,5801.47998046875,3813.169921875,,22771.390625,3338.6630859375,5103.5498046875,66809.0,11624.0,4717.0
2009-11-24,1105.6500244140625,2169.179931640625,5324.0,5769.31005859375,3784.6201171875,9401.580078125,22423.140625,3223.52587890625,5090.5498046875,67317.0,11539.599609375,4685.0
2009-11-25,1110.6300048828125,2176.050048828125,5364.7998046875,5803.02001953125,3809.159912109375,9441.6396484375,22611.80078125,3290.1650390625,5108.14990234375,67917.0,11636.900390625,4722.2001953125
2009-11-26,,,5194.10009765625,5614.169921875,3679.22998046875,9383.240234375,22210.41015625,3170.97900390625,5005.5498046875,66392.0,11436.7998046875,4708.60009765625
2009-11-27,1091.489990234375,2138.43994140625,5245.7001953125,5685.60986328125,3721.449951171875,9081.51953125,21134.5,3096.264892578125,4941.75,67082.0,11464.400390625,4572.10009765625
2009-11-30,1095.6300048828125,2144.60009765625,5190.7001953125,5625.9501953125,3680.14990234375,9345.5498046875,21821.5,3195.301025390625,5032.7001953125,67044.0,11447.2001953125,4701.39990234375
2009-12-01,1108.8599853515625,2175.81005859375,5312.2001953125,5776.60986328125,3775.739990234375,9572.2001953125,22113.150390625,3235.363037109375,5122.0,68546.0,11707.2998046875,4719.0
2009-12-02,1109.239990234375,2185.030029296875,5327.39990234375,5781.68017578125,3795.919921875,9608.9404296875,22289.5703125,3269.7509765625,5123.25,68615.0,11779.7001953125,4762.39990234375
2009-12-03,1099.9200439453125,2173.139892578125,5313.0,5770.35009765625,3799.110107421875,9977.669921875,22553.869140625,3264.6279296875,5131.7001953125,68315.0,11636.599609375,4774.60009765625
2009-12-04,1105.97998046875,2194.35009765625,5322.39990234375,5817.64990234375,3846.6201171875,10022.58984375,22498.150390625,3317.0439453125,5108.89990234375,67604.0,11510.7998046875,4702.2001953125
2009-12-07,1103.25,2189.610107421875,5310.7001953125,5784.75,3840.050048828125,10167.599609375,22324.9609375,3331.89697265625,5066.7001953125,68512.0,11489.599609375,4676.5
2009-12-08,1091.93994140625,2172.989990234375,5223.10009765625,5688.580078125,3785.300048828125,10140.4697265625,22060.51953125,3296.6640625,5147.9501953125,67729.0,11368.900390625,4670.60009765625
2009-12-09,1095.949951171875,2183.72998046875,5203.89990234375,5647.83984375,3757.389892578125,10004.7197265625,21741.759765625,3239.568115234375,5112.0,68012.0,11379.2001953125,4637.89990234375
2009-12-10,1102.3499755859375,2190.860107421875,5244.39990234375,5709.02001953125,3798.3798828125,9862.8203125,21700.0390625,3254.263916015625,5134.64990234375,68728.0,11464.599609375,4606.7001953125
2009-12-11,1106.4100341796875,2190.31005859375,5261.60009765625,5756.2900390625,3803.719970703125,10107.8701171875,21902.109375,3247.318115234375,5117.2998046875,69267.0,11423.900390625,4635.2001953125
2009-12-14,1114.1099853515625,2212.10009765625,5315.2998046875,5802.259765625,3830.43994140625,10105.6796875,22085.75,3302.904052734375,5105.7001953125,69349.0,11545.7001953125,4654.0
2009-12-15,1107.9300537109375,2201.050048828125,5285.7998046875,5811.33984375,3834.090087890625,10083.48046875,21813.919921875,3274.4599609375,5033.0498046875,69311.0,11541.0,4673.5
2009-12-16,1109.1800537109375,2206.909912109375,5320.2998046875,5903.43017578125,3875.820068359375,10177.41015625,21611.740234375,3255.212890625,5042.0498046875,68622.0,11637.0,4661.89990234375
2009-12-17,1096.0799560546875,2180.050048828125,5217.60009765625,5844.43994140625,3830.820068359375,10163.7998046875,21347.630859375,3179.077880859375,5041.75,67068.0,11473.099609375,4670.2998046875
2009-12-18,1102.469970703125,2211.68994140625,5196.7998046875,5831.2099609375,3794.43994140625,10142.0498046875,21175.880859375,3113.885986328125,4987.7001953125,66794.0,11463.400390625,4650.5
2009-12-21,1114.050048828125,2237.659912109375,5294.0,5930.52978515625,3872.06005859375,10183.4697265625,20948.099609375,3122.972900390625,4952.60009765625,65925.0,11554.7001953125,4635.10009765625
2009-12-22,1118.02001953125,2252.669921875,5328.7001953125,5945.68994140625,3898.3798828125,10378.0302734375,21092.0390625,3050.52001953125,4985.85009765625,67418.0,11628.0,4704.2001953125
2009-12-23,1120.5899658203125,2269.639892578125,5372.39990234375,5957.43994140625,3910.75,,21328.740234375,3073.777099609375,5144.60009765625,67589.0,11658.7001953125,4739.2998046875
2009-12-24,1126.47998046875,2285.68994140625,5402.39990234375,,3912.72998046875,10536.919921875,21517.0,3153.409912109375,5178.39990234375,,11754.599609375,4790.89990234375
2009-12-25,,,,,,10494.7099609375,,3141.35302734375,,,,
2009-12-28,1127.780029296875,2291.080078125,,6002.919921875,3947.14990234375,10634.23046875,21480.220703125,3188.784912109375,,67902.0,,
2009-12-29,1126.199951171875,2288.39990234375,5437.60009765625,6011.5498046875,3959.97998046875,10638.0595703125,21499.439453125,3211.760009765625,5187.9501953125,68296.0,11701.7998046875,4845.10009765625
2009-12-30,1126.4200439453125,2291.280029296875,5397.89990234375,5957.43017578125,3935.5,10546.4404296875,21496.619140625,3262.60009765625,5169.4501953125,68588.0,11717.5,4833.2998046875
2009-12-31,1115.0999755859375,2269.14990234375,5412.89990234375,,3936.330078125,,21872.5,3277.138916015625,5201.0498046875,,11746.099609375,4870.60009765625
2010-01-04,1132.989990234375,2308.419921875,5500.2998046875,6048.2998046875,4013.969970703125,10654.7900390625,21823.279296875,3243.760009765625,5232.2001953125,70045.0,11866.900390625,4876.2998046875
2010-01-05,1136.52001953125,2308.7099609375,5522.5,6031.85986328125,4012.909912109375,10681.830078125,22279.580078125,3282.178955078125,5277.89990234375,70240.0,11888.099609375,4924.2998046875
2010-01-06,1137.1400146484375,2301.090087890625,5530.0,6034.330078125,4017.669921875,10731.4501953125,22416.669921875,3254.215087890625,5281.7998046875,70729.0,11944.5,4921.39990234375
2010-01-07,1141.68994140625,2300.050048828125,5526.7001953125,6019.35986328125,4024.800048828125,10681.66015625,22269.44921875,3192.77587890625,5263.10009765625,70451.0,11887.5,4899.39990234375
2010-01-08,1144.97998046875,2317.169921875,5534.2001953125,6037.60986328125,4045.139892578125,10798.3203125,22296.75,3195.9970703125,5244.75,70263.0,11953.7998046875,4912.10009765625
2010-01-11,1146.97998046875,2312.409912109375,5538.10009765625,6040.5,4043.090087890625,,22411.51953125,3212.75,5249.39990234375,70433.0,11947.099609375,4950.7001953125
2010-01-12,1136.219970703125,2282.31005859375,5498.7001953125,5943.0,4000.050048828125,10879.1396484375,22326.640625,3273.966064453125,5210.39990234375,70076.0,11820.2001953125,4899.5
2010-01-13,1145.6800537109375,2307.89990234375,5473.5,5963.14013671875,4000.860107421875,10735.0302734375,21748.599609375,3172.657958984375,5233.9501953125,70385.0,11853.599609375,4868.10009765625
2010-01-14,1148.4599609375,2316.739990234375,5498.2001953125,5988.8798828125,4015.77001953125,10907.6796875,21716.94921875,3215.550048828125,5259.89990234375,69801.0,11804.400390625,4898.0
2010-01-15,1136.030029296875,2287.989990234375,5455.39990234375,5875.97021484375,3954.3798828125,10982.099609375,21654.16015625,3224.152099609375,5252.2001953125,68978.0,11685.400390625,4899.60009765625
2010-01-18,,,5494.39990234375,5918.5498046875,3977.4599609375,10855.080078125,21460.009765625,3237.097900390625,5274.85009765625,69401.0,11750.5,4911.10009765625
2010-01-19,1150.22998046875,2320.39990234375,5513.10009765625,5976.47998046875,4009.669921875,10764.900390625,21677.98046875,3246.8740234375,5225.64990234375,69909.0,11763.400390625,4861.2001953125
2010-01-20,1138.0400390625,2291.25,5420.7998046875,5851.52978515625,3928.949951171875,10737.51953125,21286.169921875,3151.85009765625,5221.7001953125,68200.0,11679.2998046875,4868.2001953125
2010-01-21,1116.47998046875,2265.699951171875,5335.10009765625,5746.97021484375,3862.159912109375,10868.41015625,20862.669921875,3158.863037109375,5094.14990234375,66270.0,11469.099609375,4827.2001953125
2010-01-22,1091.760009765625,2205.2900390625,5303.0,5695.31982421875,3820.780029296875,10590.5498046875,20726.1796875,3128.587890625,5036.0,66220.0,11343.400390625,4750.60009765625
2010-01-25,1096.780029296875,2210.800048828125,5260.2998046875,5631.3701171875,3781.85009765625,10512.6904296875,20598.55078125,3094.410888671875,5007.89990234375,,11354.5,4717.89990234375
2010-01-26,1092.1700439453125,2203.72998046875,5276.89990234375,5668.93017578125,3807.0400390625,10325.2802734375,20109.330078125,3019.39404296875,,65524.0,11361.2001953125,
2010-01-27,1097.5,2221.409912109375,5217.5,5643.2001953125,3759.800048828125,10252.080078125,20033.0703125,2986.60693359375,4853.10009765625,65070.0,11344.099609375,4644.60009765625
2010-01-28,1084.530029296875,2179.0,5145.7001953125,5540.330078125,3688.7900390625,10414.2900390625,20356.369140625,2994.14306640625,4867.25,65588.0,11274.2001953125,4673.2998046875
2010-01-29,1073.8699951171875,2147.35009765625,5188.5,5608.7900390625,3739.4599609375,10198.0400390625,20121.990234375,2989.2919921875,4882.0498046875,65402.0,11094.2998046875,4569.60009765625
2010-02-01,1089.18994140625,2171.199951171875,5247.39990234375,5654.47998046875,3762.010009765625,10205.01953125,20243.75,2941.360107421875,4899.7001953125,66572.0,11317.599609375,4524.10009765625
2010-02-02,1103.3199462890625,2190.06005859375,5283.2998046875,5709.66015625,3812.1298828125,10371.08984375,20272.1796875,2934.712890625,4830.10009765625,67163.0,11408.2998046875,4605.2998046875
2010-02-03,1097.280029296875,2190.909912109375,5253.2001953125,5672.08984375,3793.469970703125,10404.330078125,20722.080078125,3003.8349609375,4931.85009765625,67109.0,11390.5,4647.89990234375
2010-02-04,1063.1099853515625,2125.429931640625,5139.2998046875,5533.240234375,3689.25,10355.98046875,20341.640625,2995.30810546875,4845.35009765625,63934.0,11128.7998046875,4621.60009765625
2010-02-05,1066.18994140625,2141.1201171875,5060.89990234375,5434.33984375,3563.760009765625,10057.08984375,19665.080078125,2939.402099609375,4718.64990234375,62763.0,11223.099609375,4514.10009765625
2010-02-08,1056.739990234375,2126.050048828125,5092.2998046875,5484.85009765625,3607.27001953125,9951.8203125,19550.890625,2935.174072265625,4760.39990234375,63153.0,11115.2998046875,4521.39990234375
2010-02-09,1070.52001953125,2150.8701171875,5111.7998046875,5498.259765625,3612.760009765625,9932.900390625,19790.279296875,2948.842041015625,4792.64990234375,64718.0,11274.2001953125,4505.10009765625
2010-02-10,1068.1300048828125,2147.8701171875,5132.0,5536.3701171875,3635.610107421875,9963.990234375,19922.220703125,2982.5,4757.2001953125,65051.0,11286.2998046875,4513.39990234375
2010-02-11,1078.469970703125,2177.409912109375,5161.5,5503.93017578125,3616.75,,20290.689453125,2985.4990234375,4826.85009765625,66129.0,11435.5,4554.2998046875
2010-02-12,1075.510009765625,2183.530029296875,5142.5,5500.39013671875,3599.070068359375,10092.1904296875,20268.689453125,3018.133056640625,,65855.0,11469.7998046875,4562.10009765625
2010-02-15,,,5167.5,5511.10009765625,3609.219970703125,10013.2998046875,,,4801.9501953125,,,4545.5
2010-02-16,1094.8699951171875,2214.18994140625,5244.10009765625,5592.1201171875,3669.0400390625,10034.25,,,4855.75,,11586.400390625,4567.7998046875
2010-02-17,1099.510009765625,2226.2900390625,5276.60009765625,5648.33984375,3725.2099609375,10306.830078125,20534.009765625,,4914.0,67285.0,11635.5,4667.89990234375
2010-02-18,1106.75,2241.7099609375,5325.10009765625,5680.41015625,3747.830078125,10335.6904296875,20422.150390625,,4887.75,67836.0,11694.7998046875,4654.89990234375
2010-02-19,1109.1700439453125,2243.8701171875,5358.2001953125,5722.0498046875,3769.5400390625,10123.580078125,19894.01953125,,4844.89990234375,67597.0,11709.2998046875,4635.10009765625
2010-02-22,1108.010009765625,2242.030029296875,5352.10009765625,5688.43994140625,3756.699951171875,10400.4697265625,20377.26953125,3003.39794921875,4856.39990234375,67184.0,11634.7998046875,4717.5
2010-02-23,1094.5999755859375,2213.43994140625,5315.10009765625,5604.06982421875,3707.06005859375,10352.099609375,20623.0,2982.574951171875,4870.0498046875,66108.0,11526.7001953125,4718.2998046875
2010-02-24,1105.239990234375,2235.89990234375,5342.89990234375,5615.509765625,3715.679931640625,10198.830078125,20467.740234375,3022.177001953125,4858.60009765625,65795.0,11521.7998046875,4648.5
2010-02-25,1102.93994140625,2234.219970703125,5278.2001953125,5532.330078125,3640.77001953125,10101.9599609375,20399.5703125,3060.617919921875,4859.75,66121.0,11631.400390625,4594.10009765625
2010-02-26,1104.489990234375,2238.260009765625,5354.5,5598.4599609375,3708.800048828125,10126.0302734375,20608.69921875,3051.943115234375,4922.2998046875,66503.0,11629.599609375,4637.7001953125
2010-03-01,1115.7099609375,2273.570068359375,5405.89990234375,5713.509765625,3769.5400390625,10172.0595703125,21056.9296875,3087.842041015625,,67228.0,11728.099609375,4686.5
2010-03-02,1118.31005859375,2280.7900390625,5484.10009765625,5776.56005859375,3811.919921875,10221.83984375,20906.109375,3073.10791015625,5017.0,67779.0,11828.2998046875,4701.89990234375
2010-03-03,1118.7900390625,2280.679931640625,5533.2001953125,5817.8798828125,3842.52001953125,10253.1396484375,20876.7890625,3097.0048828125,5088.10009765625,67641.0,11852.900390625,4735.7001953125
2010-03-04,1122.969970703125,2292.31005859375,5527.2001953125,5795.31982421875,3828.409912109375,10145.7197265625,20575.779296875,3023.373046875,5080.25,67815.0,11825.0,4750.5
2010-03-05,1138.699951171875,2326.35009765625,5599.7998046875,5877.35986328125,3910.419921875,10368.9599609375,20787.970703125,3031.06494140625,5088.7001953125,68847.0,11975.099609375,4767.2001953125
2010-03-08,1138.5,2332.2099609375,5606.7001953125,5875.91015625,3903.5400390625,10585.919921875,21196.869140625,3053.23193359375,5124.0,68575.0,11963.7998046875,4807.89990234375
2010-03-09,1140.449951171875,2340.679931640625,5602.2998046875,5885.89013671875,3910.010009765625,10567.650390625,21207.55078125,3069.14111328125,5101.5,69576.0,11918.7001953125,4820.10009765625
2010-03-10,1145.6099853515625,2358.949951171875,5640.60009765625,5936.72021484375,3943.550048828125,10563.919921875,21208.2890625,3048.927001953125,5116.25,69979.0,11961.099609375,4820.0
2010-03-11,1150.239990234375,2368.4599609375,5617.2998046875,5928.6298828125,3928.949951171875,10664.9501953125,21228.19921875,3051.281982421875,5133.39990234375,69885.0,11979.7001953125,4814.2001953125
2010-03-12,1149.989990234375,2367.659912109375,5625.7001953125,5945.10986328125,3927.39990234375,10751.259765625,21209.740234375,3013.412109375,5137.0,69341.0,12013.7998046875,4818.10009765625
2010-03-15,1150.510009765625,2362.2099609375,5593.89990234375,5903.56005859375,3890.909912109375,10751.98046875,21079.099609375,2976.93896484375,5128.89990234375,69024.0,12008.7998046875,4784.10009765625
2010-03-16,1159.4599609375,2378.010009765625,5620.39990234375,5970.990234375,3938.949951171875,10721.7099609375,21022.9296875,2992.841064453125,5198.10009765625,69942.0,12089.400390625,4797.2001953125
2010-03-17,1166.2099609375,2389.090087890625,5644.60009765625,6024.27978515625,3957.889892578125,10846.98046875,21384.490234375,3050.47900390625,5231.89990234375,69723.0,12100.7001953125,4853.2001953125
2010-03-18,1165.8299560546875,2391.280029296875,5642.60009765625,6012.31005859375,3938.179931640625,10744.0302734375,21330.669921875,3046.089111328125,5245.89990234375,69697.0,12040.0,4863.10009765625
2010-03-19,1159.9000244140625,2374.409912109375,5650.10009765625,5982.43017578125,3925.43994140625,10824.7197265625,21370.8203125,3067.75,5262.7998046875,68829.0,11948.0,4872.2001953125
2010-03-22,1165.81005859375,2395.39990234375,5644.5,5987.5,3928.0,,20933.25,3074.575927734375,5205.2001953125,69042.0,11967.2001953125,4830.2001953125
2010-03-23,1174.1700439453125,2415.239990234375,5673.60009765625,6017.27001953125,3952.550048828125,10774.150390625,20987.779296875,3053.125,5225.2998046875,69387.0,12044.5,4874.7998046875
2010-03-24,1167.719970703125,2398.760009765625,5677.89990234375,6039.0,3949.81005859375,10815.0302734375,21008.619140625,3056.80810546875,,68913.0,11963.0,4891.5
2010-03-25,1165.72998046875,2397.409912109375,5727.7001953125,6132.9501953125,4000.47998046875,10828.849609375,20778.55078125,3019.176025390625,5260.39990234375,68442.0,11958.099609375,4885.39990234375
2010-03-26,1166.5899658203125,2395.1298828125,5703.0,6120.0498046875,3988.929931640625,10996.3701171875,21053.109375,3059.715087890625,5282.0,68683.0,11957.400390625,4896.89990234375
2010-03-29,1173.219970703125,2404.360107421875,5710.7001953125,6156.85009765625,4000.659912109375,10986.4697265625,21237.4296875,3123.798095703125,5302.85009765625,69939.0,12029.7001953125,4897.2998046875
2010-03-30,1173.27001953125,2410.68994140625,5672.2998046875,6142.4501953125,3987.409912109375,11097.1396484375,21374.7890625,3128.468017578125,5262.4501953125,69960.0,12044.2001953125,4916.7998046875
2010-03-31,1169.4300537109375,2397.9599609375,5679.60009765625,6153.5498046875,3974.010009765625,11089.9404296875,21239.349609375,3109.10498046875,5249.10009765625,70372.0,12037.7001953125,4875.5
2010-04-01,1178.0999755859375,2402.580078125,5744.89990234375,6235.56005859375,4034.22998046875,11244.400390625,21537.0,3147.416015625,5290.5,71136.0,12151.099609375,4907.7001953125
2010-04-02,,,,,,11286.08984375,,3157.95703125,,,,
2010-04-05,1187.43994140625,2429.530029296875,,,,11339.2998046875,,,5368.39990234375,71290.0,12186.400390625,
2010-04-06,1189.43994140625,2436.81005859375,5780.39990234375,6252.2099609375,4053.93994140625,11282.3203125,,3158.680908203125,5366.0,71096.0,12156.7001953125,4953.7001953125
2010-04-07,1182.449951171875,2431.159912109375,5762.10009765625,6222.41015625,4026.969970703125,11292.830078125,21928.76953125,3148.221923828125,5374.64990234375,70793.0,12110.900390625,4960.89990234375
2010-04-08,1186.43994140625,2436.81005859375,5712.7001953125,6171.830078125,3978.4599609375,11168.2001953125,21867.0390625,3118.708984375,5304.4501953125,71785.0,12113.5,4937.89990234375
2010-04-09,1194.3699951171875,2454.050048828125,5771.0,6249.7001953125,4050.5400390625,11204.33984375,22208.5,3145.346923828125,5361.75,71417.0,12176.7998046875,4948.10009765625
2010-04-12,1196.47998046875,2457.8701171875,5777.7001953125,6250.68994140625,4050.5,11251.900390625,22138.169921875,3129.262939453125,5339.7001953125,70614.0,12148.7001953125,4984.2998046875
2010-04-13,1197.300048828125,2465.989990234375,5761.7001953125,6230.830078125,4031.989990234375,11161.23046875,22103.529296875,3161.2509765625,5322.9501953125,70792.0,12101.5,4951.60009765625
2010-04-14,1210.6500244140625,2504.860107421875,5796.2998046875,6278.39990234375,4057.699951171875,11204.900390625,22121.4296875,3166.18310546875,,71035.0,12204.400390625,4994.7001953125
2010-04-15,1211.6700439453125,2515.68994140625,5825.0,6291.4501953125,4065.64990234375,11273.7900390625,22157.8203125,3164.966064453125,5273.60009765625,70524.0,12211.5,5001.89990234375
2010-04-16,1192.1300048828125,2481.260009765625,5744.0,6180.89990234375,3986.6298828125,11102.1796875,21865.259765625,3130.302001953125,5262.60009765625,69421.0,12070.7001953125,4984.7001953125
2010-04-19,1197.52001953125,2480.110107421875,5727.89990234375,6162.43994140625,3970.469970703125,10908.76953125,21405.169921875,2980.297119140625,5203.64990234375,69098.0,12103.0,4915.10009765625
2010-04-20,1207.1700439453125,2500.31005859375,5783.7001953125,6264.22998046875,4026.64990234375,10900.6796875,21623.380859375,2979.532958984375,5230.10009765625,69318.0,12113.5,4925.7998046875
2010-04-21,1205.93994140625,2504.610107421875,5723.39990234375,6230.3798828125,3977.669921875,11090.0498046875,21510.9296875,3033.278076171875,5244.89990234375,,12134.599609375,4954.2998046875
2010-04-22,1208.6700439453125,2519.070068359375,5665.2998046875,6168.72021484375,3924.64990234375,10949.08984375,21454.939453125,2999.48388671875,5269.35009765625,69386.0,12160.900390625,4907.39990234375
2010-04-23,1217.280029296875,2530.14990234375,5723.7001953125,6259.52978515625,3951.300048828125,10914.4599609375,21244.490234375,2983.537109375,5304.10009765625,69509.0,12239.599609375,4881.5
2010-04-26,1212.050048828125,2522.949951171875,5753.89990234375,6332.10009765625,3997.389892578125,11165.7900390625,21587.060546875,2969.5029296875,5322.4501953125,68872.0,12281.0,
2010-04-27,1183.7099609375,2471.469970703125,5603.5,6159.509765625,3844.60009765625,11212.66015625,21261.7890625,2907.927978515625,5308.35009765625,66511.0,12146.7001953125,4880.0
2010-04-28,1191.3599853515625,2471.72998046875,5586.60009765625,6084.33984375,3787.0,10924.7900390625,20949.400390625,2900.3310546875,5215.4501953125,66656.0,12076.900390625,4822.7998046875
2010-04-29,1206.780029296875,2511.919921875,5617.7998046875,6144.91015625,3840.6201171875,,20778.919921875,2868.431884765625,5254.14990234375,67978.0,12200.2998046875,4785.60009765625
2010-04-30,1186.68994140625,2461.18994140625,5553.2998046875,6135.7001953125,3816.989990234375,11057.400390625,21108.58984375,2870.611083984375,5278.0,67530.0,12210.7001953125,4807.39990234375
2010-05-03,1202.260009765625,2498.739990234375,,6166.919921875,3828.4599609375,,20811.359375,,5222.75,67119.0,12196.5,4785.5
2010-05-04,1173.5999755859375,2424.25,5411.10009765625,6006.85986328125,3689.2900390625,,20763.05078125,2835.277099609375,5148.5,64869.0,12030.900390625,4737.10009765625
2010-05-05,1165.8699951171875,2402.2900390625,5341.89990234375,5958.4501953125,3636.030029296875,,20327.5390625,2857.15087890625,5124.89990234375,64914.0,11875.099609375,4674.0
2010-05-06,1128.1500244140625,2319.639892578125,5261.0,5908.259765625,3556.110107421875,10695.6904296875,20133.41015625,2739.701904296875,5090.85009765625,63414.0,11842.400390625,4573.2001953125
2010-05-07,1110.8800048828125,2265.639892578125,5123.0,5715.08984375,3392.590087890625,10364.58984375,19920.2890625,2688.383056640625,5018.0498046875,62871.0,11692.400390625,4480.7001953125
2010-05-10,1159.72998046875,2374.669921875,5387.39990234375,6017.91015625,3720.2900390625,10530.7001953125,20426.640625,2698.757080078125,5193.60009765625,65453.0,11947.900390625,4599.7998046875
2010-05-11,1155.7900390625,2375.31005859375,5334.2001953125,6037.7099609375,3693.199951171875,10411.099609375,20146.509765625,2647.572998046875,5136.14990234375,64425.0,12000.599609375,4548.0
2010-05-12,1171.6700439453125,2425.02001953125,5383.5,6183.490234375,3733.8701171875,10394.0302734375,20212.490234375,2655.714111328125,5156.64990234375,65224.0,12196.0,4573.0
2010-05-13,1157.43994140625,2394.360107421875,5433.7001953125,6251.97021484375,3731.5400390625,10620.5498046875,20422.4609375,2710.507080078125,5178.89990234375,64788.0,12116.599609375,4652.7998046875
2010-05-14,1135.6800537109375,2346.85009765625,5262.89990234375,6056.7099609375,3560.360107421875,10462.509765625,20145.4296875,2696.62890625,5093.5,63412.0,12015.0,4611.10009765625
2010-05-17,1136.93994140625,2354.22998046875,5262.5,6066.919921875,3543.550048828125,10235.759765625,19715.19921875,2559.930908203125,5059.89990234375,62866.0,11813.0,4467.2001953125
2010-05-18,1120.800048828125,2317.260009765625,5307.2998046875,6155.93017578125,3617.320068359375,10242.6396484375,19944.939453125,2594.782958984375,5066.2001953125,60841.0,11764.5,4470.7001953125
2010-05-19,1115.050048828125,2298.3701171875,5158.10009765625,5988.669921875,3511.669921875,10186.83984375,19578.98046875,2587.806884765625,4919.64990234375,59689.0,11665.7998046875,4387.10009765625
2010-05-20,1071.5899658203125,2204.010009765625,5073.10009765625,5867.8798828125,3432.52001953125,10030.3095703125,19545.830078125,2555.93994140625,4947.60009765625,58192.0,11406.0,4316.5
2010-05-21,1087.68994140625,2229.0400390625,5062.89990234375,5829.25,3430.739990234375,9784.5400390625,,2583.52197265625,4931.14990234375,60259.0,11521.400390625,4305.39990234375
2010-05-24,1073.6500244140625,2213.550048828125,5069.60009765625,5805.68017578125,3430.929931640625,9758.400390625,19667.759765625,2673.423095703125,4943.9501953125,59915.0,,4395.39990234375
2010-05-25,1074.030029296875,2210.949951171875,4940.7001953125,5670.0400390625,3331.2900390625,9459.8896484375,18985.5,2622.6298828125,4806.75,59184.0,11518.099609375,4265.2998046875
2010-05-26,1067.949951171875,2195.8798828125,5038.10009765625,5758.02001953125,3408.590087890625,9522.66015625,19196.44921875,2625.79296875,4917.39990234375,60190.0,11543.900390625,4307.2001953125
2010-05-27,1103.06005859375,2277.679931640625,5195.2001953125,5937.14013671875,3525.31005859375,9639.7197265625,19431.369140625,2655.91796875,5003.10009765625,62092.0,11749.099609375,4379.2001953125
2010-05-28,1089.4100341796875,2257.0400390625,5188.39990234375,5946.18017578125,3515.06005859375,9762.98046875,19766.7109375,2655.76708984375,5066.5498046875,61947.0,11671.400390625,4457.5
2010-05-31,,,,5964.330078125,3507.56005859375,9768.7001953125,19765.189453125,2592.14599609375,5086.2998046875,63047.0,11763.0,4429.7001953125
2010-06-01,1070.7099609375,2222.330078125,5163.2998046875,5981.27001953125,3503.080078125,9711.830078125,19496.94921875,2568.282958984375,4970.2001953125,61841.0,11572.0,4413.10009765625
2010-06-02,1098.3800048828125,2281.070068359375,5151.2998046875,5981.2001953125,3501.5,9603.240234375,19471.80078125,2571.423095703125,5019.85009765625,62943.0,11780.7001953125,4381.0
2010-06-03,1102.8299560546875,2303.030029296875,5211.2001953125,6054.6298828125,3557.340087890625,9914.1904296875,19786.7109375,2552.656005859375,5110.5,,11811.900390625,4486.0
2010-06-04,1064.8800048828125,2219.169921875,5126.0,5938.8798828125,3455.610107421875,9901.1904296875,19780.0703125,2553.593017578125,5135.5,61676.0,11569.599609375,4449.39990234375
2010-06-07,1050.469970703125,2173.89990234375,5069.10009765625,5904.9501953125,3413.719970703125,9520.7998046875,19378.150390625,2511.72900390625,5034.0,61183.0,11504.7001953125,4325.89990234375
2010-06-08,1062.0,2170.570068359375,5028.2001953125,5868.5498046875,3380.360107421875,9537.9404296875,19487.48046875,2513.947021484375,4987.10009765625,61856.0,11517.2001953125,4381.2001953125
2010-06-09,1055.68994140625,2158.85009765625,5085.89990234375,5984.75,3446.77001953125,9439.1298828125,19621.240234375,2583.8701171875,5000.2998046875,61479.0,11450.599609375,4385.2998046875
2010-06-10,1086.8399658203125,2218.7099609375,5132.5,6056.58984375,3516.639892578125,9542.650390625,19632.69921875,2562.580078125,5078.60009765625,63049.0,11635.900390625,4435.2998046875
2010-06-11,1091.5999755859375,2243.60009765625,5163.7001953125,6047.830078125,3555.52001953125,9705.25,19872.380859375,2569.94091796875,5119.35009765625,63605.0,11666.900390625,4505.5
2010-06-14,1089.6300048828125,2243.9599609375,5202.10009765625,6125.0,3626.0400390625,9879.849609375,20051.91015625,,5197.7001953125,63533.0,11667.2998046875,
2010-06-15,1115.22998046875,2305.8798828125,5217.7998046875,6175.0498046875,3661.510009765625,9887.8896484375,20062.150390625,,5222.35009765625,64442.0,11907.5,4505.0
2010-06-16,1114.6099853515625,2305.929931640625,5237.89990234375,6190.91015625,3675.929931640625,10067.150390625,,,5233.35009765625,64751.0,11921.099609375,
2010-06-17,1116.0400390625,2307.159912109375,5253.89990234375,6223.5400390625,3683.080078125,9999.400390625,20138.400390625,2560.2451171875,5274.85009765625,64541.0,11946.0,4527.2998046875
2010-06-18,1117.510009765625,2309.800048828125,5250.7998046875,6216.97998046875,3687.2099609375,9995.01953125,20286.7109375,2513.221923828125,5262.60009765625,64438.0,11927.599609375,4551.89990234375
2010-06-21,1113.199951171875,2289.090087890625,5299.10009765625,6292.97021484375,3736.14990234375,10238.009765625,20912.1796875,2586.208984375,5353.2998046875,64829.0,11936.099609375,4612.60009765625
2010-06-22,1095.31005859375,2261.800048828125,5247.0,6269.0400390625,3705.320068359375,10112.8896484375,20819.080078125,2588.697998046875,5316.5498046875,64811.0,11797.900390625,4558.2998046875
2010-06-23,1092.0400390625,2254.22998046875,5178.5,6204.52001953125,3641.7900390625,9923.7001953125,20856.609375,2569.8720703125,5323.14990234375,65160.0,11807.5,4486.10009765625
2010-06-24,1073.68994140625,2217.419921875,5100.2001953125,6115.47998046875,3555.360107421875,9928.33984375,20733.490234375,2566.7451171875,5320.60009765625,63937.0,11670.2001953125,4479.7001953125
2010-06-25,1076.760009765625,2223.47998046875,5046.5,6070.60009765625,3519.72998046875,9737.48046875,20690.7890625,2552.81689453125,5269.0498046875,64824.0,11707.900390625,4413.0
2010-06-28,1074.5699462890625,2220.64990234375,5071.7001953125,6157.22021484375,3576.449951171875,9693.9404296875,20726.6796875,2535.278076171875,5333.5,64225.0,11607.0,4384.5
2010-06-29,1041.239990234375,2135.179931640625,4914.2001953125,5952.02978515625,3432.989990234375,9570.669921875,20248.900390625,2427.052001953125,5256.14990234375,61978.0,11263.7998046875,4345.7001953125
2010-06-30,1030.7099609375,2109.239990234375,4916.89990234375,5965.52001953125,3442.889892578125,9382.6396484375,20128.990234375,2398.3701171875,5312.5,60936.0,11294.400390625,4301.5
2010-07-01,1027.3699951171875,2101.360107421875,4805.7998046875,5857.43017578125,3339.89990234375,9191.599609375,,2373.7919921875,5251.39990234375,61236.0,,4237.5
2010-07-02,1022.5800170898438,2091.7900390625,4838.10009765625,5834.14990234375,3348.3701171875,9203.7099609375,19905.3203125,2382.90087890625,5237.10009765625,61430.0,11196.099609375,4238.7001953125
2010-07-05,,,4823.5,5816.2001953125,3332.4599609375,9266.7802734375,19842.19921875,2363.947998046875,5235.89990234375,60865.0,11092.5,4222.10009765625
2010-07-06,1028.06005859375,2093.8798828125,4965.0,5940.97998046875,3423.360107421875,9338.0400390625,20084.119140625,2409.424072265625,5289.0498046875,62065.0,11200.2001953125,4276.10009765625
2010-07-07,1060.27001953125,2159.469970703125,5014.7998046875,5992.85986328125,3483.43994140625,9279.650390625,19857.0703125,2421.116943359375,5241.10009765625,63284.0,11397.2998046875,4254.60009765625
2010-07-08,1070.25,2175.39990234375,5105.5,6035.66015625,3538.25,9535.740234375,20050.560546875,2415.14990234375,5296.85009765625,63476.0,11433.400390625,4356.89990234375
2010-07-09,1077.9599609375,2196.449951171875,5132.89990234375,6065.240234375,3554.47998046875,9585.3203125,20378.66015625,2470.923095703125,5352.4501953125,,11570.5,4396.2998046875
2010-07-12,1078.75,2198.360107421875,5167.0,6077.18994140625,3567.659912109375,9548.1103515625,20467.4296875,2490.718017578125,5383.0,62960.0,11565.7998046875,4409.89990234375
2010-07-13,1095.3399658203125,2242.030029296875,5271.0,6191.1298828125,3637.760009765625,9537.23046875,20431.060546875,2450.284912109375,5400.64990234375,63686.0,11672.7998046875,4380.2998046875
2010-07-14,1095.1700439453125,2249.840087890625,5253.5,6209.759765625,3632.97998046875,9795.240234375,20560.810546875,2470.43994140625,5386.14990234375,63479.0,11620.2001953125,4462.39990234375
2010-07-15,1096.47998046875,2249.080078125,5211.2998046875,6149.35986328125,3581.820068359375,9685.5302734375,20255.619140625,2424.303955078125,5378.75,63489.0,11741.7998046875,4442.60009765625
2010-07-16,1064.8800048828125,2179.050048828125,5158.89990234375,6040.27001953125,3500.159912109375,9408.3603515625,20250.16015625,2424.27099609375,5393.89990234375,62339.0,11569.7001953125,4422.7001953125
2010-07-19,1071.25,2198.22998046875,5148.2998046875,6009.10986328125,3486.330078125,,20090.94921875,2475.4208984375,5386.4501953125,63297.0,11543.5,4358.2998046875
2010-07-20,1083.47998046875,2222.489990234375,5139.5,5967.490234375,3468.02001953125,,20264.58984375,2528.72900390625,5368.0,64463.0,11629.900390625,4403.60009765625
2010-07-21,1069.5899658203125,2187.330078125,5214.60009765625,5990.3798828125,3493.919921875,9278.830078125,20487.23046875,2535.39404296875,5399.35009765625,64477.0,11513.2998046875,4412.7001953125
2010-07-22,1093.6700439453125,2245.889892578125,5313.7998046875,6142.14990234375,3600.570068359375,9220.8798828125,20589.69921875,2562.406005859375,5441.9501953125,65748.0,11667.7998046875,4374.7001953125
2010-07-23,1102.6600341796875,2269.469970703125,5312.60009765625,6166.33984375,3607.050048828125,9430.9599609375,20815.330078125,2572.028076171875,5449.10009765625,66323.0,11714.2001953125,4458.39990234375
2010-07-26,1115.010009765625,2296.429931640625,5351.10009765625,6194.2099609375,3636.179931640625,9503.66015625,20839.91015625,2588.68310546875,5418.60009765625,66443.0,11746.099609375,4486.10009765625
2010-07-27,1113.8399658203125,2288.25,5365.7001953125,6207.31005859375,3666.39990234375,9496.849609375,20973.390625,2575.367919921875,5430.60009765625,66674.0,11716.7001953125,4497.39990234375
2010-07-28,1106.1300048828125,2264.56005859375,5319.7001953125,6178.93994140625,3670.360107421875,9753.26953125,21091.1796875,2633.6630859375,5397.5498046875,66808.0,11696.599609375,4529.89990234375
2010-07-29,1101.530029296875,2251.68994140625,5314.0,6134.7001953125,3651.909912109375,9696.01953125,21093.8203125,2648.115966796875,5408.89990234375,66954.0,11728.599609375,4524.10009765625
2010-07-30,1101.5999755859375,2254.699951171875,5258.0,6147.97021484375,3643.139892578125,9537.2998046875,21029.810546875,2637.5029296875,5367.60009765625,67515.0,11713.400390625,4493.5
2010-08-02,1125.8599853515625,2295.360107421875,5397.10009765625,6292.1298828125,3752.030029296875,9570.3095703125,21412.7890625,2672.51611328125,5431.64990234375,68517.0,,4541.60009765625
2010-08-03,1120.4599609375,2283.52001953125,5396.5,6307.91015625,3747.510009765625,9694.009765625,21457.66015625,2627.001953125,5439.5498046875,67997.0,11782.599609375,4571.60009765625
2010-08-04,1127.239990234375,2303.570068359375,5386.2001953125,6331.330078125,3760.719970703125,9489.33984375,21549.880859375,2638.52197265625,5467.85009765625,68272.0,11845.099609375,4542.10009765625
2010-08-05,1125.81005859375,2293.06005859375,5365.7998046875,6333.580078125,3764.18994140625,9653.919921875,21551.720703125,2620.757080078125,5447.10009765625,68412.0,11774.7998046875,4566.5
2010-08-06,1121.6400146484375,2288.469970703125,5332.39990234375,6259.6298828125,3716.050048828125,9642.1201171875,21678.80078125,2658.39208984375,5439.25,68095.0,11800.0,4566.10009765625
2010-08-09,1127.7900390625,2305.68994140625,5410.5,6351.60009765625,3777.3701171875,9572.490234375,21801.58984375,2672.531982421875,5486.14990234375,67862.0,11863.599609375,4594.89990234375
2010-08-10,1121.06005859375,2277.169921875,5376.39990234375,6286.25,3730.580078125,9551.0498046875,21473.599609375,2595.27294921875,5460.7001953125,67223.0,11838.2998046875,4540.7001953125
2010-08-11,1089.469970703125,2208.6298828125,5245.2001953125,6154.06982421875,3628.2900390625,9292.849609375,21294.5390625,2607.4970703125,5420.60009765625,65790.0,11582.2001953125,4455.5
2010-08-12,1083.6099853515625,2190.27001953125,5266.10009765625,6135.169921875,3621.070068359375,9212.58984375,21105.7109375,2575.47509765625,5416.4501953125,65966.0,11523.599609375,4400.89990234375
2010-08-13,1079.25,2173.47998046875,5275.39990234375,6110.41015625,3610.909912109375,9253.4599609375,21071.5703125,2606.699951171875,5452.10009765625,66264.0,11528.2998046875,4459.60009765625
2010-08-16,1079.3800048828125,2181.8701171875,5276.10009765625,6110.56982421875,3597.60009765625,9196.669921875,21112.119140625,2661.7080078125,5418.2998046875,66702.0,11552.7998046875,4438.5
2010-08-17,1092.5400390625,2209.43994140625,5350.60009765625,6206.39990234375,3663.1298828125,9161.6796875,21137.4296875,2671.89306640625,5414.14990234375,67584.0,11728.599609375,4477.0
2010-08-18,1094.1600341796875,2215.699951171875,5302.89990234375,6186.31005859375,3647.929931640625,9240.5400390625,21022.73046875,2666.301025390625,5479.14990234375,67638.0,11781.099609375,4474.89990234375
2010-08-19,1075.6300048828125,2178.949951171875,5211.2998046875,6075.1298828125,3572.39990234375,9362.6796875,21072.4609375,2687.97900390625,5540.2001953125,66887.0,11710.2001953125,4479.0
2010-08-20,1071.68994140625,2179.760009765625,5195.2998046875,6005.16015625,3526.1201171875,9179.3798828125,20981.8203125,2642.306884765625,5530.64990234375,66677.0,11722.099609375,4430.89990234375
2010-08-23,1067.3599853515625,2159.6298828125,5234.7998046875,6010.91015625,3553.22998046875,9116.6904296875,20889.009765625,2639.365966796875,5543.5,65982.0,11718.599609375,4429.0
2010-08-24,1051.8699951171875,2123.760009765625,5156.0,5935.43994140625,3491.110107421875,8995.1396484375,20658.7109375,2650.306884765625,5505.10009765625,65156.0,11557.400390625,4381.2998046875
2010-08-25,1055.3299560546875,2141.5400390625,5109.39990234375,5899.5,3450.18994140625,8845.3896484375,20634.98046875,2596.580078125,5462.35009765625,64803.0,11648.099609375,4320.10009765625
2010-08-26,1047.219970703125,2118.68994140625,5155.7998046875,5912.580078125,3475.030029296875,8906.48046875,20612.060546875,2603.48095703125,5477.89990234375,63867.0,11653.2001953125,4356.0
2010-08-27,1064.5899658203125,2153.6298828125,5201.60009765625,5951.169921875,3507.43994140625,8991.0595703125,20597.349609375,2610.741943359375,5408.7001953125,65585.0,11879.7001953125,4370.10009765625
2010-08-30,1048.9200439453125,2119.969970703125,,5912.41015625,3487.010009765625,9149.259765625,20737.220703125,2652.6640625,5415.4501953125,64261.0,11895.599609375,4452.7001953125
2010-08-31,1049.3299560546875,2114.030029296875,5225.2001953125,5925.22021484375,3490.7900390625,8824.0595703125,20536.490234375,2638.798095703125,5402.39990234375,65145.0,11913.900390625,4404.2001953125
2010-09-01,1080.2900390625,2176.840087890625,5366.39990234375,6083.89990234375,3623.840087890625,8927.01953125,20623.830078125,2622.882080078125,5471.85009765625,67073.0,12003.7998046875,4495.7001953125
2010-09-02,1090.0999755859375,2200.010009765625,5371.0,6083.85009765625,3631.429931640625,9062.83984375,20868.919921875,2655.77587890625,5486.14990234375,66808.0,12111.099609375,4532.7001953125
2010-09-03,1104.510009765625,2233.75,5428.2001953125,6134.6201171875,3672.199951171875,9114.1298828125,20971.5,2655.39404296875,5479.39990234375,66679.0,12144.900390625,4541.2001953125
2010-09-06,,,5439.2001953125,6155.0400390625,3684.72998046875,9301.3203125,21355.76953125,2696.25,5576.9501953125,66747.0,,4575.5
2010-09-07,1091.8399658203125,2208.889892578125,5407.7998046875,6117.89013671875,3643.81005859375,9226.0,21401.7890625,2698.363037109375,5604.0,,12102.0,4573.2001953125
2010-09-08,1098.8699951171875,2228.8701171875,5429.7001953125,6164.43994140625,3677.2099609375,9024.599609375,21088.859375,2695.291015625,5607.85009765625,66407.0,12042.2998046875,4537.2001953125
2010-09-09,1104.1800537109375,2236.199951171875,5494.2001953125,6221.52001953125,3722.14990234375,9098.3896484375,21167.26953125,2656.35205078125,5640.0498046875,66624.0,12033.5,4582.2001953125
2010-09-10,1109.550048828125,2242.47998046875,5501.60009765625,6214.77001953125,3725.820068359375,9239.169921875,21257.390625,2663.208984375,,66807.0,12097.099609375,4560.2998046875
2010-09-13,1121.9000244140625,2285.7099609375,5565.5,6261.68017578125,3767.14990234375,9321.8203125,21658.349609375,2688.320068359375,5760.0,68031.0,12149.900390625,4614.89990234375
2010-09-14,1121.0999755859375,2289.77001953125,5567.39990234375,6275.41015625,3774.39990234375,9299.3095703125,21696.0390625,2688.52197265625,5795.5498046875,67692.0,12193.0,4626.5
2010-09-15,1125.0699462890625,2301.320068359375,5555.60009765625,6261.8701171875,3755.639892578125,,21725.640625,2652.5029296875,5860.9501953125,68107.0,12144.7998046875,4661.5
2010-09-16,1124.6600341796875,2303.25,5540.10009765625,6249.64990234375,3736.300048828125,9509.5,21691.44921875,2602.465087890625,5828.7001953125,67663.0,12173.400390625,4605.2998046875
2010-09-17,1125.5899658203125,2315.610107421875,5508.5,6209.759765625,3722.02001953125,9626.08984375,21970.859375,2598.68896484375,5884.9501953125,67089.0,12164.599609375,4638.89990234375
2010-09-20,1142.7099609375,2355.830078125,5602.5,6294.580078125,3788.010009765625,,21977.33984375,2588.712890625,5980.4501953125,68190.0,12234.5,4631.2998046875
2010-09-21,1139.780029296875,2349.35009765625,5576.2001953125,6275.97998046875,3784.39990234375,9602.1103515625,22002.58984375,2591.550048828125,6009.0498046875,67719.0,12170.599609375,4617.5
2010-09-22,1134.280029296875,2334.550048828125,5551.89990234375,6208.330078125,3735.050048828125,9566.3203125,22047.7109375,,5991.0,68325.0,12147.2998046875,4625.2001953125
2010-09-23,1124.8299560546875,2327.080078125,5547.10009765625,6184.7099609375,3710.610107421875,,,,5959.5498046875,68794.0,12101.7998046875,4633.60009765625
2010-09-24,1148.6700439453125,2381.219970703125,5598.5,6298.2998046875,3782.47998046875,9471.669921875,22119.4296875,,6018.2998046875,68196.0,12204.900390625,4601.89990234375
2010-09-27,1142.1600341796875,2369.77001953125,5573.39990234375,6278.89013671875,3766.159912109375,9603.1396484375,22340.83984375,2627.967041015625,6035.64990234375,68816.0,12190.599609375,4675.39990234375
2010-09-28,1147.699951171875,2379.590087890625,5578.39990234375,6276.08984375,3762.35009765625,9495.759765625,22109.94921875,2611.35400390625,6029.5,69228.0,12278.900390625,4669.7998046875
2010-09-29,1144.72998046875,2376.56005859375,5569.2998046875,6246.919921875,3737.1201171875,9559.3798828125,22378.669921875,2610.677978515625,5991.2998046875,69228.0,12382.7998046875,4645.0
2010-09-30,1141.199951171875,2368.6201171875,5548.60009765625,6229.02001953125,3715.179931640625,9369.349609375,22358.169921875,2655.657958984375,6029.9501953125,69430.0,12368.7001953125,4582.89990234375
2010-10-01,1146.239990234375,2370.75,5592.89990234375,6211.33984375,3692.090087890625,9404.23046875,,,6143.39990234375,70229.0,12363.099609375,4579.2001953125
2010-10-04,1137.030029296875,2344.52001953125,5556.0,6134.2099609375,3649.81005859375,9381.0595703125,22618.66015625,,6159.4501953125,70385.0,12322.900390625,4625.2998046875
2010-10-05,1160.75,2399.830078125,5635.7998046875,6215.830078125,3731.929931640625,9518.759765625,22639.140625,,6145.7998046875,71283.0,12498.0,4606.89990234375
2010-10-06,1159.969970703125,2380.659912109375,5681.39990234375,6270.72998046875,3764.909912109375,9691.4296875,22880.41015625,,6186.4501953125,70541.0,12501.7001953125,4686.7998046875
2010-10-07,1158.06005859375,2383.669921875,5662.10009765625,6276.25,3770.469970703125,9684.8095703125,22884.3203125,,6120.2998046875,69918.0,12445.900390625,4691.2998046875
2010-10-08,1165.1500244140625,2401.909912109375,5657.60009765625,6291.669921875,3763.179931640625,9588.8798828125,22944.1796875,2738.743896484375,6103.4501953125,70809.0,12535.599609375,4681.39990234375
2010-10-11,1165.3199462890625,2402.330078125,5672.39990234375,6309.509765625,3768.489990234375,,23207.310546875,2806.94189453125,6135.85009765625,70946.0,,4697.5
2010-10-12,1169.77001953125,2417.919921875,5661.60009765625,6304.56982421875,3748.860107421875,9388.6396484375,23121.69921875,2841.406982421875,6090.89990234375,,12575.599609375,4618.2001953125
2010-10-13,1178.0999755859375,2441.22998046875,5747.39990234375,6434.52001953125,3828.340087890625,9403.509765625,23457.689453125,2861.361083984375,6233.89990234375,71675.0,12673.2998046875,4619.89990234375
2010-10-14,1173.81005859375,2435.3798828125,5727.2001953125,6455.27001953125,3819.169921875,9583.509765625,23852.169921875,2879.635986328125,6177.35009765625,71692.0,12619.7001953125,4699.10009765625
2010-10-15,1176.18994140625,2468.77001953125,5703.39990234375,6492.2998046875,3827.3701171875,9500.25,23757.630859375,2971.159912109375,6062.64990234375,71830.0,12609.099609375,4689.0
2010-10-18,1184.7099609375,2480.659912109375,5742.5,6516.6298828125,3834.5,9498.490234375,23469.380859375,2955.22705078125,6075.9501953125,71736.0,12668.0,4651.89990234375
2010-10-19,1165.9000244140625,2436.949951171875,5703.89990234375,6490.68994140625,3807.169921875,9539.4501953125,23763.73046875,3001.85302734375,6027.2998046875,69864.0,12570.599609375,4655.7001953125
2010-10-20,1178.1700439453125,2457.389892578125,5728.89990234375,6524.5498046875,3828.14990234375,9381.599609375,23556.5,3003.950927734375,5982.10009765625,70405.0,12649.900390625,4624.89990234375
2010-10-21,1180.260009765625,2459.669921875,5757.89990234375,6611.009765625,3878.27001953125,9376.48046875,23649.48046875,2983.531982421875,6101.5,69652.0,12599.2001953125,4622.89990234375
2010-10-22,1183.0799560546875,2479.389892578125,5741.39990234375,6605.83984375,3868.5400390625,9426.7099609375,23517.5390625,2975.04296875,6066.0498046875,69530.0,12601.2001953125,4648.2001953125
2010-10-25,1185.6199951171875,2490.85009765625,5752.0,6639.2099609375,3870.0,9401.16015625,23627.91015625,3051.41796875,6105.7998046875,69580.0,12663.599609375,4710.0
2010-10-26,1185.6400146484375,2497.2900390625,5707.2998046875,6613.7998046875,3852.659912109375,9377.3798828125,23601.240234375,3041.54296875,6082.0,70740.0,12684.7001953125,4687.7998046875
2010-10-27,1182.449951171875,2503.260009765625,5646.0,6568.0,3815.77001953125,9387.0302734375,23164.580078125,2997.048095703125,6012.64990234375,70569.0,12567.2998046875,4648.10009765625
2010-10-28,1183.780029296875,2507.3701171875,5677.89990234375,6595.27978515625,3834.840087890625,9366.0302734375,23210.859375,2992.5791015625,5987.7001953125,70320.0,12564.099609375,4684.89990234375
2010-10-29,1183.260009765625,2507.409912109375,5675.2001953125,6601.3701171875,3833.5,9202.4501953125,23096.3203125,2978.8349609375,6017.7001953125,70673.0,12676.2001953125,4661.60009765625
2010-11-01,1184.3800048828125,2504.840087890625,5694.60009765625,6604.85986328125,3841.110107421875,9154.7197265625,23652.939453125,3054.02099609375,6117.5498046875,71561.0,12664.7998046875,4698.5
2010-11-02,1193.5699462890625,2533.52001953125,5757.39990234375,6654.31005859375,3865.719970703125,9159.98046875,23671.419921875,3045.43408203125,6119.0,,12681.400390625,4701.39990234375
2010-11-03,1197.9599609375,2540.27001953125,5749.0,6617.7998046875,3842.93994140625,,24144.669921875,3030.988037109375,6160.5,71905.0,12671.099609375,4722.60009765625
2010-11-04,1221.06005859375,2577.340087890625,5862.7998046875,6734.68994140625,3916.780029296875,9358.7802734375,24535.630859375,3086.93896484375,6281.7998046875,72996.0,12878.7998046875,4745.2998046875
2010-11-05,1225.8499755859375,2578.97998046875,5875.39990234375,6754.2001953125,3916.72998046875,9625.990234375,24876.8203125,3129.4970703125,,72607.0,12925.099609375,4800.60009765625
2010-11-08,1223.25,2580.050048828125,5850.0,6750.5,3913.699951171875,9732.919921875,24964.369140625,3159.511962890625,6273.2001953125,72657.0,13052.5,4778.39990234375
2010-11-09,1213.4000244140625,2562.97998046875,5875.2001953125,6787.81005859375,3945.7099609375,9694.490234375,24710.599609375,3135.0,6301.5498046875,71679.0,12916.599609375,4740.7001953125
2010-11-10,1218.7099609375,2578.780029296875,5816.89990234375,6719.83984375,3888.449951171875,9830.51953125,24500.609375,3115.35595703125,6275.7001953125,71638.0,12942.599609375,4699.7998046875
2010-11-11,1213.5400390625,2555.52001953125,5815.2001953125,6723.41015625,3867.35009765625,9861.4599609375,24700.30078125,3147.743896484375,6194.25,71195.0,12934.7001953125,4728.60009765625
2010-11-12,1199.2099609375,2518.2099609375,5796.89990234375,6734.60986328125,3831.1201171875,9724.8095703125,24222.580078125,2985.43505859375,6071.64990234375,70367.0,12749.2001953125,4692.7001953125
2010-11-15,1197.75,2513.820068359375,5820.39990234375,6790.169921875,3864.239990234375,9827.509765625,24027.1796875,3014.4130859375,6121.60009765625,,12735.400390625,4688.0
2010-11-16,1178.3399658203125,2469.840087890625,5681.89990234375,6663.240234375,3762.469970703125,9797.099609375,23693.01953125,2894.5380859375,5988.7001953125,69192.0,12602.2001953125,4700.2998046875
2010-11-17,1178.5899658203125,2476.010009765625,5692.60009765625,6700.06982421875,3792.35009765625,9811.66015625,23214.4609375,2838.85693359375,,69709.0,12657.7998046875,4624.2998046875
2010-11-18,1196.68994140625,2514.39990234375,5768.7001953125,6832.10986328125,3867.969970703125,10013.6298828125,23637.390625,2865.451904296875,5998.7998046875,70781.0,12870.0,4640.2001953125
2010-11-19,1199.72998046875,2518.1201171875,5732.7998046875,6843.5498046875,3860.159912109375,10022.3896484375,23605.7109375,2888.56591796875,5890.2998046875,70898.0,12956.2998046875,4629.2001953125
2010-11-22,1197.8399658203125,2532.02001953125,5680.7998046875,6822.0498046875,3818.889892578125,10115.1904296875,23524.01953125,2884.37109375,6010.0,69633.0,12929.0,4643.5
2010-11-23,1180.72998046875,2494.949951171875,5581.2998046875,6705.0,3724.419921875,,22896.140625,2828.281982421875,5934.75,67953.0,12793.7998046875,4589.10009765625
2010-11-24,1198.3499755859375,2543.1201171875,5657.10009765625,6823.7998046875,3747.610107421875,10030.1103515625,23023.859375,2859.93603515625,5865.75,69629.0,12902.0,4584.60009765625
2010-11-25,,,5698.89990234375,6879.66015625,3760.419921875,10079.759765625,23054.6796875,2898.260986328125,5799.75,69362.0,12945.7998046875,4593.39990234375
2010-11-26,1189.4000244140625,2534.56005859375,5668.7001953125,6848.97998046875,3728.64990234375,10039.5595703125,22877.25,2871.697998046875,5751.9501953125,68226.0,12892.7001953125,4598.2998046875
2010-11-29,1187.760009765625,2525.219970703125,5551.0,6697.97021484375,3636.9599609375,10125.990234375,23166.220703125,2866.35595703125,5830.0,67908.0,12895.7001953125,4618.5
2010-11-30,1180.550048828125,2498.22998046875,5528.2998046875,6688.490234375,3610.43994140625,9937.0400390625,23007.990234375,2820.180908203125,5862.7001953125,67705.0,12952.900390625,4584.39990234375
2010-12-01,1206.0699462890625,2549.429931640625,5642.5,6866.6298828125,3669.2900390625,9988.0498046875,23249.80078125,2823.448974609375,5960.89990234375,69346.0,13148.400390625,4586.60009765625
2010-12-02,1221.530029296875,2579.35009765625,5767.60009765625,6957.60986328125,3747.0400390625,10168.51953125,23448.779296875,2843.60693359375,6011.7001953125,69527.0,13163.5,4676.2001953125
2010-12-03,1224.7099609375,2591.4599609375,5745.2998046875,6947.72021484375,3750.550048828125,10178.3203125,23320.51953125,2842.429931640625,5992.7998046875,69766.0,13179.0,4694.2001953125
2010-12-06,1223.1199951171875,2594.919921875,5770.2998046875,6954.3798828125,3749.22998046875,10167.23046875,23237.689453125,2857.177001953125,5992.25,69552.0,13276.0,4688.60009765625
2010-12-07,1223.75,2598.489990234375,5808.5,7001.91015625,3810.5,10141.099609375,23428.150390625,2875.861083984375,5976.5498046875,69338.0,13250.7001953125,4726.7998046875
2010-12-08,1228.280029296875,2609.159912109375,5794.5,6975.8701171875,3831.97998046875,10232.330078125,23092.51953125,2848.5458984375,5903.7001953125,68175.0,13152.0,4699.89990234375
2010-12-09,1233.0,2616.669921875,5808.0,6964.16015625,3858.050048828125,10285.8798828125,23171.80078125,2810.948974609375,5766.5,67879.0,13166.900390625,4741.2998046875
2010-12-10,1240.4000244140625,2637.5400390625,5813.0,7006.169921875,3857.35009765625,10211.9501953125,23162.91015625,2841.0400390625,5857.35009765625,68342.0,13239.5,4745.89990234375
2010-12-13,1240.4599609375,2624.909912109375,5860.7998046875,7029.39013671875,3892.43994140625,10293.8896484375,23317.609375,2922.9541015625,5907.64990234375,69126.0,13295.900390625,4757.10009765625
2010-12-14,1241.5899658203125,2627.719970703125,5891.2001953125,7027.39990234375,3902.8701171875,10316.76953125,23431.189453125,2927.076904296875,5944.10009765625,68743.0,13280.099609375,4766.89990234375
2010-12-15,1235.22998046875,2617.219970703125,5882.2001953125,7016.3701171875,3880.18994140625,10309.7802734375,22975.349609375,2911.4140625,5892.2998046875,67870.0,13229.099609375,4767.7998046875
2010-12-16,1242.8699951171875,2637.31005859375,5881.10009765625,7024.39990234375,3888.360107421875,10311.2900390625,22668.779296875,2898.137939453125,5948.75,67306.0,13181.2001953125,4784.0
2010-12-17,1243.9100341796875,2642.969970703125,5871.7998046875,6982.4501953125,3867.35009765625,10303.830078125,22714.849609375,2893.739990234375,,67981.0,13201.5,4763.10009765625
2010-12-20,1247.0799560546875,2649.56005859375,5891.60009765625,7018.60009765625,3885.080078125,10216.41015625,22639.080078125,,5947.0498046875,67264.0,13193.2998046875,4736.60009765625
2010-12-21,1254.5999755859375,2667.610107421875,5951.7998046875,7077.990234375,3927.489990234375,10370.5302734375,22993.859375,2904.114990234375,6000.64990234375,68215.0,13365.2001953125,4771.89990234375
2010-12-22,1258.8399658203125,2671.47998046875,5983.5,7067.919921875,3919.7099609375,10346.48046875,23045.189453125,2877.89990234375,5984.39990234375,68471.0,13380.7001953125,4778.39990234375
2010-12-23,1256.77001953125,2665.60009765625,5996.10009765625,7057.68994140625,3911.320068359375,,22902.970703125,2855.219970703125,5980.0,68486.0,13371.2001953125,4799.0
2010-12-24,,,6008.89990234375,,,10279.1904296875,22833.80078125,2835.156982421875,6011.60009765625,,13383.2001953125,4777.2998046875
2010-12-27,1257.5400390625,2667.27001953125,,6970.72998046875,3862.18994140625,10355.990234375,,2781.402099609375,5998.10009765625,67803.0,,
2010-12-28,1258.510009765625,2662.8798828125,,6972.10009765625,3858.719970703125,10292.6298828125,22621.73046875,2732.989990234375,5996.0,68041.0,,
2010-12-29,1259.780029296875,2666.929931640625,5996.39990234375,6995.47021484375,3890.64990234375,10344.5400390625,22969.30078125,2751.527099609375,6060.35009765625,68952.0,13449.2001953125,4775.2001953125
2010-12-30,1257.8800048828125,2662.97998046875,5971.0,6914.18994140625,3850.760009765625,10228.919921875,22999.33984375,2759.574951171875,6101.85009765625,69305.0,13434.400390625,4790.39990234375
2010-12-31,1257.6400146484375,2652.8701171875,5899.89990234375,,,,23035.44921875,2808.076904296875,6134.5,,13443.2001953125,4745.2001953125
2011-01-03,1271.8699951171875,2691.52001953125,,6989.740234375,3900.860107421875,,23436.05078125,,6157.60009765625,69962.0,,
2011-01-04,1270.199951171875,2681.25,6013.89990234375,6975.35009765625,3916.030029296875,10398.099609375,23668.48046875,2852.64794921875,6146.35009765625,70318.0,13402.2998046875,4742.5
2011-01-05,1276.56005859375,2702.199951171875,6043.89990234375,6939.81982421875,3904.610107421875,10380.76953125,23757.8203125,2839.220947265625,6079.7998046875,71091.0,13396.0,4714.89990234375
2011-01-06,1273.8499755859375,2709.889892578125,6019.5,6981.39013671875,3904.419921875,10529.759765625,23786.30078125,2824.197021484375,6048.25,70579.0,13311.7001953125,4725.0
2011-01-07,1271.5,2703.169921875,5984.2998046875,6947.83984375,3865.580078125,10541.0400390625,23686.630859375,2838.801025390625,5904.60009765625,70057.0,13272.2998046875,4705.0
2011-01-10,1269.75,2707.800048828125,5956.2998046875,6857.06005859375,3802.030029296875,,23527.259765625,2791.80908203125,5762.85009765625,70127.0,13245.099609375,4712.2998046875
2011-01-11,1274.47998046875,2716.830078125,6014.0,6941.56982421875,3861.919921875,10510.6796875,23760.33984375,2804.047119140625,5754.10009765625,70423.0,13401.099609375,4710.7001953125
2011-01-12,1285.9599609375,2737.330078125,6050.7001953125,7068.77978515625,3945.070068359375,10512.7998046875,24125.609375,2821.304931640625,5863.25,71633.0,13460.2001953125,4724.2001953125
2011-01-13,1283.760009765625,2735.2900390625,6023.89990234375,7075.10986328125,3974.830078125,10589.759765625,24238.98046875,2827.7119140625,5751.89990234375,70721.0,13401.5,4795.2001953125
2011-01-14,1293.239990234375,2755.300048828125,6002.10009765625,7075.7001953125,3983.280029296875,10499.0400390625,24283.23046875,2791.343994140625,5654.5498046875,70940.0,13464.099609375,4801.5
2011-01-17,,,5985.7001953125,7078.06005859375,3975.409912109375,10502.8603515625,24156.970703125,2706.659912109375,5654.75,70609.0,13440.099609375,4763.10009765625
2011-01-18,1295.02001953125,2765.85009765625,6056.39990234375,7143.4501953125,4012.679931640625,10518.98046875,24153.98046875,2708.97900390625,5724.0498046875,70920.0,13559.2001953125,4801.7998046875
2011-01-19,1281.9200439453125,2725.360107421875,5976.7001953125,7082.759765625,3976.7099609375,10557.099609375,24419.619140625,2758.096923828125,5691.0498046875,70058.0,13439.0,4834.60009765625
2011-01-20,1280.260009765625,2704.2900390625,5867.89990234375,7024.27001953125,3964.840087890625,10437.3095703125,24003.69921875,2677.652099609375,5711.60009765625,69562.0,13331.2998046875,4783.7001953125
2011-01-21,1283.3499755859375,2689.5400390625,5896.2998046875,7062.419921875,4017.449951171875,10274.51953125,23876.859375,2715.2939453125,5696.5,69133.0,13258.599609375,4755.7001953125
2011-01-24,1290.8399658203125,2717.550048828125,5943.89990234375,7067.77001953125,4033.2099609375,10345.1103515625,23801.779296875,2695.718994140625,5743.25,69427.0,13347.599609375,4786.0
2011-01-25,1291.1800537109375,2719.25,5917.7001953125,7059.009765625,4019.6201171875,10464.419921875,23788.830078125,2677.431884765625,5687.39990234375,,13259.599609375,4807.7998046875
2011-01-26,1296.6300048828125,2739.5,5969.2001953125,7127.35009765625,4049.070068359375,10401.900390625,23843.240234375,2708.81396484375,,68709.0,13465.7998046875,
2011-01-27,1299.5400390625,2755.280029296875,5965.10009765625,7155.580078125,4059.570068359375,10478.66015625,23779.619140625,2749.14990234375,5604.2998046875,68051.0,13410.2001953125,4806.10009765625
2011-01-28,1276.3399658203125,2686.889892578125,5881.39990234375,7102.7998046875,4002.320068359375,10360.33984375,23617.01953125,2752.75,5512.14990234375,66698.0,13437.599609375,4774.89990234375
2011-01-31,1286.1199951171875,2700.080078125,5862.89990234375,7077.47998046875,4005.5,10237.919921875,23447.33984375,2790.694091796875,5505.89990234375,66575.0,13552.0,4753.89990234375
2011-02-01,1307.5899658203125,2751.18994140625,5957.7998046875,7184.27001953125,4072.6201171875,10274.5,23482.94921875,2798.9599609375,5417.2001953125,67847.0,13712.599609375,4752.10009765625
2011-02-02,1304.030029296875,2749.56005859375,6000.10009765625,7183.669921875,4066.530029296875,10457.3603515625,23908.9609375,,5432.0,66688.0,13680.2998046875,4796.5
2011-02-03,1307.0999755859375,2753.8798828125,5983.2998046875,7193.68017578125,4036.590087890625,10431.3603515625,,,5526.75,66765.0,13841.400390625,4820.60009765625
2011-02-04,1310.8699951171875,2769.300048828125,5997.39990234375,7216.2099609375,4047.2099609375,10543.51953125,,,5395.75,65269.0,13791.900390625,4862.7001953125
2011-02-07,1319.050048828125,2783.989990234375,6051.0,7283.6201171875,4090.800048828125,10592.0400390625,23553.58984375,,5396.0,65362.0,13811.900390625,4868.5
2011-02-08,1324.5699462890625,2797.050048828125,6091.2998046875,7323.240234375,4108.27001953125,10635.98046875,23484.30078125,,5312.5498046875,65771.0,13892.5,4890.39990234375
2011-02-09,1320.8800048828125,2789.070068359375,6052.2998046875,7320.89990234375,4090.739990234375,10617.830078125,23164.029296875,2774.06494140625,5253.5498046875,64218.0,13784.2998046875,4904.7998046875
2011-02-10,1321.8699951171875,2790.449951171875,6020.0,7340.27978515625,4095.139892578125,10605.650390625,22708.619140625,2818.1630859375,5225.7998046875,64578.0,13840.599609375,4914.39990234375
2011-02-11,1329.1500244140625,2809.43994140625,6062.89990234375,7371.2001953125,4101.31005859375,,22828.919921875,2827.327880859375,5310.0,65756.0,13766.7998046875,4880.89990234375
2011-02-14,1332.3199462890625,2817.179931640625,6060.10009765625,7396.6298828125,4096.6201171875,10725.5400390625,23121.060546875,2899.134033203125,5456.0,66558.0,13910.7998046875,4935.7998046875
2011-02-15,1328.010009765625,2804.35009765625,6037.10009765625,7400.0400390625,4110.33984375,10746.669921875,22899.779296875,2899.237060546875,5481.0,66341.0,13929.400390625,4931.0
2011-02-16,1336.3199462890625,2825.56005859375,6085.2998046875,7414.2998046875,4151.259765625,10808.2900390625,23156.970703125,2923.89599609375,5481.7001953125,67571.0,14059.2001953125,4930.2001953125
2011-02-17,1340.4300537109375,2831.580078125,6087.39990234375,7405.509765625,4152.31005859375,10836.6396484375,23301.83984375,2926.964111328125,5546.4501953125,67685.0,14136.2001953125,4938.39990234375
2011-02-18,1343.010009765625,2833.949951171875,6083.0,7426.81005859375,4157.14013671875,10842.7998046875,23595.240234375,2899.7919921875,5458.9501953125,68067.0,14123.099609375,4936.7001953125
2011-02-21,,,6014.7998046875,7321.81005859375,4097.41015625,10857.5302734375,23485.419921875,2932.24609375,5518.60009765625,67259.0,,4900.0
2011-02-22,1315.43994140625,2756.419921875,5996.7998046875,7318.35009765625,4050.27001953125,10664.7001953125,22990.810546875,2855.51611328125,5469.2001953125,66440.0,13963.7001953125,4856.7001953125
2011-02-23,1307.4000244140625,2722.989990234375,5923.5,7194.60009765625,4013.1201171875,10579.099609375,22906.900390625,2862.635009765625,5437.35009765625,66910.0,13956.2001953125,4845.89990234375
2011-02-24,1306.0999755859375,2737.89990234375,5920.0,7130.5,4009.639892578125,10452.7099609375,22601.0390625,2878.60302734375,5262.7001953125,66949.0,13867.2998046875,4809.2998046875
2011-02-25,1319.8800048828125,2781.050048828125,6001.2001953125,7185.169921875,4070.3798828125,10526.759765625,23012.369140625,2878.56494140625,5303.5498046875,66903.0,14052.099609375,4836.5
2011-02-28,1327.219970703125,2782.27001953125,5994.0,7272.31982421875,4110.35009765625,10624.08984375,23338.01953125,2905.052978515625,5333.25,67383.0,14136.5,4831.7001953125
2011-03-01,1306.3299560546875,2737.409912109375,5935.7998046875,7223.2998046875,4067.14990234375,10754.0302734375,23396.419921875,2918.919921875,5522.2998046875,66243.0,14122.900390625,4826.39990234375
2011-03-02,1308.43994140625,2748.070068359375,5914.89990234375,7181.1201171875,4034.320068359375,10492.3798828125,23048.66015625,2913.80810546875,,67282.0,14144.0,4803.2001953125
2011-03-03,1330.969970703125,2798.739990234375,6005.10009765625,7225.9599609375,4060.760009765625,10586.01953125,23122.419921875,2902.97802734375,5536.2001953125,68146.0,14214.7001953125,4806.39990234375
2011-03-04,1321.1500244140625,2784.669921875,5990.39990234375,7178.89990234375,4020.2099609375,10693.66015625,23408.859375,2942.305908203125,5538.75,68012.0,14252.7998046875,4864.2998046875
2011-03-07,1310.1300048828125,2745.6298828125,5973.7998046875,7161.93017578125,3990.409912109375,10505.01953125,23313.189453125,2996.2109375,5463.14990234375,,14092.400390625,4797.89990234375
2011-03-08,1321.8199462890625,2765.77001953125,5974.7998046875,7164.75,4015.909912109375,10525.1904296875,23711.69921875,2999.94189453125,5520.7998046875,,14013.0,4808.2001953125
2011-03-09,1320.02001953125,2751.719970703125,5937.2998046875,7131.7998046875,3993.81005859375,10589.5,23810.109375,3002.154052734375,5531.0,67264.0,13884.7001953125,4767.7998046875
2011-03-10,1295.1099853515625,2701.02001953125,5845.2998046875,7063.08984375,3963.989990234375,10434.3798828125,23614.890625,2957.14306640625,5494.39990234375,66041.0,13638.599609375,4699.7001953125
2011-03-11,1304.280029296875,2715.610107421875,5828.7001953125,6981.490234375,3928.679931640625,10254.4296875,23249.779296875,2933.7958984375,5445.4501953125,66685.0,13674.2998046875,4644.7998046875
2011-03-14,1296.3900146484375,2700.969970703125,5775.2001953125,6866.6298828125,3878.0400390625,9620.490234375,23345.880859375,2937.626953125,5531.5,67169.0,13619.2001953125,
2011-03-15,1281.8699951171875,2667.330078125,5695.2998046875,6647.66015625,3780.85009765625,8605.150390625,22678.25,2896.256103515625,5449.64990234375,67005.0,13547.0,4528.7001953125
2011-03-16,1256.8800048828125,2616.820068359375,5598.2001953125,6513.83984375,3696.56005859375,9093.7197265625,22700.880859375,2930.803955078125,5511.14990234375,66003.0,13524.7998046875,4558.2001953125
2011-03-17,1273.719970703125,2636.050048828125,5696.10009765625,6656.8798828125,3786.2099609375,8962.669921875,22284.4296875,2897.298095703125,5446.64990234375,66216.0,13746.2001953125,4555.2998046875
2011-03-18,1279.2099609375,2643.669921875,5718.10009765625,6664.39990234375,3810.219970703125,9206.75,22300.23046875,2906.885009765625,5373.7001953125,66880.0,13789.599609375,4626.39990234375
2011-03-21,1298.3800048828125,2692.090087890625,5786.10009765625,6816.1201171875,3904.449951171875,,22685.220703125,2909.136962890625,5364.75,66690.0,14013.7001953125,4642.7998046875
2011-03-22,1293.77001953125,2683.8701171875,5762.7001953125,6780.97021484375,3892.7099609375,9608.3203125,22857.900390625,2919.14208984375,5413.85009765625,67578.0,14000.0,4643.39990234375
2011-03-23,1297.5400390625,2698.300048828125,5795.89990234375,6804.4501953125,3913.72998046875,9449.4697265625,22825.400390625,2948.47705078125,5480.25,67796.0,14087.2001953125,4652.39990234375
2011-03-24,1309.6600341796875,2736.419921875,5880.89990234375,6933.580078125,3968.840087890625,9435.009765625,22915.279296875,2946.7060546875,5522.39990234375,67533.0,14029.400390625,4699.60009765625
2011-03-25,1313.800048828125,2743.06005859375,5900.7998046875,6946.35986328125,3972.3798828125,9536.1298828125,23158.669921875,2977.81396484375,5654.25,67766.0,14039.400390625,4742.60009765625
2011-03-28,1310.18994140625,2730.679931640625,5904.5,6938.6298828125,3976.949951171875,9478.5302734375,23068.189453125,2984.0048828125,5687.25,67193.0,13892.7001953125,4733.60009765625
2011-03-29,1319.43994140625,2756.889892578125,5932.2001953125,6934.43994140625,3987.800048828125,9459.080078125,23060.359375,2958.076904296875,5736.35009765625,67419.0,13930.400390625,4755.7998046875
2011-03-30,1328.260009765625,2776.7900390625,5948.2998046875,7057.14990234375,4024.43994140625,9708.7900390625,23451.4296875,2955.77099609375,5787.64990234375,67997.0,14083.599609375,4822.2001953125
2011-03-31,1325.8299560546875,2781.070068359375,5908.7998046875,7041.31005859375,3989.179931640625,9755.099609375,23527.51953125,2928.111083984375,5833.75,68587.0,14116.099609375,4837.89990234375
2011-04-01,1332.4100341796875,2789.60009765625,6009.89990234375,7179.81005859375,4054.760009765625,9708.3896484375,23801.900390625,2967.409912109375,5826.0498046875,69268.0,14130.2001953125,4861.7998046875
2011-04-04,1332.8699951171875,2789.18994140625,6017.0,7175.330078125,4042.919921875,9718.8896484375,24150.580078125,,5908.4501953125,69704.0,14218.400390625,4886.7998046875
2011-04-05,1332.6300048828125,2791.18994140625,6007.10009765625,7175.31005859375,4041.739990234375,9615.5498046875,,,5910.0498046875,69838.0,14270.5,4900.10009765625
2011-04-06,1335.5400390625,2799.820068359375,6041.10009765625,7215.10986328125,4048.159912109375,9584.3701171875,24285.05078125,3001.360107421875,5891.75,69037.0,14202.7001953125,4912.89990234375
2011-04-07,1333.510009765625,2796.139892578125,6007.39990234375,7178.77978515625,4028.300048828125,9590.9296875,24281.80078125,3007.908935546875,5885.7001953125,69176.0,14107.7998046875,4908.10009765625
2011-04-08,1328.1700439453125,2780.419921875,6055.7998046875,7217.02001953125,4061.909912109375,9768.080078125,24396.0703125,3030.02099609375,5842.0,68718.0,14208.400390625,4940.60009765625
2011-04-11,1324.4599609375,2771.510009765625,6053.39990234375,7204.85986328125,4038.699951171875,9719.7001953125,24303.0703125,3022.74609375,5785.7001953125,68164.0,13996.900390625,4971.2001953125
2011-04-12,1314.1600341796875,2744.7900390625,5964.5,7102.91015625,3976.60009765625,9555.259765625,23976.369140625,3021.368896484375,,66896.0,13801.400390625,4898.7001953125
2011-04-13,1314.4100341796875,2761.52001953125,6010.39990234375,7177.97021484375,4006.22998046875,9641.1796875,24135.029296875,3050.39697265625,5911.5,66486.0,13833.599609375,4911.0
2011-04-14,1314.52001953125,2760.219970703125,5963.7998046875,7146.56005859375,3970.389892578125,9653.919921875,24014.0,3042.635009765625,,66279.0,13821.7998046875,4884.2001953125
2011-04-15,1319.6800537109375,2764.64990234375,5996.0,7178.2900390625,3974.47998046875,9591.51953125,24008.0703125,3050.52587890625,5824.5498046875,66684.0,13799.099609375,4852.10009765625
2011-04-18,1305.1400146484375,2735.3798828125,5870.10009765625,7026.85009765625,3881.239990234375,9556.650390625,23830.310546875,3057.3291015625,5729.10009765625,65415.0,13702.2998046875,4861.89990234375
2011-04-19,1312.6199951171875,2744.969970703125,5896.89990234375,7039.31005859375,3908.580078125,9441.0302734375,23520.619140625,2999.041015625,5740.75,66158.0,13736.7998046875,4793.2998046875
2011-04-20,1330.3599853515625,2802.510009765625,6022.2998046875,7249.18994140625,4004.6201171875,9606.8203125,23896.099609375,3007.037109375,5851.64990234375,67058.0,13897.5,4859.0
2011-04-21,1337.3800048828125,2820.159912109375,6018.2998046875,7295.490234375,4021.8798828125,9685.76953125,24138.310546875,3026.6669921875,5884.7001953125,,13972.0,4913.7998046875
2011-04-22,,,,,,9682.2099609375,,3010.51708984375,,,,
2011-04-25,1335.25,2825.8798828125,,,,9671.9599609375,,2964.950927734375,5874.5,66972.0,13907.2998046875,
2011-04-26,1347.239990234375,2847.5400390625,6069.39990234375,7356.509765625,4045.2900390625,9558.6904296875,24007.380859375,2938.98095703125,5868.39990234375,67144.0,13909.099609375,
2011-04-27,1355.6600341796875,2869.8798828125,6068.2001953125,7404.9501953125,4067.719970703125,9691.83984375,23892.83984375,2925.407958984375,5833.89990234375,66264.0,13892.599609375,4872.89990234375
2011-04-28,1360.47998046875,2872.530029296875,6069.89990234375,7475.22021484375,4104.89990234375,9849.740234375,23805.630859375,2887.04296875,5785.4501953125,65673.0,13894.400390625,4873.0
2011-04-29,1363.6099853515625,2873.5400390625,,7514.4599609375,4106.919921875,,23720.810546875,2911.510009765625,5749.5,66133.0,13944.7998046875,4823.2001953125
2011-05-02,1361.219970703125,2864.080078125,,7527.64013671875,4108.77001953125,10004.2001953125,,,5701.2998046875,65463.0,13934.5,4825.2998046875
2011-05-03,1356.6199951171875,2841.6201171875,6082.89990234375,7500.7001953125,4096.83984375,,23633.25,2932.18798828125,5565.25,64318.0,13692.400390625,4784.60009765625
2011-05-04,1347.3199462890625,2828.22998046875,5984.10009765625,7373.93017578125,4043.1298828125,,23315.240234375,2866.01708984375,5537.14990234375,63616.0,13611.2998046875,4740.10009765625
2011-05-05,1335.0999755859375,2814.719970703125,5920.0,7376.9599609375,4004.8701171875,,23261.609375,2872.404052734375,5459.85009765625,63407.0,13455.400390625,4753.7001953125
2011-05-06,1340.199951171875,2827.56005859375,5976.7998046875,7492.25,4058.010009765625,9859.2001953125,23159.140625,2863.885986328125,5551.4501953125,64417.0,13566.599609375,4743.0
2011-05-09,1346.2900390625,2843.25,5942.7001953125,7410.52001953125,4007.260009765625,9794.3798828125,23336.0,2872.4599609375,5551.10009765625,64622.0,13677.099609375,4756.7998046875
2011-05-10,1357.1600341796875,2871.889892578125,6018.89990234375,7501.52001953125,4052.510009765625,9818.759765625,,2890.634033203125,5541.25,64877.0,13642.099609375,4725.7998046875
2011-05-11,1342.0799560546875,2845.06005859375,5976.0,7495.0498046875,4058.080078125,9864.259765625,23291.80078125,2883.419921875,5565.0498046875,63776.0,13419.7001953125,4780.2001953125
2011-05-12,1348.6500244140625,2863.0400390625,5945.0,7443.9501953125,4023.2900390625,9716.650390625,23073.759765625,2844.0830078125,5486.14990234375,64003.0,13389.400390625,4696.10009765625
2011-05-13,1337.77001953125,2828.469970703125,5925.89990234375,7403.31005859375,4018.85009765625,9648.76953125,23276.26953125,2871.031005859375,5544.75,63235.0,13377.2001953125,4711.39990234375
2011-05-16,1329.469970703125,2782.31005859375,5923.7001953125,7387.5400390625,3989.820068359375,9558.2998046875,22960.630859375,2849.06689453125,5499.0,62830.0,13391.400390625,4650.0
2011-05-17,1328.97998046875,2783.2099609375,5861.0,7256.64990234375,3941.580078125,9567.01953125,22901.080078125,2852.77294921875,5438.9501953125,63673.0,13441.099609375,4683.89990234375
2011-05-18,1340.6800537109375,2815.0,5923.5,7303.52978515625,3978.0,9662.080078125,23011.140625,2872.77099609375,5420.60009765625,62841.0,13607.2998046875,4693.7001953125
2011-05-19,1343.5999755859375,2823.31005859375,5956.0,7358.22998046875,4027.739990234375,9620.8203125,23163.380859375,2859.573974609375,5428.10009765625,62367.0,13625.099609375,4756.39990234375
2011-05-20,1333.27001953125,2803.320068359375,5948.5,7266.81982421875,3990.85009765625,9607.080078125,23199.390625,2858.458984375,5486.35009765625,62597.0,13652.2998046875,4732.2001953125
2011-05-23,1317.3699951171875,2758.89990234375,5835.89990234375,7121.52001953125,3906.97998046875,9460.6298828125,22711.01953125,2774.569091796875,5386.5498046875,62345.0,,4643.0
2011-05-24,1316.280029296875,2746.159912109375,5858.39990234375,7150.66015625,3916.8798828125,9477.169921875,22730.779296875,2767.055908203125,5394.85009765625,63337.0,13595.099609375,4628.7998046875
2011-05-25,1320.469970703125,2761.3798828125,5870.10009765625,7170.93994140625,3928.989990234375,9422.8798828125,22747.279296875,2741.740966796875,5348.9501953125,63388.0,13751.5,4584.7001953125
2011-05-26,1325.68994140625,2782.919921875,5881.0,7114.08984375,3917.219970703125,9562.0498046875,22900.7890625,2736.527099609375,5412.35009765625,64099.0,13775.900390625,4660.2001953125
2011-05-27,1331.0999755859375,2796.860107421875,5938.89990234375,7163.47021484375,3950.97998046875,9521.9404296875,23118.0703125,2709.947021484375,5476.10009765625,64295.0,13797.599609375,4684.0
2011-05-30,,,,7160.2998046875,3942.530029296875,9504.9697265625,23184.3203125,2706.361083984375,5473.10009765625,63954.0,13829.7001953125,4667.5
2011-05-31,1345.199951171875,2835.300048828125,5990.0,7293.68994140625,4006.93994140625,9693.73046875,23684.130859375,2743.471923828125,,64620.0,13802.900390625,4708.2998046875
2011-06-01,1314.550048828125,2769.18994140625,5928.60009765625,7217.43017578125,3964.81005859375,9719.6103515625,23626.4296875,2743.572021484375,5592.0,63411.0,13527.900390625,4707.2998046875
2011-06-02,1312.93994140625,2773.31005859375,5847.89990234375,7074.1201171875,3889.8701171875,9555.0400390625,23253.83984375,2705.180908203125,5550.35009765625,64218.0,13519.5,4600.39990234375
2011-06-03,1300.1600341796875,2732.780029296875,5855.0,7109.02978515625,3890.679931640625,9492.2099609375,22949.560546875,2728.02001953125,5516.75,64341.0,13517.900390625,4583.10009765625
2011-06-06,1286.1700439453125,2702.56005859375,5863.2001953125,7084.56982421875,3863.39990234375,9380.349609375,,,5532.0498046875,63068.0,13318.7001953125,4569.10009765625
2011-06-07,1284.93994140625,2701.56005859375,5864.7001953125,7103.25,3871.919921875,9442.9501953125,22868.669921875,2744.300048828125,5556.14990234375,63218.0,13282.900390625,4566.2998046875
2011-06-08,1279.56005859375,2675.3798828125,5808.89990234375,7060.22998046875,3837.97998046875,9449.4599609375,22661.630859375,2750.2880859375,5526.85009765625,63033.0,13183.7998046875,4536.7998046875
2011-06-09,1289.0,2684.8701171875,5856.2998046875,7159.66015625,3878.64990234375,9467.150390625,22609.830078125,2703.344970703125,5521.0498046875,63469.0,13255.7001953125,4549.60009765625
2011-06-10,1270.97998046875,2643.72998046875,5765.7998046875,7069.89990234375,3805.090087890625,9514.4404296875,22420.369140625,2705.14306640625,5485.7998046875,62697.0,13084.0,4562.10009765625
2011-06-13,1271.8299560546875,2639.68994140625,5773.5,7085.14013671875,3807.610107421875,9448.2099609375,22508.080078125,2700.37890625,5482.7998046875,62023.0,12939.7001953125,
2011-06-14,1287.8699951171875,2678.719970703125,5803.10009765625,7204.7900390625,3864.580078125,9547.7900390625,22496.0,2730.0400390625,5500.5,62205.0,13097.7998046875,4585.0
2011-06-15,1265.4200439453125,2631.4599609375,5742.60009765625,7115.080078125,3806.85009765625,9574.3203125,22343.76953125,2705.430908203125,5447.5,61604.0,12972.0,4566.7998046875
2011-06-16,1267.6400146484375,2623.699951171875,5698.7998046875,7110.2001953125,3792.31005859375,9411.2802734375,21953.109375,2664.281982421875,5396.75,60881.0,12853.099609375,4479.2001953125
2011-06-17,1271.5,2616.47998046875,5714.89990234375,7164.0498046875,3823.739990234375,9351.400390625,21695.259765625,2642.818115234375,5366.39990234375,61060.0,12790.0,4484.89990234375
2011-06-20,1278.3599853515625,2629.659912109375,5693.39990234375,7150.2099609375,3799.659912109375,9354.3203125,21599.509765625,2621.2529296875,5257.89990234375,61168.0,12857.7001953125,4451.7001953125
2011-06-21,1295.52001953125,2687.260009765625,5775.2998046875,7285.509765625,3877.070068359375,9459.66015625,21850.58984375,2646.48291015625,5275.85009765625,61424.0,13063.2998046875,4508.2001953125
2011-06-22,1287.1400146484375,2669.18994140625,5773.0,7278.18994140625,3871.3701171875,9629.4296875,21859.970703125,2649.321044921875,5278.2998046875,61194.0,13060.599609375,4532.60009765625
2011-06-23,1283.5,2686.75,5674.39990234375,7149.43994140625,3787.7900390625,9596.740234375,21759.140625,2688.2490234375,5320.0,,12979.599609375,4500.5
2011-06-24,1268.449951171875,2652.889892578125,5697.7001953125,7121.3798828125,3784.800048828125,9678.7099609375,22171.94921875,2746.2109375,5471.25,61017.0,12908.900390625,4508.10009765625
2011-06-27,1280.0999755859375,2688.280029296875,5722.2998046875,7107.89990234375,3796.550048828125,9578.3095703125,22041.76953125,2758.22998046875,5526.60009765625,61217.0,12966.5,4461.7998046875
2011-06-28,1296.6700439453125,2729.31005859375,5766.89990234375,7170.43017578125,3851.889892578125,9648.98046875,22061.779296875,2759.201904296875,5545.2998046875,62303.0,13105.0,4474.2998046875
2011-06-29,1307.4100341796875,2740.489990234375,5856.0,7294.14013671875,3924.22998046875,9797.259765625,22061.1796875,2728.48291015625,5600.4501953125,62334.0,13188.900390625,4529.5
2011-06-30,1320.6400146484375,2773.52001953125,5945.7001953125,7376.240234375,3982.2099609375,9816.08984375,22398.099609375,2762.075927734375,5647.39990234375,62404.0,13300.900390625,4608.0
2011-07-01,1339.6700439453125,2816.030029296875,5989.7998046875,7419.43994140625,4007.35009765625,9868.0703125,,2759.362060546875,5627.2001953125,63394.0,,4591.2001953125
2011-07-04,,,6017.5,7442.9599609375,4003.110107421875,9965.08984375,22770.470703125,2812.818115234375,5650.5,63891.0,13386.5,4610.7001953125
2011-07-05,1337.8800048828125,2825.77001953125,6024.0,7439.43994140625,3978.830078125,9972.4599609375,22747.94921875,2816.35400390625,5632.10009765625,63039.0,13425.2998046875,4598.10009765625
2011-07-06,1339.219970703125,2834.02001953125,6002.89990234375,7431.18994140625,3961.340087890625,10082.48046875,22517.55078125,2810.47900390625,5625.4501953125,62565.0,13403.099609375,4605.0
2011-07-07,1353.219970703125,2872.659912109375,6054.60009765625,7471.43994140625,3979.9599609375,10071.1396484375,22530.1796875,2794.26708984375,5728.9501953125,62207.0,13406.0,4605.5
2011-07-08,1343.800048828125,2859.81005859375,5990.60009765625,7402.72998046875,3913.550048828125,10137.73046875,22726.4296875,2797.77294921875,5660.64990234375,61513.0,13371.7001953125,4654.7001953125
2011-07-11,1319.489990234375,2802.6201171875,5929.2001953125,7230.25,3807.510009765625,10069.5302734375,22347.23046875,2802.69189453125,5616.10009765625,60224.0,13179.7998046875,4582.2998046875
2011-07-12,1313.6400146484375,2781.909912109375,5869.0,7174.14013671875,3774.1201171875,9925.919921875,21663.16015625,2754.58203125,5526.14990234375,59705.0,13234.099609375,4495.39990234375
2011-07-13,1317.719970703125,2796.919921875,5906.39990234375,7267.8701171875,3793.27001953125,9963.1396484375,21926.880859375,2795.47607421875,5585.4501953125,60670.0,13324.900390625,4514.7998046875
2011-07-14,1308.8699951171875,2762.669921875,5847.0,7214.740234375,3751.22998046875,9936.1201171875,21940.19921875,2810.444091796875,,59679.0,13252.900390625,4490.7001953125
2011-07-15,1316.1400146484375,2789.800048828125,5843.7001953125,7220.1201171875,3726.590087890625,9974.4697265625,21875.380859375,2820.1689453125,5581.10009765625,59478.0,13299.5,4473.5
2011-07-18,1305.43994140625,2765.110107421875,5752.7998046875,7107.919921875,3650.7099609375,,21804.75,2816.68798828125,5567.0498046875,58838.0,13254.099609375,4472.0
2011-07-19,1326.72998046875,2826.52001953125,5790.0,7192.669921875,3694.949951171875,9889.7197265625,21902.400390625,2796.98291015625,5613.5498046875,59082.0,13332.900390625,4468.10009765625
2011-07-20,1325.8399658203125,2814.22998046875,5853.7998046875,7221.35986328125,3754.60009765625,10005.900390625,22003.689453125,2794.205078125,5567.0498046875,59120.0,13340.7998046875,4549.7001953125
2011-07-21,1343.800048828125,2834.429931640625,5899.89990234375,7290.14013671875,3816.75,10010.3896484375,21987.2890625,2765.89404296875,5541.60009765625,60263.0,13434.2998046875,4556.0
2011-07-22,1345.02001953125,2858.830078125,5935.0,7326.39013671875,3842.699951171875,10132.1103515625,22444.80078125,2770.7900390625,5633.9501953125,60270.0,13494.599609375,4602.89990234375
2011-07-25,1337.4300537109375,2842.800048828125,5925.2998046875,7344.5400390625,3812.969970703125,10050.009765625,22293.2890625,2688.74609375,5680.2998046875,59971.0,13436.0,4530.39990234375
2011-07-26,1331.93994140625,2839.9599609375,5929.7001953125,7349.4501953125,3787.8798828125,10097.7197265625,22572.080078125,2703.02587890625,5574.85009765625,59340.0,13300.599609375,4573.2998046875
2011-07-27,1304.8900146484375,2764.7900390625,5856.60009765625,7252.68017578125,3734.070068359375,10047.1904296875,22541.689453125,2723.491943359375,5546.7998046875,58288.0,13032.7001953125,4537.39990234375
2011-07-28,1300.6700439453125,2766.25,5873.2001953125,7190.06005859375,3712.659912109375,9901.349609375,22570.740234375,2708.777099609375,5487.75,58708.0,13047.7998046875,4463.7998046875
2011-07-29,1292.280029296875,2756.3798828125,5815.2001953125,7158.77001953125,3672.77001953125,9833.0302734375,22440.25,2701.72900390625,5482.0,58823.0,12945.599609375,4424.60009765625
2011-08-01,1286.93994140625,2744.610107421875,5774.39990234375,6953.97998046875,3588.050048828125,9965.009765625,22663.369140625,2703.782958984375,5516.7998046875,58536.0,,
2011-08-02,1254.050048828125,2669.239990234375,5718.39990234375,6796.75,3522.7900390625,9844.58984375,22421.4609375,2679.259033203125,5456.5498046875,57311.0,12752.2998046875,4433.60009765625
2011-08-03,1260.3399658203125,2693.070068359375,5584.5,6640.58984375,3454.93994140625,9637.1396484375,21992.720703125,2678.485107421875,5404.7998046875,56017.0,12816.0,4332.7998046875
2011-08-04,1200.0699462890625,2556.389892578125,5393.10009765625,6414.759765625,3320.35009765625,9659.1796875,21884.740234375,2684.0390625,5331.7998046875,52811.0,12380.099609375,4276.5
2011-08-05,1199.3800048828125,2532.409912109375,5247.0,6236.16015625,3278.56005859375,9299.8798828125,20946.140625,2626.423095703125,5211.25,52949.0,12162.2001953125,4105.39990234375
2011-08-08,1119.4599609375,2357.68994140625,5069.0,5923.27001953125,3125.18994140625,9097.5595703125,20490.5703125,2526.81591796875,5118.5,48668.0,11671.0,3986.10009765625
2011-08-09,1172.530029296875,2482.52001953125,5164.89990234375,5917.080078125,3176.18994140625,8944.48046875,19330.69921875,2526.070068359375,5072.85009765625,51151.0,12109.2998046875,4034.800048828125
2011-08-10,1120.760009765625,2381.050048828125,5007.2001953125,5613.419921875,3002.989990234375,9038.740234375,19783.669921875,2549.176025390625,5161.0,51395.0,12198.900390625,4141.2998046875
2011-08-11,1172.6400146484375,2492.679931640625,5162.7998046875,5797.66015625,3089.659912109375,8981.9404296875,19595.140625,2581.508056640625,5138.2998046875,53343.0,12539.7998046875,4140.7998046875
2011-08-12,1178.81005859375,2507.97998046875,5320.0,5997.740234375,3213.8798828125,8963.7197265625,19620.009765625,2593.173095703125,5072.9501953125,53473.0,12542.2001953125,4172.60009765625
2011-08-15,1204.489990234375,2555.199951171875,5350.60009765625,6022.240234375,3239.06005859375,9086.41015625,20260.099609375,2626.77001953125,,54652.0,12683.599609375,4282.89990234375
2011-08-16,1192.760009765625,2523.449951171875,5357.60009765625,5994.89990234375,3230.89990234375,9107.4296875,20212.080078125,2608.166015625,5035.7998046875,54324.0,12530.7001953125,4247.2998046875
2011-08-17,1193.8900146484375,2511.47998046875,5331.60009765625,5948.93994140625,3254.340087890625,9057.259765625,20289.029296875,2601.260986328125,5056.60009765625,55073.0,12579.599609375,4303.89990234375
2011-08-18,1140.6500244140625,2380.429931640625,5092.2001953125,5602.7998046875,3076.0400390625,8943.759765625,20016.26953125,2559.471923828125,4944.14990234375,53134.0,12186.7001953125,4251.2001953125
2011-08-19,1123.530029296875,2341.840087890625,5040.7998046875,5480.0,3016.989990234375,8719.240234375,19399.919921875,2534.35791015625,4845.64990234375,52448.0,12007.5,4101.89990234375
2011-08-22,1123.8199462890625,2345.3798828125,5095.2998046875,5473.77978515625,3051.360107421875,8628.1298828125,19486.869140625,2515.863037109375,4898.7998046875,52440.0,12068.400390625,4082.300048828125
2011-08-23,1162.3499755859375,2446.06005859375,5129.39990234375,5532.3798828125,3084.3701171875,8733.009765625,19875.529296875,2554.01904296875,4948.89990234375,53787.0,12338.2998046875,4173.39990234375
2011-08-24,1177.5999755859375,2467.68994140625,5205.89990234375,5681.080078125,3139.550048828125,8639.6103515625,19466.7890625,2541.091064453125,4888.89990234375,53796.0,12343.7998046875,4167.60009765625
2011-08-25,1159.27001953125,2419.6298828125,5131.10009765625,5584.14013671875,3119.0,8772.3603515625,19752.48046875,2615.260986328125,4839.60009765625,52953.0,12284.2998046875,4212.7998046875
2011-08-26,1176.800048828125,2479.85009765625,5129.89990234375,5537.47998046875,3087.639892578125,8797.7802734375,19582.880859375,2612.18798828125,4747.7998046875,53351.0,12327.5,4200.0
2011-08-29,1210.0799560546875,2562.110107421875,,5670.06982421875,3154.199951171875,8851.349609375,19865.109375,2576.4130859375,4919.60009765625,54861.0,12504.900390625,4263.2998046875
2011-08-30,1212.9200439453125,2576.110107421875,5268.7001953125,5643.919921875,3159.739990234375,8953.900390625,20204.169921875,2566.594970703125,5001.0,55385.0,12634.7001953125,4269.2001953125
2011-08-31,1218.8900146484375,2579.4599609375,5394.5,5784.85009765625,3256.760009765625,8955.2001953125,20534.849609375,2567.340087890625,,56495.0,12768.7001953125,4296.5
2011-09-01,1204.4200439453125,2546.0400390625,5418.7001953125,5730.6298828125,3265.830078125,9060.7998046875,20585.330078125,2556.0419921875,,58118.0,12700.7001953125,4307.5
2011-09-02,1173.969970703125,2480.330078125,5292.0,5538.330078125,3148.530029296875,8950.740234375,20212.91015625,2528.280029296875,5040.0,56532.0,12602.400390625,4242.89990234375
2011-09-05,,,5102.60009765625,5246.18017578125,2999.5400390625,8784.4599609375,19616.400390625,2478.739013671875,5017.2001953125,54998.0,,4141.89990234375
2011-09-06,1165.239990234375,2473.830078125,5156.7998046875,5193.97021484375,2965.639892578125,8590.5703125,19710.5,2470.52392578125,5064.2998046875,56607.0,12518.5,4075.5
2011-09-07,1198.6199951171875,2548.93994140625,5318.60009765625,5405.52978515625,3073.179931640625,8763.41015625,20048.0,2516.090087890625,5124.64990234375,,12720.599609375,4183.39990234375
2011-09-08,1185.9000244140625,2529.139892578125,5340.39990234375,5408.4599609375,3085.830078125,8793.1201171875,19912.8203125,2498.943115234375,5153.25,57624.0,12684.0,4188.0
2011-09-09,1154.22998046875,2467.989990234375,5214.7001953125,5189.93017578125,2974.590087890625,8737.66015625,19866.630859375,2497.7529296875,5059.4501953125,55778.0,12387.5,4194.7001953125
2011-09-12,1162.27001953125,2495.090087890625,5129.60009765625,5072.330078125,2854.81005859375,8535.669921875,19030.5390625,,4946.7998046875,55685.0,12148.7998046875,4038.5
2011-09-13,1172.8699951171875,2532.14990234375,5174.2998046875,5166.35986328125,2894.929931640625,8616.5498046875,,2471.304931640625,4940.9501953125,55544.0,12205.5,4072.699951171875
2011-09-14,1188.6800537109375,2572.550048828125,5227.0,5340.18994140625,2949.139892578125,8518.5703125,19045.439453125,2484.826904296875,5012.5498046875,56286.0,12293.400390625,4005.800048828125
2011-09-15,1209.1099853515625,2607.070068359375,5337.5,5508.240234375,3045.6201171875,8668.8603515625,19181.5,2479.054931640625,5075.7001953125,56381.0,12424.7998046875,4071.699951171875
2011-09-16,1216.010009765625,2622.31005859375,5368.39990234375,5573.509765625,3031.080078125,8864.16015625,19455.310546875,2482.343017578125,5084.25,57210.0,12263.7001953125,4149.39990234375
2011-09-19,1204.0899658203125,2612.830078125,5259.60009765625,5415.91015625,2940.0,,18917.94921875,2437.794921875,5031.9501953125,57103.0,12172.0,4081.5
2011-09-20,1202.0899658203125,2590.239990234375,5363.7001953125,5571.68017578125,2984.050048828125,8721.240234375,19014.80078125,2447.7548828125,5140.2001953125,56379.0,12209.900390625,4040.199951171875
2011-09-21,1166.760009765625,2538.18994140625,5288.39990234375,5433.7998046875,2935.820068359375,8741.16015625,18824.169921875,2512.962890625,5133.25,55982.0,11955.0,4071.800048828125
2011-09-22,1129.56005859375,2455.669921875,5041.60009765625,5164.2099609375,2781.679931640625,8560.259765625,17911.94921875,2443.055908203125,4923.64990234375,53280.0,11562.5,3964.89990234375
2011-09-23,1136.4300537109375,2483.22998046875,5066.7998046875,5196.56005859375,2810.110107421875,,17668.830078125,2433.158935546875,4867.75,53230.0,11462.900390625,3903.199951171875
2011-09-26,1162.949951171875,2516.68994140625,5089.39990234375,5345.56005859375,2859.340087890625,8374.1298828125,17407.80078125,2393.18310546875,4835.39990234375,53748.0,11707.2001953125,3863.89990234375
2011-09-27,1175.3800048828125,2546.830078125,5294.10009765625,5628.43994140625,3023.3798828125,8609.9501953125,18130.55078125,2415.053955078125,4971.25,53920.0,11821.099609375,4004.60009765625
2011-09-28,1151.06005859375,2491.580078125,5217.60009765625,5578.419921875,2995.6201171875,8615.650390625,18011.060546875,2392.06201171875,4945.89990234375,53270.0,11585.900390625,4039.5
2011-09-29,1160.4000244140625,2480.760009765625,5196.7998046875,5639.580078125,3027.64990234375,8701.23046875,,2365.343017578125,5015.4501953125,53385.0,11686.2998046875,4008.300048828125
2011-09-30,1131.4200439453125,2415.39990234375,5128.5,5502.02001953125,2981.9599609375,8700.2900390625,17592.41015625,2359.218994140625,4943.25,52324.0,11623.7998046875,4008.60009765625
2011-10-03,1099.22998046875,2335.830078125,5075.5,,2926.830078125,8545.48046875,16822.150390625,,4849.5,50792.0,11251.7998046875,
2011-10-04,1123.949951171875,2404.820068359375,4944.39990234375,5216.7099609375,2850.550048828125,8456.1201171875,16250.26953125,,4772.14990234375,50686.0,11177.900390625,3872.10009765625
2011-10-05,1144.030029296875,2460.510009765625,5102.2001953125,5473.02978515625,2973.89990234375,8382.98046875,,,4751.2998046875,51014.0,11457.2001953125,3926.5
2011-10-06,1164.969970703125,2506.820068359375,5291.2998046875,5645.25,3075.3701171875,8522.01953125,17172.279296875,,,52290.0,11780.099609375,4069.89990234375
2011-10-07,1155.4599609375,2479.35009765625,5303.39990234375,5675.7001953125,3095.56005859375,8605.6201171875,17707.009765625,,4888.0498046875,51244.0,11588.400390625,4162.89990234375
2011-10-10,1194.8900146484375,2566.050048828125,5399.0,5847.2900390625,3161.469970703125,,17711.060546875,2344.787109375,4979.60009765625,53273.0,,
2011-10-11,1195.5400390625,2583.030029296875,5395.7001953125,5865.009765625,3153.52001953125,8773.6796875,18141.58984375,2348.51611328125,4974.35009765625,53838.0,11875.599609375,4227.60009765625
2011-10-12,1207.25,2604.72998046875,5441.7998046875,5994.47021484375,3229.760009765625,8738.900390625,18329.4609375,2420.0,5099.39990234375,,12030.0,4204.2998046875
2011-10-13,1203.6600341796875,2620.239990234375,5403.39990234375,5914.83984375,3186.93994140625,8823.25,18757.810546875,2438.7900390625,5077.85009765625,54601.0,11911.900390625,4244.5
2011-10-14,1224.5799560546875,2667.85009765625,5466.39990234375,5967.2001953125,3217.889892578125,8747.9599609375,18501.7890625,2431.375,5132.2998046875,55030.0,12081.7001953125,4205.60009765625
2011-10-17,1200.8599853515625,2614.919921875,5436.7001953125,5859.43017578125,3166.06005859375,8879.599609375,18873.990234375,2440.402099609375,5118.25,53911.0,11923.0,4275.39990234375
2011-10-18,1225.3800048828125,2657.429931640625,5410.39990234375,5877.41015625,3141.10009765625,8741.91015625,18076.4609375,2383.485107421875,5037.5,55032.0,12053.099609375,4186.89990234375
2011-10-19,1209.8800048828125,2604.0400390625,5450.5,5913.52978515625,3157.340087890625,8772.5400390625,18309.220703125,2377.511962890625,5139.14990234375,54966.0,11849.5,4213.7001953125
2011-10-20,1215.3900146484375,2598.6201171875,5384.7001953125,5766.47998046875,3084.070068359375,8682.150390625,17983.099609375,2331.365966796875,5091.89990234375,54010.0,11830.2998046875,4144.89990234375
2011-10-21,1238.25,2637.4599609375,5488.7001953125,5970.9599609375,3171.340087890625,8678.8896484375,18025.720703125,2317.27490234375,5049.9501953125,55255.0,11949.5,4141.89990234375
2011-10-24,1254.18994140625,2699.43994140625,5548.10009765625,6055.27001953125,3220.4599609375,8843.98046875,18771.8203125,2370.3330078125,5098.35009765625,56892.0,12162.2998046875,4255.0
2011-10-25,1229.050048828125,2638.419921875,5525.5,6046.75,3174.2900390625,8762.3095703125,18968.19921875,2409.672119140625,5191.60009765625,56286.0,12109.7998046875,4227.89990234375
2011-10-26,1242.0,2650.669921875,5553.2001953125,6016.06982421875,3169.6201171875,8748.4697265625,19066.5390625,2427.47998046875,,57144.0,12186.099609375,4242.5
2011-10-27,1284.5899658203125,2738.6298828125,5713.7998046875,6337.83984375,3368.6201171875,8926.5400390625,19688.69921875,2435.614990234375,,59270.0,12465.400390625,4348.2001953125
2011-10-28,1285.0899658203125,2737.14990234375,5702.2001953125,6346.18994140625,3348.6298828125,9050.4697265625,20019.240234375,2473.409912109375,5360.7001953125,59513.0,12519.5,4353.2998046875
2011-10-31,1253.300048828125,2684.409912109375,5544.2001953125,6141.33984375,3242.840087890625,8988.3896484375,19864.869140625,2468.25,5326.60009765625,58338.0,12252.099609375,4298.10009765625
2011-11-01,1218.280029296875,2606.9599609375,5421.60009765625,5834.509765625,3068.330078125,8835.51953125,19369.9609375,2470.01904296875,5257.9501953125,57323.0,12115.099609375,
2011-11-02,1237.9000244140625,2639.97998046875,5484.10009765625,5965.6298828125,3110.590087890625,8640.419921875,19733.7109375,2504.10791015625,5258.4501953125,,12241.7998046875,4184.60009765625
2011-11-03,1261.1500244140625,2697.969970703125,5545.60009765625,6133.18017578125,3195.469970703125,,19242.5,2508.090087890625,5265.75,58196.0,12468.400390625,4171.7998046875
2011-11-04,1253.22998046875,2686.14990234375,5527.2001953125,5966.16015625,3123.550048828125,8801.400390625,19842.7890625,2528.2939453125,5284.2001953125,58670.0,12408.2998046875,4281.10009765625
2011-11-07,1261.1199951171875,2695.25,5510.7998046875,5928.68017578125,3103.60009765625,8767.08984375,19677.890625,2509.799072265625,,59199.0,12462.0,4273.39990234375
2011-11-08,1275.9200439453125,2727.489990234375,5567.2998046875,5961.43994140625,3143.300048828125,8655.509765625,19678.470703125,2503.8359375,5289.35009765625,59026.0,12488.900390625,4293.7998046875
2011-11-09,1229.0999755859375,2621.64990234375,5460.39990234375,5829.5400390625,3075.159912109375,8755.4404296875,20014.4296875,2524.9189453125,5221.0498046875,57550.0,12156.2001953125,4346.10009765625
2011-11-10,1239.699951171875,2625.14990234375,5444.7998046875,5867.81005859375,3064.840087890625,8500.7998046875,18963.890625,2479.535888671875,,57322.0,12108.900390625,4244.10009765625
2011-11-11,1263.8499755859375,2678.75,5545.39990234375,6057.02978515625,3149.3798828125,8514.4697265625,19137.169921875,2481.083984375,5168.85009765625,58547.0,12276.900390625,4296.5
2011-11-14,1251.780029296875,2657.219970703125,5519.0,5985.02001953125,3108.949951171875,8603.7001953125,19508.1796875,2528.714111328125,5148.35009765625,58258.0,12224.2001953125,4304.60009765625
2011-11-15,1257.81005859375,2686.199951171875,5517.39990234375,5933.14013671875,3049.1298828125,8541.9296875,19348.439453125,2529.760986328125,5068.5,,12229.2998046875,4285.60009765625
2011-11-16,1236.9100341796875,2639.610107421875,5509.0,5913.35986328125,3064.89990234375,8463.16015625,18960.900390625,2466.958984375,5030.4501953125,58560.0,12174.400390625,4247.39990234375
2011-11-17,1216.1300048828125,2587.989990234375,5423.10009765625,5850.169921875,3010.2900390625,8479.6298828125,18817.470703125,2463.0458984375,4934.75,56989.0,11915.400390625,4258.2001953125
2011-11-18,1215.6500244140625,2572.5,5362.89990234375,5800.240234375,2997.010009765625,8374.91015625,18491.23046875,2416.56201171875,4905.7998046875,56731.0,11892.400390625,4177.0
2011-11-21,1192.97998046875,2523.139892578125,5222.60009765625,5606.0,2894.93994140625,8348.26953125,18225.849609375,2415.1298828125,4778.35009765625,56285.0,11784.7001953125,4163.0
2011-11-22,1188.0400390625,2521.280029296875,5206.7998046875,5537.39013671875,2870.679931640625,8314.740234375,18251.58984375,2412.625,4812.35009765625,55878.0,11795.2001953125,4133.0
2011-11-23,1161.7900390625,2460.080078125,5139.7998046875,5457.77001953125,2822.429931640625,,17864.4296875,2395.06396484375,4706.4501953125,54972.0,11571.7001953125,4051.0
2011-11-24,,,5127.60009765625,5428.10986328125,2822.25,8165.18017578125,17935.099609375,2397.553955078125,,55280.0,11485.2998046875,4044.199951171875
2011-11-25,1158.6700439453125,2441.510009765625,5164.7001953125,5492.8701171875,2856.969970703125,8160.009765625,17689.48046875,2380.22412109375,4710.0498046875,54894.0,11462.099609375,3984.300048828125
2011-11-28,1192.550048828125,2527.340087890625,5312.7998046875,5745.330078125,3012.929931640625,8287.490234375,18037.810546875,2383.033935546875,4851.2998046875,56017.0,11640.2001953125,4058.199951171875
2011-11-29,1195.18994140625,2515.510009765625,5337.0,5799.91015625,3026.760009765625,8477.8203125,18256.19921875,2412.39306640625,4805.10009765625,55300.0,11732.5,4102.10009765625
2011-11-30,1246.9599609375,2620.340087890625,5505.39990234375,6088.83984375,3154.6201171875,8434.6103515625,17989.349609375,2333.4140625,4832.0498046875,56875.0,12204.099609375,4119.7998046875
2011-12-01,1244.5799560546875,2626.199951171875,5489.2998046875,6035.8798828125,3129.949951171875,8597.3798828125,19002.259765625,2386.860107421875,4936.85009765625,58143.0,12113.2998046875,4228.60009765625
2011-12-02,1244.280029296875,2626.929931640625,5552.2998046875,6080.68017578125,3164.949951171875,8643.75,19040.390625,2360.6640625,5050.14990234375,57886.0,12075.099609375,4288.0
2011-12-05,1257.0799560546875,2655.760009765625,5568.0,6106.08984375,3201.280029296875,8695.98046875,19179.689453125,2333.22900390625,5039.14990234375,58910.0,12119.2998046875,4321.2998046875
2011-12-06,1258.469970703125,2649.56005859375,5568.7001953125,6028.81982421875,3179.6298828125,8575.16015625,18942.23046875,2325.905029296875,,59536.0,12081.2998046875,4262.0
2011-12-07,1261.010009765625,2649.2099609375,5546.89990234375,5994.72998046875,3175.97998046875,8722.169921875,19240.580078125,2332.72998046875,5062.60009765625,58663.0,12148.7001953125,4292.5
2011-12-08,1234.3499755859375,2596.3798828125,5483.7998046875,5874.43994140625,3095.489990234375,8664.580078125,19107.810546875,2329.820068359375,4943.64990234375,57455.0,11951.7998046875,4280.7001953125
2011-12-09,1255.18994140625,2646.85009765625,5529.2001953125,5986.7099609375,3172.35009765625,8536.4599609375,18586.23046875,2315.27001953125,4866.7001953125,58236.0,12034.7998046875,4203.0
2011-12-12,1236.469970703125,2612.260009765625,5427.89990234375,5785.43017578125,3089.590087890625,8653.8203125,18575.66015625,2291.544921875,4764.60009765625,57347.0,11907.900390625,4252.7998046875
2011-12-13,1225.72998046875,2579.27001953125,5490.2001953125,5774.259765625,3078.719970703125,8552.8095703125,18447.169921875,2248.590087890625,4800.60009765625,57495.0,11759.900390625,4193.39990234375
2011-12-14,1211.8199462890625,2539.31005859375,5366.7998046875,5675.14013671875,2976.169921875,8519.1298828125,18354.4296875,2228.52490234375,4763.25,56647.0,11543.099609375,4190.5
2011-12-15,1215.75,2541.010009765625,5400.89990234375,5730.6201171875,2998.72998046875,8377.3701171875,18026.83984375,2180.89501953125,4746.35009765625,56331.0,11504.400390625,4139.7998046875
2011-12-16,1219.6600341796875,2555.330078125,5387.2998046875,5701.77978515625,2972.300048828125,8401.7197265625,18285.390625,2224.840087890625,4651.60009765625,56097.0,11635.400390625,4159.2001953125
2011-12-19,1205.3499755859375,2523.139892578125,5365.0,5670.7099609375,2974.199951171875,8296.1201171875,18070.2109375,2218.235107421875,4613.10009765625,55298.0,11539.7001953125,4060.39990234375
2011-12-20,1241.300048828125,2603.72998046875,5419.60009765625,5847.02978515625,3055.389892578125,8336.48046875,18080.19921875,2215.929931640625,4544.2001953125,56865.0,11716.900390625,4053.10009765625
2011-12-21,1243.719970703125,2577.969970703125,5389.7001953125,5791.52978515625,3030.469970703125,8459.98046875,18416.44921875,2191.14794921875,4693.14990234375,56653.0,11753.5,4139.5
2011-12-22,1254.0,2599.449951171875,5457.0,5852.18017578125,3071.800048828125,8395.16015625,18378.23046875,2186.2958984375,4733.85009765625,57348.0,11876.5,4090.800048828125
2011-12-23,1265.3299560546875,2618.639892578125,5512.7001953125,5878.93017578125,3102.090087890625,,18629.169921875,2204.783935546875,4714.0,57701.0,11926.7001953125,4140.39990234375
2011-12-26,,,,,,8479.33984375,,2190.110107421875,,57669.0,,
2011-12-27,1265.4300537109375,2625.199951171875,,5889.759765625,3103.110107421875,8440.5595703125,,2166.205078125,4750.5,58005.0,,
2011-12-28,1249.6400146484375,2589.97998046875,5507.39990234375,5771.27001953125,3071.080078125,8423.6201171875,18518.669921875,2170.012939453125,4705.7998046875,56534.0,11728.400390625,4088.800048828125
2011-12-29,1263.02001953125,2613.739990234375,5566.7998046875,5848.77978515625,3127.56005859375,8398.8896484375,18397.919921875,2173.56103515625,4646.25,56754.0,11841.7001953125,4071.10009765625
2011-12-30,1257.5999755859375,2605.14990234375,5572.2998046875,5898.35009765625,3159.81005859375,8455.349609375,18434.390625,2199.4169921875,4624.2998046875,,11955.099609375,4056.60009765625
2012-01-02,,,,6075.52001953125,,,,,,,,
2012-01-03,1277.06005859375,2648.719970703125,5699.89990234375,6166.56982421875,3245.39990234375,,18877.41015625,,4765.2998046875,59265.0,12208.400390625,4101.2001953125
2012-01-04,1277.300048828125,2648.360107421875,5668.5,6111.5498046875,3193.64990234375,8560.1103515625,18727.310546875,2169.389892578125,4749.64990234375,59365.0,12226.5,4187.7998046875
2012-01-05,1281.06005859375,2669.860107421875,5624.2998046875,6095.990234375,3144.909912109375,8488.7099609375,18813.41015625,2148.451904296875,4749.9501953125,58546.0,12237.400390625,4142.7001953125
2012-01-06,1277.81005859375,2674.219970703125,5649.7001953125,6057.919921875,3137.360107421875,8390.349609375,18593.060546875,2163.39501953125,4754.10009765625,58600.0,12188.599609375,4108.5
2012-01-09,1280.699951171875,2676.56005859375,5612.2998046875,6017.22998046875,3127.68994140625,,18865.720703125,2225.889892578125,4742.7998046875,59083.0,12196.7001953125,4105.39990234375
2012-01-10,1292.0799560546875,2702.5,5696.7001953125,6162.97998046875,3210.7900390625,8422.259765625,19004.279296875,2285.743896484375,4849.5498046875,59806.0,12270.7001953125,4152.2001953125
2012-01-11,1292.47998046875,2710.760009765625,5670.7998046875,6152.33984375,3204.830078125,8447.8798828125,19151.939453125,2276.0458984375,4860.9501953125,59962.0,12260.900390625,4187.5
2012-01-12,1295.5,2724.699951171875,5662.39990234375,6179.2099609375,3199.97998046875,8385.58984375,19095.380859375,2275.010009765625,4831.25,59921.0,12274.2998046875,4181.0
2012-01-13,1289.0899658203125,2710.669921875,5636.60009765625,6143.080078125,3196.489990234375,8500.01953125,19204.419921875,2244.580078125,4866.0,59147.0,12231.099609375,4195.89990234375
2012-01-16,,,5657.39990234375,6220.009765625,3225.0,8378.3603515625,19012.19921875,2206.193115234375,4873.89990234375,59956.0,12258.599609375,
2012-01-17,1293.6700439453125,2728.080078125,5694.0,6332.93017578125,3269.989990234375,8466.400390625,19627.75,2298.375,4967.2998046875,60646.0,12232.7998046875,4215.60009765625
2012-01-18,1308.0400390625,2769.7099609375,5702.39990234375,6354.56982421875,3264.929931640625,8550.580078125,19686.919921875,2266.384033203125,4955.7998046875,61723.0,12327.5,4217.89990234375
2012-01-19,1314.5,2788.330078125,5741.2001953125,6416.259765625,3328.93994140625,8639.6796875,19942.94921875,2296.074951171875,5018.39990234375,61927.0,12380.7001953125,4214.7998046875
2012-01-20,1315.3800048828125,2786.699951171875,5728.60009765625,6404.39013671875,3321.5,8766.3603515625,20110.369140625,2319.117919921875,5048.60009765625,62312.0,12397.099609375,4239.60009765625
2012-01-23,1316.0,2784.169921875,5782.60009765625,6436.6201171875,3338.419921875,8765.900390625,,,5046.25,62386.0,12521.7001953125,4225.10009765625
2012-01-24,1314.6500244140625,2786.639892578125,5751.89990234375,6419.22021484375,3322.64990234375,8785.330078125,,,5127.35009765625,62486.0,12395.2001953125,4224.2001953125
2012-01-25,1326.06005859375,2818.31005859375,5723.0,6421.85009765625,3312.47998046875,8883.6904296875,,,5158.2998046875,,12539.2001953125,4271.2998046875
2012-01-26,1318.4300537109375,2805.280029296875,5795.2001953125,6539.85009765625,3363.22998046875,8849.4697265625,20439.140625,,,62953.0,12464.2998046875,
2012-01-27,1316.3299560546875,2816.550048828125,5733.5,6511.97998046875,3318.760009765625,8841.2197265625,20501.669921875,,5204.7001953125,62904.0,12466.5,4288.39990234375
2012-01-30,1313.010009765625,2811.93994140625,5671.10009765625,6444.4501953125,3265.639892578125,8793.0498046875,20160.41015625,2285.0380859375,5087.2998046875,62770.0,12436.400390625,4272.7001953125
2012-01-31,1312.4100341796875,2813.840087890625,5681.60009765625,6458.91015625,3298.550048828125,8802.509765625,20390.490234375,2292.610107421875,5199.25,63072.0,12452.2001953125,4262.7001953125
2012-02-01,1324.0899658203125,2848.27001953125,5790.7001953125,6616.64013671875,3367.4599609375,8809.7900390625,20333.369140625,2268.080078125,5235.7001953125,64567.0,12517.7001953125,4225.7001953125
2012-02-02,1325.5400390625,2859.679931640625,5796.10009765625,6655.6298828125,3376.659912109375,8876.8203125,20739.44921875,2312.555908203125,5269.89990234375,64593.0,12553.5,4267.7998046875
2012-02-03,1344.9000244140625,2905.659912109375,5901.10009765625,6766.669921875,3427.919921875,8831.9296875,20756.98046875,2330.405029296875,5325.85009765625,65217.0,12577.2998046875,4251.2001953125
2012-02-06,1344.3299560546875,2901.989990234375,5892.2001953125,6764.830078125,3405.27001953125,8929.2001953125,20709.939453125,2331.135986328125,5361.64990234375,65224.0,12559.900390625,4296.0
2012-02-07,1347.050048828125,2904.080078125,5890.2998046875,6754.2001953125,3411.5400390625,8917.51953125,20699.189453125,2291.902099609375,5335.14990234375,65917.0,12512.400390625,4274.2001953125
2012-02-08,1349.9599609375,2915.860107421875,5875.89990234375,6748.759765625,3410.0,9015.58984375,21018.4609375,2347.530029296875,5368.14990234375,65831.0,12521.0,4290.7001953125
2012-02-09,1351.949951171875,2927.22998046875,5895.5,6788.7998046875,3424.7099609375,9002.240234375,21010.009765625,2349.589111328125,5412.35009765625,65530.0,12497.900390625,4282.89990234375
2012-02-10,1342.6400146484375,2903.8798828125,5852.39990234375,6692.9599609375,3373.139892578125,8947.169921875,20783.859375,2351.98095703125,5381.60009765625,63998.0,12389.400390625,4245.2998046875
2012-02-13,1351.77001953125,2931.389892578125,5905.7001953125,6738.47021484375,3384.550048828125,8999.1796875,20887.400390625,2351.85400390625,5390.2001953125,65692.0,12398.7001953125,4285.10009765625
2012-02-14,1350.5,2931.830078125,5899.89990234375,6728.18994140625,3375.639892578125,9052.0703125,20917.830078125,2344.77099609375,5416.0498046875,65039.0,12354.5,4242.7998046875
2012-02-15,1343.22998046875,2915.830078125,5892.2001953125,6757.93994140625,3390.35009765625,9260.33984375,21365.23046875,2366.701904296875,5531.9501953125,65368.0,12362.0,4253.39990234375
2012-02-16,1358.0400390625,2959.85009765625,5885.39990234375,6751.9599609375,3393.25,9238.099609375,21277.279296875,2356.860107421875,5521.9501953125,66142.0,12485.599609375,4181.89990234375
2012-02-17,1361.22998046875,2951.780029296875,5905.10009765625,6848.02978515625,3439.6201171875,9384.169921875,21491.619140625,2357.180908203125,5564.2998046875,66204.0,12458.2998046875,4195.89990234375
2012-02-20,,,5945.2998046875,6948.25,3472.5400390625,9485.08984375,21424.7890625,2363.596923828125,,,,4256.10009765625
2012-02-21,1362.2099609375,2948.570068359375,5928.2001953125,6908.18017578125,3465.239990234375,9463.01953125,21478.720703125,2381.429931640625,5607.14990234375,,12623.400390625,4291.2001953125
2012-02-22,1357.6600341796875,2933.169921875,5916.60009765625,6843.8701171875,3447.3701171875,9554.0,21549.279296875,2403.5869140625,5505.35009765625,,12701.2998046875,4293.10009765625
2012-02-23,1363.4599609375,2956.97998046875,5937.89990234375,6809.4599609375,3447.31005859375,9595.5703125,21380.990234375,2409.553955078125,5483.2998046875,65820.0,12731.2998046875,4286.2001953125
2012-02-24,1365.739990234375,2963.75,5935.10009765625,6864.43017578125,3467.030029296875,9647.3798828125,21406.859375,2439.626953125,5429.2998046875,65943.0,12725.7998046875,4306.7998046875
2012-02-27,1367.5899658203125,2966.159912109375,5915.60009765625,6849.60009765625,3441.449951171875,9633.9296875,21217.859375,2447.056884765625,5281.2001953125,65241.0,12700.400390625,4267.39990234375
2012-02-28,1372.1800537109375,2986.760009765625,5927.89990234375,6887.6298828125,3453.989990234375,9722.51953125,21568.73046875,2451.85693359375,5375.5,65959.0,12740.5,4262.7001953125
2012-02-29,1365.6800537109375,2966.889892578125,5871.5,6856.080078125,3452.449951171875,9723.240234375,21680.080078125,2428.487060546875,5385.2001953125,65812.0,12644.0,4298.5
2012-03-01,1374.0899658203125,2988.969970703125,5931.2998046875,6941.77001953125,3499.72998046875,9707.3701171875,21387.9609375,2426.114990234375,5339.75,66810.0,12723.5,4255.5
2012-03-02,1369.6300048828125,2976.18994140625,5911.10009765625,6921.3701171875,3501.169921875,9777.0302734375,21562.259765625,2460.693115234375,5359.35009765625,67782.0,12643.7998046875,4273.10009765625
2012-03-05,1364.3299560546875,2950.47998046875,5874.7998046875,6866.4599609375,3487.5400390625,9698.58984375,21265.310546875,2445.001953125,5280.35009765625,66964.0,12524.0,4263.0
2012-03-06,1343.3599853515625,2910.320068359375,5765.7998046875,6633.10986328125,3362.56005859375,9637.6298828125,20806.25,2410.445068359375,5222.39990234375,65114.0,12298.599609375,4204.7001953125
2012-03-07,1352.6300048828125,2935.68994140625,5791.39990234375,6671.10986328125,3392.330078125,9576.0595703125,20627.779296875,2394.7939453125,5220.4501953125,66017.0,12350.2001953125,4143.7001953125
2012-03-08,1365.9100341796875,2970.419921875,5859.7001953125,6834.5400390625,3478.360107421875,9768.9599609375,20900.73046875,2420.27587890625,,66908.0,12461.900390625,4171.0
2012-03-09,1370.8699951171875,2988.340087890625,5887.5,6880.2099609375,3487.47998046875,9929.740234375,21086.0,2439.4619140625,5333.5498046875,66704.0,12503.599609375,4212.0
2012-03-12,1371.0899658203125,2983.659912109375,5892.7998046875,6901.35009765625,3490.06005859375,9889.8603515625,21134.1796875,2434.85791015625,5359.5498046875,66385.0,12428.0,4196.7001953125
2012-03-13,1395.949951171875,3039.8798828125,5955.89990234375,6995.91015625,3550.159912109375,9899.080078125,21339.69921875,2455.7939453125,5429.5,68394.0,12537.7001953125,4247.60009765625
2012-03-14,1394.280029296875,3040.72998046875,5945.39990234375,7079.419921875,3564.510009765625,10050.51953125,21307.890625,2391.22998046875,5463.89990234375,68257.0,12377.900390625,4287.2001953125
2012-03-15,1402.5999755859375,3056.3701171875,5940.7001953125,7144.4501953125,3580.2099609375,10123.2802734375,21353.529296875,2373.77392578125,5380.5,67749.0,12455.7998046875,4277.7998046875
2012-03-16,1404.1700439453125,3055.260009765625,5965.60009765625,7157.81982421875,3594.830078125,10129.830078125,21317.849609375,2404.736083984375,5317.89990234375,67684.0,12497.0,4276.2001953125
2012-03-19,1409.75,3078.320068359375,5961.10009765625,7154.22021484375,3577.8798828125,10141.990234375,,2410.18408203125,5257.0498046875,67730.0,12479.7001953125,4290.7998046875
2012-03-20,1405.52001953125,3074.14990234375,5891.39990234375,7054.93994140625,3530.830078125,,20888.240234375,2376.839111328125,5274.85009765625,67296.0,12430.7001953125,4275.0
2012-03-21,1402.8900146484375,3075.320068359375,5892.0,7071.31982421875,3527.3701171875,10086.490234375,20856.630859375,2378.195068359375,5364.9501953125,66860.0,12436.5,4254.2998046875
2012-03-22,1392.780029296875,3063.320068359375,5845.7001953125,6981.259765625,3472.4599609375,10127.080078125,20901.560546875,2375.77197265625,5228.4501953125,65828.0,12361.7998046875,4273.7001953125
2012-03-23,1397.1099853515625,3067.919921875,5854.89990234375,6995.6201171875,3476.179931640625,10011.4697265625,20668.80078125,2349.5390625,5278.2001953125,65813.0,12465.7001953125,4270.39990234375
2012-03-26,1416.510009765625,3122.570068359375,5902.7001953125,7079.22998046875,3501.97998046875,10018.240234375,20668.859375,2350.59912109375,5184.25,66685.0,12574.7998046875,4262.7998046875
2012-03-27,1412.52001953125,3120.35009765625,5869.60009765625,7078.89990234375,3469.590087890625,10255.150390625,21046.91015625,2347.178955078125,5243.14990234375,66037.0,12512.0,4301.2998046875
2012-03-28,1405.5400390625,3104.9599609375,5809.0,6998.7998046875,3430.14990234375,10182.5703125,20885.419921875,2284.881103515625,5194.75,65079.0,12413.900390625,4343.5
2012-03-29,1403.280029296875,3095.360107421875,5742.0,6875.14990234375,3381.1201171875,10114.7900390625,20609.390625,2252.159912109375,5178.85009765625,64872.0,12339.400390625,4337.89990234375
2012-03-30,1408.469970703125,3091.570068359375,5768.5,6946.830078125,3423.81005859375,10083.5595703125,20555.580078125,2262.7880859375,5295.5498046875,64511.0,12392.2001953125,4335.2001953125
2012-04-02,1419.0400390625,3119.699951171875,5874.89990234375,7056.64990234375,3462.909912109375,10109.8701171875,20522.259765625,,5317.89990234375,65216.0,12507.099609375,4329.2998046875
2012-04-03,1413.3800048828125,3113.570068359375,5838.2998046875,6982.27978515625,3406.780029296875,10050.3896484375,20790.98046875,,5358.5,64284.0,12323.599609375,4337.0
2012-04-04,1398.9599609375,3068.090087890625,5703.7998046875,6784.06005859375,3313.469970703125,9819.990234375,,,5322.89990234375,63529.0,12178.7001953125,4333.89990234375
2012-04-05,1398.0799560546875,3080.5,5723.7001953125,6775.259765625,3319.81005859375,9767.6103515625,20593.0,2302.240966796875,,63691.0,12103.099609375,4319.7998046875
2012-04-06,,,,,,9688.4501953125,,2306.552001953125,,,,
2012-04-09,1382.199951171875,3047.080078125,,,,9546.259765625,,2285.777099609375,5234.39990234375,62923.0,12018.5,
2012-04-10,1358.5899658203125,2991.219970703125,5595.60009765625,6606.43017578125,3217.60009765625,9538.01953125,20356.240234375,2305.863037109375,5243.60009765625,61738.0,11935.2998046875,4292.2998046875
2012-04-11,1368.7099609375,3016.4599609375,5634.7001953125,6674.72998046875,3237.68994140625,9458.740234375,20140.669921875,2308.925048828125,5226.85009765625,61293.0,12026.7998046875,
2012-04-12,1387.5699462890625,3055.550048828125,5710.5,6743.240234375,3269.7900390625,9524.7900390625,20327.3203125,2350.864013671875,5276.85009765625,63058.0,12214.7001953125,4280.60009765625
2012-04-13,1370.260009765625,3011.330078125,5651.7998046875,6583.89990234375,3189.090087890625,9637.990234375,20701.0390625,2359.160888671875,5207.4501953125,62106.0,12040.400390625,4323.2998046875
2012-04-16,1369.5699462890625,2988.39990234375,5666.2998046875,6625.18994140625,3205.280029296875,9470.6396484375,20610.640625,2357.02587890625,5226.2001953125,61955.0,12037.599609375,4302.2998046875
2012-04-17,1390.780029296875,3042.820068359375,5767.0,6801.0,3292.510009765625,9464.7099609375,20562.310546875,2334.985107421875,5289.7001953125,62699.0,12136.900390625,4288.7998046875
2012-04-18,1385.1400146484375,3031.449951171875,5745.2998046875,6732.02978515625,3240.2900390625,9667.259765625,20780.73046875,2380.847900390625,5300.0,63010.0,12128.900390625,4348.7001953125
2012-04-19,1376.9200439453125,3007.56005859375,5744.60009765625,6671.22021484375,3174.02001953125,9588.3798828125,20995.009765625,2378.634033203125,5332.39990234375,62618.0,12153.7001953125,4362.7001953125
2012-04-20,1378.530029296875,3000.449951171875,5772.2001953125,6750.1201171875,3188.580078125,9561.3603515625,21010.640625,2406.863037109375,5290.85009765625,62494.0,12147.2998046875,4366.5
2012-04-23,1366.93994140625,2970.449951171875,5665.60009765625,6523.0,3098.3701171875,9542.169921875,20624.390625,2388.587890625,5200.60009765625,61539.0,11989.0,4352.39990234375
2012-04-24,1371.969970703125,2961.60009765625,5709.5,6590.41015625,3169.320068359375,9468.0400390625,20677.16015625,2388.833984375,5222.64990234375,61971.0,11980.099609375,4360.39990234375
2012-04-25,1390.68994140625,3029.6298828125,5718.89990234375,6704.5,3233.4599609375,9561.009765625,20646.2890625,2406.81298828125,5202.0,61750.0,12111.099609375,
2012-04-26,1399.97998046875,3050.610107421875,5748.7001953125,6739.89990234375,3229.320068359375,9561.830078125,20809.7109375,2404.697021484375,5189.0,62198.0,12145.900390625,4375.2001953125
2012-04-27,1403.3599853515625,3069.199951171875,5777.10009765625,6801.31982421875,3266.27001953125,9520.8896484375,20741.44921875,2396.31591796875,5190.60009765625,61691.0,12237.7998046875,4362.10009765625
2012-04-30,1397.9100341796875,3046.360107421875,5737.7998046875,6761.18994140625,3212.800048828125,,21094.2109375,,5248.14990234375,61820.0,12292.7001953125,4396.60009765625
2012-05-01,1405.8199462890625,3050.43994140625,5812.2001953125,,,9350.9501953125,,,,,12332.7998046875,4429.5
2012-05-02,1402.31005859375,3059.85009765625,5758.10009765625,6710.77001953125,3226.330078125,9380.25,21309.080078125,2438.43603515625,5239.14990234375,62424.0,12230.099609375,4435.89990234375
2012-05-03,1391.5699462890625,3024.300048828125,5766.60009765625,6694.43994140625,3223.360107421875,,21249.529296875,2440.080078125,5188.39990234375,62104.0,12014.900390625,4429.0
2012-05-04,1369.0999755859375,2956.340087890625,5655.10009765625,6561.47021484375,3161.969970703125,,21086.0,2452.013916015625,5086.85009765625,60821.0,11871.2001953125,4396.0
2012-05-07,1369.5799560546875,2957.760009765625,,6569.47998046875,3214.219970703125,9119.1396484375,20536.650390625,2451.947021484375,5114.14990234375,61220.0,11860.7001953125,4301.2998046875
2012-05-08,1363.719970703125,2946.27001953125,5554.60009765625,6444.740234375,3124.800048828125,9181.650390625,20484.75,2448.884033203125,4999.9501953125,60365.0,11704.7001953125,4314.39990234375
2012-05-09,1354.5799560546875,2934.7099609375,5530.10009765625,6475.31005859375,3118.64990234375,9045.0595703125,20330.640625,2408.5859375,4974.7998046875,59786.0,11675.0,4275.10009765625
2012-05-10,1357.989990234375,2933.639892578125,5544.0,6518.0,3130.169921875,9009.650390625,20227.279296875,2410.22900390625,4965.7001953125,59702.0,11736.2001953125,4295.60009765625
2012-05-11,1353.3900146484375,2933.820068359375,5575.5,6579.93017578125,3129.77001953125,8953.3095703125,19964.630859375,2394.98193359375,4928.89990234375,59445.0,11694.7001953125,4285.10009765625
2012-05-14,1338.3499755859375,2902.580078125,5465.5,6451.97021484375,3057.989990234375,8973.83984375,19735.0390625,2380.72509765625,4907.7998046875,57540.0,11488.5,4297.0
2012-05-15,1330.6600341796875,2893.760009765625,5437.60009765625,6401.06005859375,3039.27001953125,8900.740234375,19894.310546875,2374.843017578125,4942.7998046875,56238.0,11343.099609375,4266.2998046875
2012-05-16,1324.800048828125,2874.0400390625,5405.2998046875,6384.259765625,3048.669921875,8801.169921875,19259.830078125,2346.19189453125,4858.25,55888.0,11326.099609375,4165.5
2012-05-17,1304.8599853515625,2813.68994140625,5338.39990234375,6308.9599609375,3011.989990234375,8876.58984375,19200.9296875,2378.885986328125,4870.2001953125,54038.0,11330.7001953125,4157.39990234375
2012-05-18,1295.219970703125,2778.7900390625,5267.60009765625,6271.22021484375,3008.0,8611.3095703125,18951.849609375,2344.52099609375,4891.4501953125,54513.0,11280.599609375,4046.5
2012-05-21,1315.989990234375,2847.2099609375,5304.5,6331.0400390625,3027.14990234375,8633.8896484375,18922.3203125,2348.300048828125,,56590.0,,4073.60009765625
2012-05-22,1316.6300048828125,2839.080078125,5403.2998046875,6435.60009765625,3084.090087890625,8729.2900390625,19039.150390625,2373.305908203125,4860.5,55039.0,11451.7998046875,4121.0
2012-05-23,1318.8599853515625,2850.1201171875,5266.39990234375,6285.75,3003.27001953125,8556.599609375,18786.189453125,2363.43701171875,4835.64990234375,54619.0,11564.7998046875,4067.0
2012-05-24,1320.6800537109375,2839.3798828125,5350.10009765625,6315.89013671875,3038.25,8563.3798828125,18666.400390625,2350.972900390625,4921.39990234375,54063.0,11566.099609375,4055.800048828125
2012-05-25,1317.8199462890625,2837.530029296875,5351.5,6339.93994140625,3047.93994140625,8580.3896484375,18713.41015625,2333.552978515625,4920.39990234375,54463.0,11576.5,4029.199951171875
2012-05-28,,,,6323.18994140625,3042.969970703125,8593.150390625,18800.990234375,2361.366943359375,4985.64990234375,55213.0,11566.2001953125,4068.0
2012-05-29,1332.4200439453125,2870.989990234375,5391.10009765625,6396.83984375,3084.699951171875,8657.080078125,19055.4609375,2389.635986328125,4990.10009765625,54633.0,11609.2998046875,4114.39990234375
2012-05-30,1313.3199462890625,2837.360107421875,5297.2998046875,6280.7998046875,3015.580078125,8633.1904296875,18690.220703125,2384.66796875,4950.75,53798.0,11433.2001953125,4094.199951171875
2012-05-31,1310.3299560546875,2827.340087890625,5320.89990234375,6264.3798828125,3017.010009765625,8542.73046875,18629.51953125,2372.23388671875,4924.25,54490.0,11513.2001953125,4076.300048828125
2012-06-01,1278.0400390625,2747.47998046875,5260.2001953125,6050.2900390625,2950.469970703125,8440.25,18558.33984375,2373.43603515625,4841.60009765625,53403.0,11361.2001953125,4063.89990234375
2012-06-04,1278.1800537109375,2760.010009765625,,5978.22998046875,2954.489990234375,8295.6298828125,18185.58984375,2308.550048828125,4848.14990234375,53417.0,11335.7998046875,3985.0
2012-06-05,1285.5,2778.110107421875,,5969.39990234375,2986.10009765625,8382.0,18259.029296875,2311.916015625,4863.2998046875,52481.0,11507.7001953125,4043.699951171875
2012-06-06,1315.1300048828125,2844.719970703125,5384.10009765625,6093.990234375,3058.43994140625,8533.5302734375,18520.529296875,2309.554931640625,4997.10009765625,54156.0,11633.400390625,4055.300048828125
2012-06-07,1314.989990234375,2831.02001953125,5447.7998046875,6144.22021484375,3071.159912109375,8639.7197265625,18678.2890625,2293.1298828125,5049.64990234375,,11592.099609375,4108.60009765625
2012-06-08,1325.6600341796875,2858.419921875,5435.10009765625,6130.81982421875,3051.68994140625,8459.259765625,18502.33984375,2281.447021484375,5068.35009765625,54430.0,11500.599609375,4063.699951171875
2012-06-11,1308.9300537109375,2809.72998046875,5432.39990234375,6141.0498046875,3042.760009765625,8624.900390625,18953.630859375,2305.85595703125,5054.10009765625,54001.0,11401.7998046875,
2012-06-12,1324.1800537109375,2843.070068359375,5473.7001953125,6161.240234375,3046.909912109375,8536.7197265625,18872.560546875,2289.791015625,5115.89990234375,55049.0,11497.2998046875,4072.89990234375
2012-06-13,1314.8800048828125,2818.610107421875,5483.7998046875,6152.490234375,3030.0400390625,8587.83984375,19026.51953125,2318.924072265625,5121.4501953125,55651.0,11497.900390625,4063.800048828125
2012-06-14,1329.0999755859375,2836.330078125,5467.10009765625,6138.60986328125,3032.449951171875,8568.8896484375,18808.400390625,2295.946044921875,5054.75,55352.0,11466.400390625,4042.199951171875
2012-06-15,1342.8399658203125,2872.800048828125,5478.7998046875,6229.41015625,3087.6201171875,8569.3203125,19233.939453125,2306.85009765625,5139.0498046875,56105.0,11524.900390625,4057.300048828125
2012-06-18,1344.780029296875,2895.330078125,5491.10009765625,6248.2001953125,3066.18994140625,8721.01953125,19427.810546875,2316.052001953125,5064.25,56195.0,11601.099609375,4136.89990234375
2012-06-19,1357.97998046875,2929.760009765625,5586.2998046875,6363.35986328125,3117.919921875,8655.8701171875,19416.669921875,2300.794921875,5103.85009765625,57195.0,11788.400390625,4123.2998046875
2012-06-20,1355.68994140625,2930.449951171875,5622.2998046875,6392.1298828125,3126.52001953125,8752.3095703125,19518.849609375,2292.876953125,5120.5498046875,57167.0,11759.2998046875,4132.39990234375
2012-06-21,1325.510009765625,2859.090087890625,5566.39990234375,6343.1298828125,3114.219970703125,8824.0703125,19265.0703125,2260.876953125,5165.0,55505.0,11408.2998046875,4087.60009765625
2012-06-22,1335.02001953125,2892.419921875,5513.7001953125,6263.25,3090.89990234375,8798.349609375,18995.130859375,,5146.0498046875,55440.0,11435.5,4048.199951171875
2012-06-25,1313.719970703125,2836.159912109375,5450.7001953125,6132.39013671875,3021.639892578125,8734.6201171875,18897.44921875,2224.114013671875,5114.64990234375,53805.0,11330.400390625,4027.800048828125
2012-06-26,1319.989990234375,2854.06005859375,5447.0,6136.68994140625,3012.7099609375,8663.990234375,18981.83984375,2222.06689453125,5120.7998046875,53837.0,11334.400390625,4013.300048828125
2012-06-27,1331.8499755859375,2875.320068359375,5523.89990234375,6228.990234375,3063.1201171875,8730.490234375,19176.94921875,2216.93408203125,5141.89990234375,53109.0,11410.900390625,4043.199951171875
2012-06-28,1329.0400390625,2849.489990234375,5493.10009765625,6149.91015625,3051.679931640625,8874.1103515625,19025.26953125,2195.843017578125,5149.14990234375,52652.0,11424.7001953125,4044.800048828125
2012-06-29,1362.1600341796875,2935.050048828125,5571.2001953125,6416.27978515625,3196.64990234375,9006.7802734375,19441.4609375,2225.429931640625,5278.89990234375,54355.0,11596.599609375,4094.60009765625
2012-07-02,1365.510009765625,2951.22998046875,5640.60009765625,6496.080078125,3240.199951171875,9003.48046875,,2226.110107421875,5278.60009765625,54693.0,,4133.0
2012-07-03,1374.02001953125,2976.080078125,5687.7001953125,6578.2099609375,3271.199951171875,9066.58984375,19735.529296875,2229.19189453125,5287.9501953125,55780.0,11848.7998046875,4127.2001953125
2012-07-04,,,5684.5,6564.7998046875,3267.75,9104.169921875,19709.75,2227.31494140625,5302.5498046875,56077.0,11913.900390625,4172.2001953125
2012-07-05,1367.5799560546875,2976.1201171875,5692.60009765625,6535.56005859375,3229.360107421875,9079.7998046875,19809.130859375,2201.35302734375,5327.2998046875,56379.0,11817.0,4169.2001953125
2012-07-06,1354.6800537109375,2937.330078125,5662.60009765625,6410.10986328125,3168.7900390625,9020.75,19800.640625,2223.5791015625,5316.9501953125,55394.0,11660.0,4157.7998046875
2012-07-09,1352.4599609375,2931.77001953125,5627.2998046875,6387.56982421875,3156.800048828125,8896.8798828125,19428.08984375,2170.81396484375,5275.14990234375,,11634.7001953125,4118.2998046875
2012-07-10,1341.469970703125,2902.330078125,5664.10009765625,6438.330078125,3175.409912109375,8857.73046875,19396.359375,2164.43798828125,5345.35009765625,53706.0,11512.2001953125,4098.0
2012-07-11,1341.449951171875,2887.97998046875,5664.5,6453.85009765625,3157.25,8851.0,19419.869140625,2175.383056640625,5306.2998046875,53569.0,11544.599609375,4096.5
2012-07-12,1334.760009765625,2866.18994140625,5608.2998046875,6419.35009765625,3135.179931640625,8720.009765625,19025.109375,2185.490966796875,5235.25,53421.0,11425.5,4068.0
2012-07-13,1356.780029296875,2908.469970703125,5666.10009765625,6557.10009765625,3180.81005859375,8724.1201171875,19092.630859375,2185.89501953125,5227.25,54331.0,11514.5,4082.199951171875
2012-07-16,1353.6400146484375,2896.93994140625,5662.39990234375,6565.72021484375,3179.89990234375,,19121.33984375,2147.955078125,5197.25,53402.0,11521.2001953125,4105.10009765625
2012-07-17,1363.6700439453125,2910.0400390625,5629.10009765625,6577.64013671875,3176.969970703125,8755.0,19455.330078125,2161.18603515625,5192.85009765625,53909.0,11571.2001953125,4140.7998046875
2012-07-18,1372.780029296875,2942.60009765625,5685.7998046875,6684.419921875,3235.39990234375,8726.740234375,19239.880859375,2169.09912109375,5216.2998046875,54583.0,11579.2001953125,4123.60009765625
2012-07-19,1376.510009765625,2965.89990234375,5714.2001953125,6758.39013671875,3263.639892578125,8795.5498046875,19559.05078125,2184.841064453125,5242.7001953125,55347.0,11665.7001953125,4206.7001953125
2012-07-20,1362.6600341796875,2925.300048828125,5651.7998046875,6630.02001953125,3193.889892578125,8669.8701171875,19640.80078125,2168.637939453125,5205.10009765625,54195.0,11622.900390625,4199.10009765625
2012-07-23,1350.52001953125,2890.14990234375,5533.89990234375,6419.330078125,3101.530029296875,8508.3203125,19053.470703125,2141.402099609375,5117.9501953125,53034.0,11545.5,4128.89990234375
2012-07-24,1338.31005859375,2862.989990234375,5499.2001953125,6390.41015625,3074.679931640625,8488.08984375,18903.19921875,2146.587890625,5128.2001953125,52639.0,11467.0,4133.2001953125
2012-07-25,1337.8900146484375,2854.239990234375,5498.2998046875,6406.52001953125,3081.739990234375,8365.900390625,18877.330078125,2136.15087890625,5109.60009765625,52608.0,11492.5,4123.89990234375
2012-07-26,1360.02001953125,2893.25,5573.2001953125,6582.9599609375,3207.1201171875,8443.099609375,18892.7890625,2126.00390625,5043.0,54003.0,11639.7998046875,4147.7001953125
2012-07-27,1385.969970703125,2958.090087890625,5627.2001953125,6689.39990234375,3280.18994140625,8566.6396484375,19274.9609375,2128.764892578125,5099.85009765625,56553.0,11766.400390625,4209.7998046875
2012-07-30,1385.300048828125,2945.840087890625,5693.60009765625,6774.06005859375,3320.7099609375,8635.4404296875,19585.400390625,2109.9140625,5199.7998046875,57241.0,11757.900390625,4245.7001953125
2012-07-31,1379.3199462890625,2939.52001953125,5635.2998046875,6772.259765625,3291.659912109375,8695.0595703125,19796.810546875,2103.635009765625,5229.0,56097.0,11664.7001953125,4269.2001953125
2012-08-01,1375.3199462890625,2920.2099609375,5712.7998046875,6754.4599609375,3321.56005859375,8641.849609375,19820.380859375,2123.360107421875,5240.5,55623.0,11618.5,4262.7998046875
2012-08-02,1365.0,2909.77001953125,5662.2998046875,6606.08984375,3232.4599609375,8653.1796875,19690.19921875,2111.181884765625,5227.75,55520.0,11506.5,4269.5
2012-08-03,1390.989990234375,2967.89990234375,5787.2998046875,6865.66015625,3374.18994140625,8555.1103515625,19666.1796875,2132.7958984375,5215.7001953125,57255.0,11662.599609375,4221.5
2012-08-06,1394.22998046875,2989.909912109375,5808.7998046875,6918.72021484375,3401.56005859375,8726.2900390625,19998.720703125,2154.916015625,5282.5498046875,58345.0,,4272.60009765625
2012-08-07,1401.3499755859375,3015.860107421875,5841.2001953125,6967.9501953125,3453.280029296875,8803.3095703125,20072.55078125,2157.6201171875,5336.7001953125,57726.0,11863.5,4291.60009765625
2012-08-08,1402.219970703125,3011.25,5845.89990234375,6966.14990234375,3438.260009765625,8881.16015625,20065.51953125,2160.989990234375,5338.0,58951.0,11781.0,4312.60009765625
2012-08-09,1402.800048828125,3018.639892578125,5851.5,6964.990234375,3456.7099609375,8978.599609375,20269.470703125,2174.10205078125,5322.9501953125,58797.0,11858.099609375,4308.2998046875
2012-08-10,1405.8699951171875,3020.860107421875,5847.10009765625,6944.56005859375,3435.6201171875,8891.4404296875,20136.119140625,2168.81396484375,5320.39990234375,59281.0,11890.900390625,4277.2998046875
2012-08-13,1404.1099853515625,3022.52001953125,5831.89990234375,6909.68017578125,3426.409912109375,8885.150390625,20081.359375,2136.077880859375,5347.89990234375,59123.0,11838.2998046875,4283.2998046875
2012-08-14,1403.9300537109375,3016.97998046875,5864.7998046875,6974.39013671875,3450.27001953125,8929.8798828125,20291.6796875,2142.52392578125,5380.35009765625,58083.0,11853.599609375,4292.2001953125
2012-08-15,1405.530029296875,3030.929931640625,5833.0,6946.7998046875,3449.199951171875,8925.0400390625,20052.2890625,2118.945068359375,,58189.0,11905.400390625,4281.2001953125
2012-08-16,1415.510009765625,3062.389892578125,5834.5,6996.2900390625,3480.489990234375,9092.759765625,19962.94921875,2112.197021484375,5362.9501953125,59446.0,12032.599609375,4330.2001953125
2012-08-17,1418.1600341796875,3076.590087890625,5852.39990234375,7040.8798828125,3488.3798828125,9162.5,20116.0703125,2114.89111328125,5366.2998046875,59082.0,12089.900390625,4370.10009765625
2012-08-20,1418.1300048828125,3076.2099609375,5824.39990234375,7033.68017578125,3480.580078125,9171.16015625,20104.26953125,2106.95703125,,59283.0,12076.0,4364.2998046875
2012-08-21,1413.1700439453125,3067.260009765625,5857.5,7089.31982421875,3513.280029296875,9156.919921875,20100.08984375,2118.26806640625,5421.0,58918.0,12116.900390625,4383.39990234375
2012-08-22,1413.489990234375,3073.669921875,5774.2001953125,7017.75,3461.64990234375,9131.740234375,19887.779296875,2107.7109375,5412.85009765625,59381.0,12119.0,4376.0
2012-08-23,1402.0799560546875,3053.39990234375,5776.60009765625,6949.56982421875,3432.56005859375,9178.1201171875,20132.240234375,2113.072021484375,5415.35009765625,58512.0,12062.5,4383.7001953125
2012-08-24,1411.1300048828125,3069.7900390625,5776.60009765625,6971.06982421875,3433.2099609375,9070.759765625,19880.029296875,2092.10400390625,5386.7001953125,58426.0,12082.2001953125,4349.0
2012-08-27,1410.43994140625,3073.18994140625,,7047.4501953125,3462.830078125,9085.3896484375,19798.669921875,2055.7080078125,5350.25,58111.0,12048.7998046875,4343.7001953125
2012-08-28,1409.300048828125,3077.139892578125,5775.7001953125,7002.68017578125,3431.550048828125,9033.2900390625,19811.80078125,2073.154052734375,,58406.0,12009.900390625,4359.39990234375
2012-08-29,1410.489990234375,3081.18994140625,5743.5,7010.56982421875,3413.889892578125,9069.8095703125,19788.509765625,2053.235107421875,5287.7998046875,57369.0,12009.7998046875,4356.39990234375
2012-08-30,1399.47998046875,3048.7099609375,5719.5,6895.490234375,3379.110107421875,8983.7802734375,19552.91015625,2052.5849609375,5315.0498046875,57256.0,11886.7001953125,4315.7001953125
2012-08-31,1406.5799560546875,3066.9599609375,5711.5,6970.7900390625,3413.070068359375,8839.91015625,19482.5703125,2047.52197265625,5258.5,57061.0,11949.2998046875,4316.10009765625
2012-09-03,,,5758.39990234375,7014.830078125,3453.7099609375,8783.8896484375,19559.2109375,2059.14697265625,5253.75,57281.0,,4329.7001953125
2012-09-04,1404.93994140625,3075.06005859375,5672.0,6932.580078125,3399.0400390625,8775.509765625,19429.91015625,2043.6490478515625,5274.0,56234.0,11941.7001953125,4303.5
2012-09-05,1403.43994140625,3069.27001953125,5657.89990234375,6964.68994140625,3405.7900390625,8679.8203125,19145.0703125,2037.6810302734373,5225.7001953125,56864.0,11990.099609375,4278.7998046875
2012-09-06,1432.1199951171875,3135.81005859375,5777.2998046875,7167.330078125,3509.8798828125,8680.5703125,19209.30078125,2051.91796875,5238.39990234375,58321.0,12139.7001953125,4312.89990234375
2012-09-07,1437.9200439453125,3136.419921875,5794.7998046875,7214.5,3519.050048828125,8871.650390625,19802.16015625,2127.761962890625,5342.10009765625,,12268.0,4325.7998046875
2012-09-10,1429.0799560546875,3104.02001953125,5793.2001953125,7213.7001953125,3506.050048828125,8869.3701171875,19827.169921875,2134.89306640625,5363.4501953125,58404.0,12215.400390625,4333.7998046875
2012-09-11,1433.56005859375,3104.530029296875,5792.2001953125,7310.10986328125,3537.300048828125,8807.3798828125,19857.880859375,2120.553955078125,5390.0,59423.0,12220.5,4325.7998046875
2012-09-12,1436.56005859375,3114.31005859375,5782.10009765625,7343.52978515625,3543.7900390625,8959.9599609375,20075.390625,2126.553955078125,5431.0,59922.0,12232.599609375,4361.2998046875
2012-09-13,1459.989990234375,3155.830078125,5819.89990234375,7310.31982421875,3502.090087890625,8995.150390625,20047.630859375,2110.37890625,5435.35009765625,61958.0,12360.2001953125,4339.39990234375
2012-09-14,1465.77001953125,3183.949951171875,5915.60009765625,7412.1298828125,3581.580078125,9159.3896484375,20629.779296875,2123.846923828125,5577.64990234375,62105.0,12499.5,4390.0
2012-09-17,1461.18994140625,3178.669921875,5893.5,7403.68994140625,3553.68994140625,,20658.109375,2078.5,5610.0,61806.0,12446.900390625,4402.5
2012-09-18,1459.3199462890625,3177.800048828125,5868.2001953125,7347.68994140625,3512.68994140625,9123.76953125,20601.9296875,2059.54296875,5600.0498046875,61804.0,12422.7001953125,4394.7001953125
2012-09-19,1461.050048828125,3182.6201171875,5888.5,7390.759765625,3531.820068359375,9232.2099609375,20841.91015625,2067.8310546875,,61652.0,12436.2001953125,4418.39990234375
2012-09-20,1460.260009765625,3175.9599609375,5854.60009765625,7389.490234375,3509.919921875,9086.98046875,20590.919921875,2024.8370361328125,5554.25,61688.0,12409.2998046875,4397.2001953125
2012-09-21,1460.1500244140625,3179.9599609375,5852.60009765625,7451.6201171875,3530.719970703125,9110.0,20734.939453125,2026.68994140625,5691.14990234375,61320.0,12383.599609375,4408.2998046875
2012-09-24,1456.8900146484375,3160.780029296875,5838.7998046875,7413.16015625,3497.219970703125,9069.2900390625,20694.69921875,2033.1920166015625,5669.60009765625,61910.0,12313.5,4385.5
2012-09-25,1441.5899658203125,3117.72998046875,5859.7001953125,7425.10986328125,3513.81005859375,9091.5400390625,20698.6796875,2029.29296875,5673.89990234375,60501.0,12257.2001953125,4372.89990234375
2012-09-26,1433.3199462890625,3093.699951171875,5768.10009765625,7276.509765625,3414.840087890625,8906.7001953125,20527.73046875,2004.1719970703125,5663.4501953125,60478.0,12232.900390625,4361.60009765625
2012-09-27,1447.1500244140625,3136.60009765625,5779.39990234375,7290.02001953125,3439.320068359375,8949.8701171875,20762.2890625,2056.322998046875,5649.5,60240.0,12338.900390625,4384.2001953125
2012-09-28,1440.6700439453125,3116.22998046875,5742.10009765625,7216.14990234375,3354.820068359375,8870.16015625,20840.380859375,2086.1689453125,5703.2998046875,59176.0,12317.5,4387.0
2012-10-01,1444.489990234375,3113.530029296875,5820.5,7326.72998046875,3434.97998046875,8796.509765625,,,5718.7998046875,59571.0,12370.2001953125,4388.60009765625
2012-10-02,1445.75,3120.0400390625,5809.5,7305.85986328125,3414.22998046875,8786.0498046875,,,,59222.0,12391.2001953125,4433.0
2012-10-03,1450.989990234375,3135.22998046875,5825.7998046875,,3406.02001953125,8746.8701171875,20888.279296875,,5731.25,58627.0,12359.5,4438.60009765625
2012-10-04,1461.4000244140625,3149.4599609375,5827.7998046875,7305.2099609375,3401.199951171875,8824.58984375,20907.94921875,,5787.60009765625,58458.0,12447.7001953125,4452.39990234375
2012-10-05,1460.9300537109375,3136.18994140625,5871.0,7397.8701171875,3457.0400390625,8863.2998046875,21012.380859375,,5746.9501953125,58572.0,12419.0,4494.39990234375
2012-10-08,1455.8800048828125,3112.35009765625,5841.7001953125,7291.2099609375,3406.530029296875,,20824.560546875,2074.4189453125,5676.0,59317.0,,4481.89990234375
2012-10-09,1441.47998046875,3065.02001953125,5810.2998046875,7234.52978515625,3382.780029296875,8769.58984375,20937.279296875,2115.22900390625,5704.60009765625,58939.0,12273.599609375,4505.2998046875
2012-10-10,1432.56005859375,3051.780029296875,5776.7001953125,7205.22998046875,3365.8701171875,8596.23046875,20919.599609375,2119.94189453125,5652.14990234375,58456.0,12212.400390625,4490.7001953125
2012-10-11,1432.8399658203125,3049.409912109375,5829.7998046875,7281.7001953125,3413.719970703125,8546.7802734375,20999.05078125,2102.867919921875,5708.0498046875,59162.0,12234.0,4483.5
2012-10-12,1428.5899658203125,3044.110107421875,5793.2998046875,7232.490234375,3389.080078125,8534.1201171875,21136.4296875,2104.931884765625,5676.0498046875,,12202.0,4486.60009765625
2012-10-15,1440.1300048828125,3064.179931640625,5805.60009765625,7261.25,3420.280029296875,8577.9296875,21148.25,2098.702880859375,5687.25,59602.0,12230.0,4483.39990234375
2012-10-16,1454.9200439453125,3101.169921875,5870.5,7376.27001953125,3500.93994140625,8701.3095703125,21207.0703125,2098.80810546875,5648.0,59744.0,12407.7001953125,4491.5
2012-10-17,1460.9100341796875,3104.1201171875,5910.89990234375,7394.5498046875,3527.5,8806.5498046875,21416.640625,2105.617919921875,5660.25,60087.0,12461.2998046875,4528.2001953125
2012-10-18,1457.3399658203125,3072.8701171875,5917.10009765625,7437.22998046875,3535.179931640625,8982.8603515625,21518.7109375,2131.68798828125,5718.7001953125,59734.0,12466.099609375,4559.39990234375
2012-10-19,1433.18994140625,3005.6201171875,5896.2001953125,7380.64013671875,3504.56005859375,9002.6796875,21551.759765625,2128.302001953125,5684.25,58922.0,12416.0,4571.10009765625
2012-10-22,1433.8199462890625,3016.9599609375,5882.89990234375,7328.0498046875,3483.25,9010.7099609375,21697.55078125,2132.758056640625,5717.14990234375,58700.0,12403.5,4541.0
2012-10-23,1413.1099853515625,2990.4599609375,5797.89990234375,7173.68994140625,3406.5,9014.25,,2114.447021484375,5691.39990234375,57690.0,12225.7998046875,4543.10009765625
2012-10-24,1408.75,2981.699951171875,5804.7998046875,7192.85009765625,3426.489990234375,8954.2998046875,21763.779296875,2115.989990234375,,57161.0,12195.0,4505.7998046875
2012-10-25,1412.969970703125,2986.1201171875,5805.10009765625,7200.22998046875,3411.530029296875,9055.2001953125,21810.23046875,2101.580078125,5705.2998046875,57837.0,12300.2001953125,4510.5
2012-10-26,1411.93994140625,2987.949951171875,5806.7001953125,7231.85009765625,3435.090087890625,8933.0595703125,21545.5703125,2066.208984375,,57277.0,12300.2998046875,4472.39990234375
2012-10-29,,,5795.10009765625,7203.16015625,3408.889892578125,8929.33984375,21511.05078125,2058.943115234375,5665.60009765625,57177.0,12312.7998046875,4476.89990234375
2012-10-30,,,5849.89990234375,7284.39990234375,3459.43994140625,8841.98046875,21428.580078125,2062.346923828125,5597.89990234375,57684.0,12377.0,4485.7001953125
2012-10-31,1412.1600341796875,2977.22998046875,5782.7001953125,7260.6298828125,3429.27001953125,8928.2900390625,21641.8203125,2068.8798828125,5619.7001953125,57068.0,12422.900390625,4517.0
2012-11-01,1427.5899658203125,3020.06005859375,5861.89990234375,7335.669921875,3475.39990234375,8946.8701171875,21821.869140625,2104.427001953125,5645.0498046875,58383.0,12499.7998046875,4457.60009765625
2012-11-02,1414.199951171875,2982.1298828125,5868.60009765625,7363.85009765625,3492.4599609375,9051.2197265625,22111.330078125,2117.0458984375,5697.7001953125,,12380.400390625,4460.10009765625
2012-11-05,1417.260009765625,2999.659912109375,5839.10009765625,7326.47021484375,3448.5,9007.4404296875,22006.400390625,2114.027099609375,5704.2001953125,58210.0,12352.7998046875,4474.10009765625
2012-11-06,1428.3900146484375,3011.929931640625,5884.89990234375,7377.759765625,3478.659912109375,8975.150390625,21944.4296875,2105.9990234375,5724.39990234375,59459.0,12361.2001953125,4484.7998046875
2012-11-07,1394.530029296875,2937.2900390625,5791.60009765625,7232.830078125,3409.590087890625,8972.8896484375,22099.849609375,2105.72998046875,5760.10009765625,58517.0,12230.599609375,4516.5
2012-11-08,1377.510009765625,2895.580078125,5776.10009765625,7204.9599609375,3407.679931640625,8837.150390625,21566.91015625,2071.509033203125,5738.75,57524.0,12191.099609375,4483.7998046875
2012-11-09,1379.8499755859375,2904.8701171875,5769.7001953125,7163.5,3423.570068359375,8757.599609375,21384.380859375,2069.06689453125,5686.25,57358.0,12196.7998046875,4462.0
2012-11-12,1380.030029296875,2904.25,5767.2998046875,7168.759765625,3411.64990234375,8676.4404296875,21430.30078125,2079.27294921875,5683.7001953125,57064.0,12191.5,4448.0
2012-11-13,1374.530029296875,2883.889892578125,5786.2998046875,7169.1201171875,3430.60009765625,8661.0498046875,21188.650390625,2047.8890380859373,,57486.0,12134.7001953125,4379.7998046875
2012-11-14,1355.489990234375,2846.81005859375,5722.0,7101.919921875,3400.02001953125,8664.73046875,21441.990234375,2055.4189453125,,56279.0,11929.7998046875,4388.39990234375
2012-11-15,1353.3299560546875,2836.93994140625,5677.7998046875,7043.419921875,3382.39990234375,8829.7197265625,21108.9296875,2030.2900390625,5631.0,,11811.400390625,4349.2998046875
2012-11-16,1359.8800048828125,2853.1298828125,5605.60009765625,6950.52978515625,3341.52001953125,9024.16015625,21159.009765625,2014.7249755859373,5574.0498046875,55402.0,11877.7001953125,4336.7998046875
2012-11-19,1386.8900146484375,2916.070068359375,5737.7001953125,7123.83984375,3439.580078125,9153.2001953125,21262.060546875,2016.9820556640625,5571.39990234375,56451.0,12040.400390625,4361.39990234375
2012-11-20,1387.81005859375,2916.679931640625,5748.10009765625,7172.990234375,3462.06005859375,9142.6396484375,21228.279296875,2008.9229736328125,5571.5498046875,,12046.2998046875,4385.7001953125
2012-11-21,1391.030029296875,2926.550048828125,5752.0,7184.7099609375,3477.360107421875,9222.51953125,21524.359375,2030.3189697265625,5614.7998046875,56242.0,12100.099609375,4369.5
2012-11-22,,,5791.0,7244.990234375,3498.219970703125,9366.7998046875,21743.19921875,2015.6109619140625,5627.75,56437.0,12153.099609375,4413.10009765625
2012-11-23,1409.1500244140625,2966.85009765625,5819.10009765625,7309.1298828125,3528.800048828125,,21913.98046875,2027.384033203125,5626.60009765625,57574.0,12213.2001953125,4413.0
2012-11-26,1406.2900390625,2976.780029296875,5786.7001953125,7292.02978515625,3500.93994140625,9388.9404296875,21861.810546875,2017.4639892578125,5635.89990234375,56737.0,12185.099609375,4424.2001953125
2012-11-27,1398.93994140625,2967.7900390625,5799.7001953125,7332.330078125,3502.1298828125,9423.2998046875,21844.029296875,1991.1650390625,5727.4501953125,56248.0,12111.599609375,4456.7998046875
2012-11-28,1409.9300537109375,2991.780029296875,5803.2998046875,7343.41015625,3515.18994140625,9308.349609375,21708.98046875,1973.52294921875,,56539.0,12140.2998046875,4447.2998046875
2012-11-29,1415.949951171875,3012.030029296875,5870.2998046875,7400.9599609375,3568.8798828125,9400.8798828125,21922.890625,1963.488037109375,5825.0,57853.0,12202.900390625,4477.7001953125
2012-11-30,1416.1800537109375,3010.239990234375,5866.7998046875,7405.5,3557.280029296875,9446.009765625,22030.390625,1980.116943359375,5879.85009765625,57475.0,12239.400390625,4506.0
2012-12-03,1409.4599609375,3002.199951171875,5871.2001953125,7435.2099609375,3566.590087890625,9458.1796875,21767.849609375,1959.7669677734373,5870.9501953125,58202.0,12169.7001953125,4531.5
2012-12-04,1407.050048828125,2996.68994140625,5869.0,7435.1201171875,3580.47998046875,9432.4599609375,21799.970703125,1975.1429443359373,5889.25,57563.0,12137.2001953125,4503.60009765625
2012-12-05,1409.280029296875,2973.699951171875,5892.10009765625,7454.5498046875,3590.5,9468.83984375,22270.91015625,2031.906982421875,5900.5,57679.0,12157.2998046875,4520.39990234375
2012-12-06,1413.93994140625,2989.27001953125,5901.39990234375,7534.5400390625,3601.64990234375,9545.16015625,22249.810546875,2029.237060546875,5930.89990234375,57656.0,12151.099609375,4509.2998046875
2012-12-07,1418.0699462890625,2978.0400390625,5914.39990234375,7517.7998046875,3605.610107421875,9527.3896484375,22191.169921875,2061.785888671875,5907.39990234375,58487.0,12159.599609375,4551.7998046875
2012-12-10,1418.550048828125,2986.9599609375,5921.60009765625,7530.919921875,3612.10009765625,9533.75,22276.720703125,2083.77001953125,5908.89990234375,59248.0,12230.5,4557.89990234375
2012-12-11,1427.8399658203125,3022.300048828125,5925.0,7589.75,3646.14990234375,9525.3203125,22323.939453125,2074.7041015625,5898.7998046875,59623.0,12282.400390625,4576.0
2012-12-12,1428.47998046875,3013.81005859375,5945.89990234375,7614.7900390625,3646.659912109375,9581.4599609375,22503.349609375,2082.72607421875,5888.0,59474.0,12353.099609375,4583.7998046875
2012-12-13,1419.449951171875,2992.159912109375,5929.60009765625,7581.97998046875,3643.1298828125,9742.73046875,22445.580078125,2061.47607421875,5851.5,59317.0,12289.2001953125,4582.7998046875
2012-12-14,1413.5799560546875,2971.330078125,5921.7998046875,7596.47021484375,3643.280029296875,9737.5595703125,22605.98046875,2150.625,5879.60009765625,59605.0,12296.7001953125,4583.10009765625
2012-12-17,1430.3599853515625,3010.60009765625,5912.2001953125,7604.93994140625,3638.10009765625,9828.8798828125,22513.609375,2160.342041015625,5857.89990234375,59567.0,12281.400390625,4573.39990234375
2012-12-18,1446.7900390625,3054.530029296875,5935.89990234375,7653.580078125,3648.6298828125,9923.009765625,22494.73046875,2162.464111328125,5896.7998046875,60461.0,12334.2998046875,4595.2001953125
2012-12-19,1435.81005859375,3044.360107421875,5961.60009765625,7668.5,3664.590087890625,10160.400390625,22623.369140625,2162.239013671875,5929.60009765625,60998.0,12403.599609375,4617.7998046875
2012-12-20,1443.68994140625,3050.389892578125,5958.2998046875,7672.10009765625,3666.72998046875,10039.330078125,22659.779296875,2168.35302734375,5916.39990234375,61276.0,12388.7001953125,4634.10009765625
2012-12-21,1430.1500244140625,3021.010009765625,5940.0,7636.22998046875,3661.39990234375,9940.0595703125,22506.2890625,2153.31005859375,5847.7001953125,61007.0,12385.7001953125,4623.60009765625
2012-12-24,1426.6600341796875,3012.60009765625,5954.2001953125,,,,22541.1796875,2159.052978515625,5855.75,,12370.7998046875,4635.2001953125
2012-12-25,,,,,,10080.1201171875,,2213.611083984375,,,,
2012-12-26,1419.8299560546875,2990.159912109375,,,,10230.3603515625,,2219.132080078125,5905.60009765625,60960.0,,
2012-12-27,1418.0999755859375,2985.909912109375,5954.2998046875,7655.8798828125,3674.260009765625,10322.98046875,22619.779296875,2205.89697265625,5870.10009765625,60416.0,12373.7998046875,4648.0
2012-12-28,1402.4300537109375,2960.31005859375,5925.39990234375,7612.39013671875,3620.25,10395.1796875,22666.58984375,2233.251953125,5908.35009765625,60952.0,12316.099609375,4671.2998046875
2012-12-31,1426.18994140625,3019.510009765625,5897.7998046875,,,,22656.919921875,2269.1279296875,5905.10009765625,,12433.5,4649.0
2013-01-02,1462.4200439453125,3112.260009765625,6027.39990234375,7778.77978515625,3733.929931640625,,23311.98046875,,5993.25,62550.0,12540.7998046875,4705.89990234375
2013-01-03,1459.3699951171875,3100.570068359375,6047.2998046875,7756.43994140625,3721.169921875,,23398.599609375,,6009.5,63312.0,12470.400390625,4740.7001953125
2013-01-04,1466.469970703125,3101.659912109375,6089.7998046875,7776.3701171875,3730.02001953125,10688.1103515625,23331.08984375,2276.991943359375,6016.14990234375,62523.0,12540.7998046875,4723.7998046875
2013-01-07,1461.8900146484375,3098.81005859375,6064.60009765625,7732.66015625,3704.639892578125,10599.009765625,23329.75,2285.364013671875,5988.39990234375,61933.0,12499.599609375,4717.2998046875
2013-01-08,1457.1500244140625,3091.81005859375,6053.60009765625,7695.830078125,3705.8798828125,10508.0595703125,23111.189453125,2276.070068359375,6001.7001953125,61128.0,12504.7998046875,4690.2998046875
2013-01-09,1461.02001953125,3105.81005859375,6098.7001953125,7720.47021484375,3717.449951171875,10578.5703125,23218.470703125,2275.340087890625,5971.5,61579.0,12522.2001953125,4708.10009765625
2013-01-10,1472.1199951171875,3121.760009765625,6101.5,7708.47021484375,3703.1201171875,10652.6396484375,23354.310546875,2283.656982421875,5968.64990234375,61678.0,12599.7001953125,4723.0
2013-01-11,1472.050048828125,3125.6298828125,6121.60009765625,7715.52978515625,3706.02001953125,10801.5703125,23264.0703125,2242.9970703125,5951.2998046875,61497.0,12602.2001953125,4709.5
2013-01-14,1470.6800537109375,3117.5,6107.89990234375,7729.52001953125,3708.25,,23413.259765625,2311.739990234375,6024.0498046875,62081.0,12603.099609375,4719.7001953125
2013-01-15,1472.3399658203125,3110.780029296875,6117.2998046875,7675.91015625,3697.35009765625,10879.080078125,23381.509765625,2325.681884765625,6056.60009765625,61728.0,12642.0,4716.60009765625
2013-01-16,1472.6300048828125,3117.5400390625,6104.0,7691.1298828125,3708.489990234375,10600.4404296875,23356.990234375,2309.4990234375,6001.85009765625,61787.0,12608.7998046875,4738.39990234375
2013-01-17,1480.93994140625,3136.0,6132.39990234375,7735.4599609375,3744.110107421875,10609.6396484375,23339.759765625,2284.908935546875,6039.2001953125,62194.0,12674.7001953125,4756.60009765625
2013-01-18,1485.97998046875,3134.7099609375,6154.39990234375,7702.22998046875,3741.580078125,10913.2998046875,23601.779296875,2317.070068359375,6064.39990234375,61956.0,12725.7001953125,4771.2001953125
2013-01-21,,,6181.0,7748.85986328125,3763.030029296875,10747.740234375,23590.91015625,2328.220947265625,6082.2998046875,61900.0,12794.2998046875,4777.5
2013-01-22,1492.56005859375,3143.179931640625,6179.2001953125,7696.2099609375,3741.010009765625,10709.9296875,23658.990234375,2315.138916015625,6048.5,61692.0,12824.599609375,4779.10009765625
2013-01-23,1494.81005859375,3153.669921875,6197.60009765625,7707.5400390625,3726.169921875,10486.990234375,23635.099609375,2320.910888671875,6054.2998046875,61966.0,12794.099609375,4787.7998046875
2013-01-24,1494.8199462890625,3130.3798828125,6264.89990234375,7748.1298828125,3752.169921875,10620.8701171875,23598.900390625,2302.597900390625,6019.35009765625,61170.0,12823.599609375,4810.2001953125
2013-01-25,1502.9599609375,3149.7099609375,6284.5,7857.97021484375,3778.159912109375,10926.650390625,23580.4296875,2291.303955078125,6074.64990234375,,12816.599609375,4835.2001953125
2013-01-28,1500.1800537109375,3154.300048828125,6294.39990234375,7833.0,3780.889892578125,10824.3095703125,23671.880859375,2346.5048828125,6074.7998046875,60027.0,12815.900390625,
2013-01-29,1507.8399658203125,3153.659912109375,6339.2001953125,7848.56982421875,3785.820068359375,10866.7197265625,23655.169921875,2358.97705078125,6049.89990234375,60406.0,12830.599609375,4889.0
2013-01-30,1501.9599609375,3142.31005859375,6323.10009765625,7811.31005859375,3765.52001953125,11113.9501953125,23822.060546875,2382.47509765625,6055.75,59337.0,12794.400390625,4896.7001953125
2013-01-31,1498.1099853515625,3142.1298828125,6276.89990234375,7776.0498046875,3732.60009765625,11138.66015625,23729.529296875,2385.422119140625,6034.75,59761.0,12685.2001953125,4878.7998046875
2013-02-01,1513.1700439453125,3179.10009765625,6347.2001953125,7833.39013671875,3773.530029296875,11191.33984375,23721.83984375,2419.02001953125,5998.89990234375,60351.0,12768.7998046875,4921.10009765625
2013-02-04,1495.7099609375,3131.169921875,6246.7998046875,7638.22998046875,3659.909912109375,11260.349609375,23685.009765625,2428.154052734375,5987.25,59576.0,12717.599609375,4907.5
2013-02-05,1511.2900390625,3171.580078125,6282.7998046875,7664.66015625,3694.699951171875,11046.919921875,23148.529296875,2433.1298828125,5956.89990234375,59445.0,12745.7001953125,4882.7001953125
2013-02-06,1512.1199951171875,3168.47998046875,6295.2998046875,7581.18017578125,3642.89990234375,11463.75,23256.9296875,2434.47705078125,5959.2001953125,58951.0,12761.599609375,4921.0
2013-02-07,1509.3900146484375,3165.1298828125,6228.39990234375,7590.85009765625,3601.050048828125,11357.0703125,23177.0,2418.530029296875,5938.7998046875,58372.0,12755.900390625,4935.7001953125
2013-02-08,1517.9300537109375,3193.8701171875,6263.89990234375,7652.14013671875,3649.5,11153.16015625,23215.16015625,2432.402099609375,5903.5,58498.0,12801.2001953125,4971.2998046875
2013-02-11,1517.010009765625,3192.0,6277.10009765625,7633.740234375,3650.580078125,,,,5897.85009765625,,12748.2001953125,4959.5
2013-02-12,1519.4300537109375,3186.489990234375,6338.39990234375,7660.18994140625,3686.580078125,11369.1201171875,,,5922.5,,12789.0,4959.0
2013-02-13,1520.3299560546875,3196.8798828125,6359.10009765625,7711.89013671875,3698.530029296875,11251.41015625,,,5932.9501953125,58406.0,12775.2998046875,5003.7001953125
2013-02-14,1521.3800048828125,3198.659912109375,6327.39990234375,7631.18994140625,3669.60009765625,11307.2802734375,23413.25,,5896.9501953125,58077.0,12721.7998046875,5036.89990234375
2013-02-15,1519.7900390625,3192.030029296875,6328.2998046875,7593.509765625,3660.3701171875,11173.830078125,23444.560546875,,5887.39990234375,57903.0,12686.599609375,5033.89990234375
2013-02-18,,,6318.2001953125,7628.72998046875,3667.0400390625,11407.8701171875,23381.939453125,2421.55810546875,5898.2001953125,57614.0,,5063.39990234375
2013-02-19,1530.93994140625,3213.590087890625,6379.10009765625,7752.4501953125,3735.820068359375,11372.33984375,23143.91015625,2382.9140625,5939.7001953125,57314.0,12810.2001953125,5081.89990234375
2013-02-20,1511.949951171875,3164.409912109375,6395.39990234375,7728.89990234375,3709.8798828125,11468.2802734375,23307.41015625,2397.177978515625,5943.0498046875,56178.0,12714.099609375,5098.7001953125
2013-02-21,1502.4200439453125,3131.489990234375,6291.5,7583.56982421875,3624.800048828125,11309.1298828125,22906.669921875,2325.950927734375,5852.25,56155.0,12640.0,4980.10009765625
2013-02-22,1515.5999755859375,3161.820068359375,6335.7001953125,7661.91015625,3706.280029296875,11385.9404296875,22782.439453125,2314.1640625,5850.2998046875,56697.0,12701.599609375,5018.10009765625
2013-02-25,1487.8499755859375,3116.25,6355.39990234375,7773.18994140625,3721.330078125,11662.51953125,22820.080078125,2325.819091796875,5854.75,56618.0,12650.900390625,5055.7998046875
2013-02-26,1496.93994140625,3129.64990234375,6270.39990234375,7597.10986328125,3621.919921875,11398.8095703125,22519.689453125,2293.341064453125,5761.35009765625,56949.0,12660.400390625,5003.60009765625
2013-02-27,1515.989990234375,3162.260009765625,6325.89990234375,7675.830078125,3691.489990234375,11253.9697265625,22577.009765625,2313.219970703125,5796.89990234375,57274.0,12732.400390625,5036.60009765625
2013-02-28,1514.6800537109375,3160.18994140625,6360.7998046875,7741.7001953125,3723.0,11559.3603515625,23020.26953125,2365.593017578125,5693.0498046875,57424.0,12821.7998046875,5104.10009765625
2013-03-01,1518.199951171875,3169.739990234375,6378.60009765625,7708.16015625,3699.909912109375,11606.3798828125,22880.220703125,2359.506103515625,5719.7001953125,56884.0,12773.099609375,5086.10009765625
2013-03-04,1525.199951171875,3182.030029296875,6345.60009765625,7691.68017578125,3709.760009765625,11652.2900390625,22537.810546875,2273.404052734375,5698.5,56499.0,12707.400390625,5010.5
2013-03-05,1539.7900390625,3224.1298828125,6432.0,7870.31005859375,3787.18994140625,11683.4501953125,22560.5,2326.305908203125,5784.25,55951.0,12736.0,5075.39990234375
2013-03-06,1541.4599609375,3222.3701171875,6427.60009765625,7919.330078125,3773.760009765625,11932.26953125,22777.83984375,2347.178955078125,5818.60009765625,57940.0,12832.0,5116.7998046875
2013-03-07,1544.260009765625,3232.090087890625,6439.2001953125,7939.77001953125,3793.780029296875,11968.080078125,22771.439453125,2324.29296875,5863.2998046875,58847.0,12826.5,5109.2001953125
2013-03-08,1551.1800537109375,3244.3701171875,6483.60009765625,7986.47021484375,3840.14990234375,12283.6201171875,23091.94921875,2318.611083984375,5945.7001953125,58433.0,12835.599609375,5123.39990234375
2013-03-11,1556.219970703125,3252.8701171875,6503.60009765625,7984.2900390625,3836.27001953125,12349.0498046875,23090.8203125,2310.593017578125,5942.35009765625,58545.0,12858.5,5146.89990234375
2013-03-12,1552.47998046875,3242.320068359375,6510.60009765625,7966.1201171875,3839.969970703125,12314.8095703125,22890.599609375,2286.60498046875,5914.10009765625,58209.0,12878.599609375,5117.89990234375
2013-03-13,1554.52001953125,3245.1201171875,6481.5,7970.91015625,3836.0400390625,12239.66015625,22556.650390625,2263.968017578125,5851.2001953125,57386.0,12744.099609375,5092.39990234375
2013-03-14,1563.22998046875,3258.929931640625,6529.39990234375,8058.3701171875,3871.580078125,12381.1904296875,22619.1796875,2270.277099609375,5908.9501953125,57281.0,12799.900390625,5032.2001953125
2013-03-15,1560.699951171875,3249.070068359375,6489.7001953125,8042.85009765625,3844.030029296875,12560.9501953125,22533.109375,2278.40087890625,5872.60009765625,56869.0,12830.0,5120.2001953125
2013-03-18,1552.0999755859375,3237.590087890625,6457.89990234375,8010.7001953125,3825.469970703125,12220.6298828125,22083.359375,2240.01611328125,5835.25,56973.0,12781.7998046875,5015.39990234375
2013-03-19,1548.3399658203125,3229.10009765625,6441.2998046875,7947.7900390625,3775.75,12468.23046875,22041.859375,2257.43408203125,5745.9501953125,56361.0,12773.900390625,4987.39990234375
2013-03-20,1558.7099609375,3254.18994140625,6432.7001953125,8001.97021484375,3829.56005859375,,22256.439453125,2317.375,5694.39990234375,56030.0,12826.599609375,4967.39990234375
2013-03-21,1545.800048828125,3222.60009765625,6388.60009765625,7932.509765625,3774.85009765625,12635.6904296875,22225.880859375,2324.241943359375,5658.75,55577.0,12747.900390625,4959.39990234375
2013-03-22,1556.8900146484375,3245.0,6392.7998046875,7911.35009765625,3770.2900390625,12338.5302734375,22115.30078125,2328.278076171875,5651.35009765625,55243.0,12757.400390625,4967.2998046875
2013-03-25,1551.68994140625,3235.300048828125,6378.39990234375,7870.89990234375,3727.97998046875,12546.4599609375,22251.150390625,2326.715087890625,5633.85009765625,54873.0,12680.7001953125,4990.2001953125
2013-03-26,1563.77001953125,3252.47998046875,6399.39990234375,7879.669921875,3748.639892578125,12471.6201171875,22311.080078125,2297.6689453125,5641.60009765625,55671.0,12706.400390625,4950.2001953125
2013-03-27,1562.8499755859375,3256.52001953125,6387.60009765625,7789.08984375,3711.639892578125,12493.7900390625,22464.8203125,2301.260009765625,,56034.0,12699.7001953125,4995.0
2013-03-28,1569.18994140625,3267.52001953125,6411.7001953125,7795.31005859375,3731.419921875,12335.9599609375,22299.630859375,2236.302001953125,5682.5498046875,56352.0,12749.900390625,4966.5
2013-03-29,,,,,,12397.91015625,,2236.62109375,,,,
2013-04-01,1562.1700439453125,3239.169921875,,,,12135.01953125,,2234.39501953125,5704.39990234375,55902.0,12695.099609375,
2013-04-02,1570.25,3254.860107421875,6490.7001953125,7943.8701171875,3805.3701171875,12003.4296875,22367.8203125,2227.739990234375,5748.10009765625,54889.0,12682.099609375,4985.5
2013-04-03,1553.68994140625,3218.60009765625,6420.2998046875,7874.75,3754.9599609375,12362.2001953125,22337.490234375,2225.294921875,5672.89990234375,55563.0,12422.099609375,4957.7001953125
2013-04-04,1559.97998046875,3224.97998046875,6344.10009765625,7817.39013671875,3726.159912109375,12634.5400390625,,,5574.75,54648.0,12363.099609375,4913.5
2013-04-05,1553.280029296875,3203.860107421875,6249.7998046875,7658.75,3663.47998046875,12833.6396484375,21726.900390625,,5553.25,55051.0,12331.900390625,4891.39990234375
2013-04-08,1563.0699462890625,3222.25,6276.89990234375,7662.64013671875,3666.780029296875,13192.58984375,21718.05078125,2211.592041015625,5542.9501953125,55092.0,12344.599609375,4905.5
2013-04-09,1568.6099853515625,3237.860107421875,6313.2001953125,7637.509765625,3670.719970703125,13192.349609375,21870.33984375,2225.77392578125,5495.10009765625,55912.0,12484.099609375,4976.7998046875
2013-04-10,1587.72998046875,3297.25,6387.39990234375,7810.6298828125,3743.7099609375,13288.1298828125,22034.560546875,2226.1259765625,5558.7001953125,56187.0,12534.900390625,4968.0
2013-04-11,1593.3699951171875,3300.159912109375,6416.10009765625,7871.6298828125,3775.659912109375,13549.16015625,22101.26953125,2219.552978515625,5594.0,55401.0,12481.400390625,5007.10009765625
2013-04-12,1588.8499755859375,3294.949951171875,6384.39990234375,7744.77001953125,3729.300048828125,13485.1396484375,22089.05078125,2206.780029296875,5528.5498046875,54963.0,12337.599609375,5013.5
2013-04-15,1552.3599853515625,3216.489990234375,6343.60009765625,7712.6298828125,3710.47998046875,13275.66015625,21772.669921875,2181.94091796875,5568.39990234375,52950.0,12004.900390625,4967.89990234375
2013-04-16,1574.5699462890625,3264.6298828125,6304.60009765625,7682.580078125,3685.7900390625,13221.4404296875,21672.029296875,2194.844970703125,5688.9501953125,53991.0,12119.900390625,4950.7998046875
2013-04-17,1552.010009765625,3204.669921875,6244.2001953125,7503.02978515625,3599.22998046875,13382.8896484375,21569.669921875,2193.7958984375,5688.7001953125,52882.0,11947.2998046875,5004.60009765625
2013-04-18,1541.6099853515625,3166.360107421875,6243.7001953125,7473.72998046875,3599.360107421875,13220.0703125,21512.51953125,2197.60205078125,5783.10009765625,53166.0,11996.2998046875,4924.39990234375
2013-04-19,1555.25,3206.06005859375,6286.60009765625,7459.9599609375,3651.9599609375,13316.48046875,22013.5703125,2244.64306640625,,53929.0,12065.599609375,4931.89990234375
2013-04-22,1562.5,3233.550048828125,6280.60009765625,7478.10986328125,3652.1298828125,13568.3701171875,22044.369140625,2242.1689453125,5834.39990234375,54298.0,12090.7001953125,4966.60009765625
2013-04-23,1578.780029296875,3269.330078125,6406.10009765625,7658.2099609375,3783.050048828125,13529.650390625,21806.609375,2184.5380859375,5836.89990234375,54885.0,12090.900390625,5016.2001953125
2013-04-24,1578.7900390625,3269.64990234375,6431.7998046875,7759.02978515625,3842.93994140625,13843.4599609375,22183.05078125,2218.318115234375,,54984.0,12270.400390625,5102.39990234375
2013-04-25,1585.1600341796875,3289.989990234375,6442.60009765625,7832.85986328125,3840.469970703125,13926.080078125,22401.240234375,2199.306884765625,5916.2998046875,54963.0,12329.5,
2013-04-26,1582.239990234375,3279.260009765625,6426.39990234375,7814.759765625,3810.050048828125,13884.1298828125,22547.7109375,2177.912109375,5871.4501953125,54252.0,12220.2001953125,5097.5
2013-04-29,1593.6099853515625,3307.02001953125,6458.0,7873.5,3868.679931640625,,22580.76953125,,5904.10009765625,54887.0,12312.7001953125,5125.7998046875
2013-04-30,1597.5699462890625,3328.7900390625,6430.10009765625,7913.7099609375,3856.75,13860.8603515625,22737.009765625,,5930.2001953125,55910.0,12456.5,5191.2001953125
2013-05-01,1582.699951171875,3299.1298828125,6451.2998046875,,,13799.349609375,,,,,12321.2998046875,5166.2001953125
2013-05-02,1597.5899658203125,3340.6201171875,6460.7001953125,7961.7099609375,3858.760009765625,13694.0400390625,22668.30078125,2174.123046875,5999.35009765625,55322.0,12379.599609375,5130.0
2013-05-03,1614.4200439453125,3378.6298828125,6521.5,8122.2900390625,3912.949951171875,,22689.9609375,2205.4970703125,5944.0,55488.0,12438.0,5129.5
2013-05-06,1617.5,3392.969970703125,,8112.080078125,3907.0400390625,,22915.08984375,2231.166015625,5971.0498046875,55430.0,12453.900390625,5156.2001953125
2013-05-07,1625.9599609375,3396.6298828125,6557.2998046875,8181.77978515625,3921.320068359375,14180.240234375,23047.08984375,2235.574951171875,6043.5498046875,56275.0,12464.099609375,5143.7001953125
2013-05-08,1632.68994140625,3413.27001953125,6583.5,8249.7099609375,3956.280029296875,14285.6904296875,23244.349609375,2246.300048828125,6069.2998046875,55805.0,12585.0,5199.7998046875
2013-05-09,1626.6700439453125,3409.169921875,6592.7001953125,8262.5498046875,3928.580078125,14191.48046875,23211.48046875,2232.970947265625,6050.14990234375,55448.0,12543.900390625,5198.39990234375
2013-05-10,1633.699951171875,3436.580078125,6625.0,8278.58984375,3953.830078125,14607.5400390625,23321.220703125,2246.8310546875,6094.75,55108.0,12589.099609375,5206.10009765625
2013-05-13,1633.77001953125,3438.7900390625,6631.7998046875,8279.2900390625,3945.199951171875,14782.2099609375,22989.810546875,2241.919921875,5980.4501953125,54448.0,12529.5,5210.2998046875
2013-05-14,1650.3399658203125,3462.610107421875,6686.10009765625,8339.1103515625,3966.06005859375,14758.419921875,22930.279296875,2217.010009765625,5995.39990234375,54667.0,12577.0,5221.0
2013-05-15,1658.780029296875,3471.6201171875,6693.60009765625,8362.419921875,3982.22998046875,15096.0302734375,23044.240234375,2224.797119140625,6146.75,54936.0,12473.7001953125,5191.7001953125
2013-05-16,1650.469970703125,3465.239990234375,6687.7998046875,8369.8701171875,3979.070068359375,15037.240234375,23082.6796875,2251.804931640625,6169.89990234375,54773.0,12507.599609375,5165.7001953125
2013-05-17,1667.469970703125,3498.969970703125,6723.10009765625,8398.0,4001.27001953125,15138.1201171875,,2282.8701171875,6187.2998046875,55164.0,12613.0,5180.7998046875
2013-05-20,1666.2900390625,3496.429931640625,6755.60009765625,8455.830078125,4022.85009765625,15360.8095703125,23493.029296875,2299.986083984375,6156.89990234375,55701.0,,5209.0
2013-05-21,1669.1600341796875,3502.1201171875,6803.89990234375,8472.2001953125,4036.179931640625,15381.01953125,23366.369140625,2305.114013671875,6114.10009765625,56265.0,12742.400390625,5180.10009765625
2013-05-22,1655.3499755859375,3463.300048828125,6840.2998046875,8530.8896484375,4051.110107421875,15627.259765625,23261.080078125,2302.403076171875,6094.5,56429.0,12752.5,5165.39990234375
2013-05-23,1650.510009765625,3459.419921875,6696.7998046875,8351.98046875,3967.14990234375,14483.98046875,22669.6796875,2275.6669921875,5967.0498046875,56350.0,12658.099609375,5062.39990234375
2013-05-24,1649.5999755859375,3459.139892578125,6654.2998046875,8305.3203125,3956.7900390625,14612.4501953125,22618.669921875,2288.531982421875,5983.5498046875,56406.0,12667.2001953125,4983.5
2013-05-27,,,,8383.2998046875,3995.159912109375,14142.650390625,22686.05078125,2293.076904296875,6083.14990234375,56396.0,12696.400390625,4959.89990234375
2013-05-28,1660.06005859375,3488.889892578125,6762.0,8480.8701171875,4050.56005859375,14311.98046875,22924.25,2321.318115234375,6111.25,56036.0,12750.5,4970.7001953125
2013-05-29,1648.3599853515625,3467.52001953125,6627.2001953125,8336.580078125,3974.1201171875,14326.4599609375,22554.9296875,2324.01708984375,6104.2998046875,54635.0,12732.599609375,4974.7001953125
2013-05-30,1654.4100341796875,3491.300048828125,6657.0,8400.2001953125,3996.31005859375,13589.0302734375,22484.310546875,2317.7490234375,6124.0498046875,,12746.5,4930.7001953125
2013-05-31,1630.739990234375,3455.909912109375,6583.10009765625,8348.83984375,3948.590087890625,13774.5400390625,22392.16015625,2300.594970703125,5985.9501953125,53506.0,12650.400390625,4926.60009765625
2013-06-03,1640.4200439453125,3465.3701171875,6525.10009765625,8285.7998046875,3920.669921875,13261.8203125,22282.189453125,2299.251953125,5939.2998046875,53944.0,12609.7998046875,4888.2998046875
2013-06-04,1631.3800048828125,3445.260009765625,6558.60009765625,8295.9599609375,3925.830078125,13533.759765625,22285.51953125,2272.4169921875,5919.4501953125,54018.0,12594.0,4900.7998046875
2013-06-05,1608.9000244140625,3401.47998046875,6419.2998046875,8196.1796875,3852.43994140625,13014.8701171875,22069.240234375,2270.929931640625,5923.85009765625,52799.0,12443.7001953125,4835.2001953125
2013-06-06,1622.56005859375,3424.050048828125,6336.10009765625,8098.81005859375,3814.280029296875,12904.01953125,21838.4296875,2242.110107421875,5921.39990234375,52885.0,12409.2998046875,4781.2001953125
2013-06-07,1643.3800048828125,3469.219970703125,6412.0,8254.6796875,3872.590087890625,12877.5302734375,21575.259765625,2210.89794921875,5881.0,51619.0,12373.2998046875,4737.7001953125
2013-06-10,1642.81005859375,3473.77001953125,6400.5,8307.6904296875,3864.360107421875,13514.2001953125,21615.08984375,,5878.0,51317.0,12382.7001953125,
2013-06-11,1626.1300048828125,3436.949951171875,6340.10009765625,8222.4599609375,3810.56005859375,13317.6201171875,21354.66015625,,5788.7998046875,49770.0,12223.599609375,4757.10009765625
2013-06-12,1612.52001953125,3400.429931640625,6299.5,8143.27001953125,3793.699951171875,13289.3203125,,,5760.2001953125,49181.0,12109.900390625,4724.5
2013-06-13,1636.3599853515625,3445.360107421875,6304.60009765625,8095.39013671875,3797.97998046875,12445.3798828125,20887.0390625,2148.35498046875,5699.10009765625,50415.0,12277.099609375,4695.7998046875
2013-06-14,1626.72998046875,3423.56005859375,6308.2998046875,8127.9599609375,3805.159912109375,12686.51953125,20969.140625,2162.041015625,5808.39990234375,49332.0,12187.400390625,4791.7998046875
2013-06-17,1639.0400390625,3452.1298828125,6330.5,8215.73046875,3863.659912109375,13033.1201171875,21225.900390625,2156.215087890625,5850.0498046875,49089.0,12288.900390625,4825.89990234375
2013-06-18,1651.81005859375,3482.179931640625,6374.2001953125,8229.509765625,3860.550048828125,13007.2802734375,21225.880859375,2159.291015625,5813.60009765625,49465.0,12367.5,4814.39990234375
2013-06-19,1628.9300537109375,3443.199951171875,6348.7998046875,8197.080078125,3839.340087890625,13245.2197265625,20986.890625,2143.4541015625,5822.25,47893.0,12268.2998046875,4861.39990234375
2013-06-20,1588.18994140625,3364.639892578125,6159.5,7928.47998046875,3698.929931640625,13014.580078125,20382.869140625,2084.02099609375,5655.89990234375,48214.0,11968.599609375,4758.39990234375
2013-06-21,1592.4300537109375,3357.25,6116.2001953125,7789.240234375,3658.0400390625,13230.1298828125,20263.310546875,2073.094970703125,5667.64990234375,47056.0,11995.7001953125,4738.7998046875
2013-06-24,1573.0899658203125,3320.760009765625,6029.10009765625,7692.4501953125,3595.6298828125,13062.7802734375,19813.98046875,1963.2349853515625,5590.25,45965.0,11836.900390625,4669.10009765625
2013-06-25,1588.030029296875,3347.889892578125,6101.89990234375,7811.2998046875,3649.820068359375,12969.33984375,19855.720703125,1959.508056640625,5609.10009765625,46893.0,12005.400390625,4656.0
2013-06-26,1603.260009765625,3376.219970703125,6165.5,7940.990234375,3726.0400390625,12834.009765625,20338.55078125,1951.4949951171875,5588.7001953125,47172.0,11951.900390625,4731.7001953125
2013-06-27,1613.199951171875,3401.860107421875,6243.39990234375,7990.75,3762.18994140625,13213.5498046875,20440.080078125,1950.011962890625,5682.35009765625,47609.0,12005.7998046875,4811.2998046875
2013-06-28,1606.280029296875,3403.25,6215.5,7959.22021484375,3738.909912109375,13677.3203125,20803.2890625,1979.2060546875,5842.2001953125,47457.0,12129.099609375,4802.60009765625
2013-07-01,1614.9599609375,3434.489990234375,6307.7998046875,7983.919921875,3767.47998046875,13852.5,,1995.241943359375,5898.85009765625,47230.0,,4710.2998046875
2013-07-02,1614.0799560546875,3433.39990234375,6303.89990234375,7910.77001953125,3742.570068359375,14098.740234375,20658.650390625,2006.56005859375,5857.5498046875,45229.0,12178.400390625,4834.0
2013-07-03,1615.4100341796875,3443.669921875,6229.89990234375,7829.31982421875,3702.010009765625,14055.5595703125,20147.310546875,1994.2679443359373,5770.89990234375,45044.0,12145.7001953125,4744.10009765625
2013-07-04,,,6421.7001953125,7994.31005859375,3809.31005859375,14018.9296875,20468.669921875,2006.0980224609373,5836.9501953125,45763.0,12166.7001953125,4794.7001953125
2013-07-05,1631.8900146484375,3479.3798828125,6375.5,7806.0,3753.85009765625,14309.9697265625,20854.669921875,2007.198974609375,5867.89990234375,45210.0,12134.900390625,4841.7001953125
2013-07-08,1640.4599609375,3484.830078125,6450.10009765625,7968.5400390625,3823.830078125,14109.33984375,20582.189453125,1958.27294921875,5811.5498046875,45076.0,12208.900390625,4809.5
2013-07-09,1652.3199462890625,3504.260009765625,6513.10009765625,8057.75,3843.56005859375,14472.900390625,20683.009765625,1965.4539794921875,5859.0,,12297.099609375,4881.7001953125
2013-07-10,1652.6199951171875,3520.760009765625,6505.0,8066.47998046875,3840.530029296875,14416.599609375,20904.560546875,2008.1259765625,5816.7001953125,45483.0,12306.900390625,4901.39990234375
2013-07-11,1675.02001953125,3578.300048828125,6543.39990234375,8158.7998046875,3868.97998046875,14472.580078125,21437.490234375,2072.990966796875,5935.10009765625,46626.0,12493.2998046875,4965.7001953125
2013-07-12,1680.18994140625,3600.080078125,6544.89990234375,8212.76953125,3855.090087890625,14506.25,21277.279296875,2039.4859619140625,6009.0,45533.0,12462.2001953125,4973.89990234375
2013-07-15,1682.5,3607.489990234375,6586.10009765625,8234.8095703125,3878.580078125,,21303.310546875,2059.389892578125,6030.7998046875,46739.0,12528.2998046875,4981.10009765625
2013-07-16,1676.260009765625,3598.5,6556.39990234375,8201.0498046875,3851.030029296875,14599.1201171875,21312.380859375,2065.719970703125,5955.25,46869.0,12516.900390625,4986.0
2013-07-17,1680.9100341796875,3610.0,6571.89990234375,8254.7197265625,3872.02001953125,14615.0400390625,21371.869140625,2044.9219970703125,5973.2998046875,47407.0,12568.7998046875,4981.7001953125
2013-07-18,1689.3699951171875,3611.280029296875,6634.39990234375,8337.08984375,3927.7900390625,14808.5,21345.220703125,2023.39599609375,6038.0498046875,47657.0,12628.7998046875,4993.39990234375
2013-07-19,1692.0899658203125,3587.610107421875,6630.7001953125,8331.5703125,3925.320068359375,14589.91015625,21362.419921875,1992.64794921875,6029.2001953125,47400.0,12685.099609375,4972.10009765625
2013-07-22,1695.530029296875,3600.389892578125,6623.2001953125,8331.0595703125,3939.919921875,14658.0400390625,21416.5,2004.761962890625,6031.7998046875,48574.0,12758.400390625,5001.89990234375
2013-07-23,1692.3900146484375,3579.27001953125,6597.39990234375,8314.23046875,3923.090087890625,14778.509765625,21915.419921875,2043.8759765625,6077.7998046875,48820.0,12745.400390625,5017.10009765625
2013-07-24,1685.93994140625,3579.60009765625,6620.39990234375,8379.1103515625,3962.75,14731.2802734375,21968.9296875,2033.3289794921875,5990.5,48374.0,12672.2998046875,5035.10009765625
2013-07-25,1690.25,3605.18994140625,6588.0,8298.98046875,3956.02001953125,14562.9296875,21900.9609375,2021.1739501953125,5907.5,49067.0,12669.099609375,5035.60009765625
2013-07-26,1691.6500244140625,3613.159912109375,6554.7998046875,8244.91015625,3968.840087890625,14129.98046875,21968.94921875,2010.8499755859373,5886.2001953125,49422.0,12647.900390625,5042.0
2013-07-29,1685.3299560546875,3599.139892578125,6560.2998046875,8259.0302734375,3968.909912109375,13661.1298828125,21850.150390625,1976.3060302734373,5831.64990234375,49212.0,12669.0,5046.2998046875
2013-07-30,1685.9599609375,3616.469970703125,6571.0,8271.01953125,3986.610107421875,13869.8203125,21953.9609375,1990.06396484375,5755.0498046875,48562.0,12581.7998046875,5047.2001953125
2013-07-31,1685.72998046875,3626.3701171875,6621.10009765625,8275.9697265625,3992.68994140625,13668.3203125,21883.66015625,1993.7989501953125,5742.0,48234.0,12486.599609375,5052.0
2013-08-01,1706.8699951171875,3675.739990234375,6682.0,8410.73046875,4042.72998046875,14005.76953125,22088.7890625,2029.0670166015625,5727.85009765625,49141.0,12594.0,5061.5
2013-08-02,1709.6700439453125,3689.590087890625,6647.89990234375,8406.9404296875,4045.64990234375,14466.16015625,22190.970703125,2029.41796875,5677.89990234375,48474.0,12603.2998046875,5116.7998046875
2013-08-05,1707.1400146484375,3692.949951171875,6619.60009765625,8398.3798828125,4049.969970703125,14258.0400390625,22222.009765625,2050.48095703125,5685.39990234375,48436.0,,5111.2998046875
2013-08-06,1697.3699951171875,3665.77001953125,6604.2001953125,8299.73046875,4032.570068359375,14401.0595703125,21923.69921875,2060.5,5542.25,47422.0,12469.2998046875,5105.60009765625
2013-08-07,1690.9100341796875,3654.010009765625,6511.2001953125,8260.48046875,4038.489990234375,13824.9404296875,21588.83984375,2046.7779541015625,5519.10009765625,47447.0,12412.7001953125,5011.2998046875
2013-08-08,1697.47998046875,3669.1201171875,6529.7001953125,8318.3203125,4064.320068359375,13605.5595703125,21655.880859375,2044.89501953125,5565.64990234375,48929.0,12552.900390625,5064.7998046875
2013-08-09,1691.4200439453125,3660.110107421875,6583.39990234375,8338.3095703125,4076.550048828125,13615.1904296875,21807.560546875,2052.235107421875,,49875.0,12542.099609375,5055.2001953125
2013-08-12,1689.469970703125,3669.949951171875,6574.2998046875,8359.25,4071.679931640625,13519.4296875,22271.279296875,2101.282958984375,5612.39990234375,50299.0,12594.2998046875,5108.7001953125
2013-08-13,1694.1600341796875,3684.43994140625,6611.89990234375,8415.759765625,4092.5,13867.0,22541.130859375,2106.156005859375,5699.2998046875,50601.0,12642.2001953125,5157.7001953125
2013-08-14,1685.3900146484375,3669.27001953125,6587.39990234375,8438.1201171875,4114.2001953125,14050.16015625,,2100.136962890625,5742.2998046875,50896.0,12639.2998046875,5157.39990234375
2013-08-15,1661.3199462890625,3606.1201171875,6483.2998046875,8376.2900390625,4093.199951171875,13752.9404296875,22539.25,2081.8798828125,,50908.0,12704.5,5152.39990234375
2013-08-16,1655.8299560546875,3602.780029296875,6500.0,8391.9404296875,4123.89013671875,13650.1103515625,22517.810546875,2068.451904296875,5507.85009765625,51539.0,12736.900390625,5113.89990234375
2013-08-19,1646.06005859375,3589.090087890625,6465.7001953125,8366.2900390625,4083.97998046875,13758.1298828125,22463.69921875,2085.60205078125,5414.75,51574.0,12588.0,5112.5
2013-08-20,1652.3499755859375,3613.590087890625,6453.5,8300.0302734375,4028.929931640625,13396.3798828125,21970.2890625,2072.594970703125,5401.4501953125,50507.0,12670.099609375,5078.2001953125
2013-08-21,1642.800048828125,3599.7900390625,6390.7998046875,8285.41015625,4015.090087890625,13424.330078125,21817.73046875,2072.9609375,5302.5498046875,50405.0,12573.099609375,5100.0
2013-08-22,1656.9599609375,3638.7099609375,6446.89990234375,8397.8896484375,4059.1201171875,13365.169921875,21895.400390625,2067.1240234375,5408.4501953125,51398.0,12674.400390625,5075.7001953125
2013-08-23,1663.5,3657.7900390625,6492.10009765625,8416.990234375,4069.469970703125,13660.5498046875,21863.509765625,2057.4580078125,5471.75,52197.0,12762.2998046875,5123.39990234375
2013-08-26,1656.780029296875,3657.570068359375,,8435.150390625,4067.1298828125,13636.2802734375,22005.3203125,2096.47412109375,5476.5,51429.0,12760.2998046875,5135.39990234375
2013-08-27,1630.47998046875,3578.52001953125,6441.0,8242.5595703125,3968.72998046875,13542.3701171875,21874.76953125,2103.56591796875,5287.4501953125,50092.0,12591.2001953125,5141.2001953125
2013-08-28,1634.9599609375,3593.35009765625,6430.10009765625,8157.89990234375,3960.4599609375,13338.4599609375,21524.650390625,2101.301025390625,5285.0,49867.0,12607.2001953125,5087.2001953125
2013-08-29,1638.1700439453125,3620.300048828125,6483.10009765625,8194.5498046875,3986.35009765625,13459.7099609375,21704.779296875,2097.22705078125,5409.0498046875,49922.0,12704.7001953125,5092.39990234375
2013-08-30,1632.969970703125,3589.8701171875,6412.89990234375,8103.14990234375,3933.780029296875,13388.8603515625,21731.369140625,2098.382080078125,5471.7998046875,50008.0,12653.900390625,5135.0
2013-09-02,,,6506.2001953125,8243.8701171875,4006.010009765625,13572.919921875,22175.33984375,2098.447998046875,5550.75,51835.0,,5188.2998046875
2013-09-03,1639.77001953125,3612.610107421875,6468.39990234375,8180.7099609375,3974.070068359375,13978.4404296875,22394.580078125,2123.112060546875,5341.4501953125,51626.0,12740.5,5196.60009765625
2013-09-04,1653.0799560546875,3649.0400390625,6474.7001953125,8195.919921875,3980.419921875,14053.8701171875,22326.220703125,2127.617919921875,5448.10009765625,51716.0,12757.7998046875,5161.60009765625
2013-09-05,1655.0799560546875,3658.780029296875,6532.39990234375,8234.98046875,4006.800048828125,14064.8203125,22597.970703125,2122.429931640625,5592.9501953125,52352.0,12845.099609375,5142.5
2013-09-06,1655.1700439453125,3660.010009765625,6547.2998046875,8275.669921875,4049.18994140625,13860.8095703125,22621.220703125,2139.992919921875,5680.39990234375,53749.0,12820.900390625,5145.0
2013-09-09,1671.7099609375,3706.179931640625,6530.7001953125,8276.3203125,4040.330078125,14205.23046875,22750.650390625,2212.51611328125,,54252.0,12854.599609375,5181.5
2013-09-10,1683.989990234375,3729.02001953125,6584.0,8446.5400390625,4116.64013671875,14423.3603515625,22976.650390625,2237.98388671875,5896.75,53979.0,12824.5,5201.2001953125
2013-09-11,1689.1300048828125,3725.010009765625,6588.39990234375,8495.73046875,4119.10986328125,14425.0703125,22937.140625,2241.26806640625,5913.14990234375,53570.0,12825.400390625,5234.39990234375
2013-09-12,1683.4200439453125,3715.969970703125,6589.0,8494.0,4106.6298828125,14387.26953125,22953.720703125,2255.60400390625,5850.7001953125,53307.0,12701.0,5242.5
2013-09-13,1687.989990234375,3722.179931640625,6583.7998046875,8509.419921875,4114.5,14404.669921875,22915.279296875,2236.217041015625,5850.60009765625,53798.0,12723.400390625,5219.60009765625
2013-09-16,1697.5999755859375,3717.85009765625,6622.89990234375,8613.0,4152.22021484375,,23252.41015625,2231.40087890625,5840.5498046875,53822.0,12816.900390625,5248.0
2013-09-17,1704.760009765625,3745.699951171875,6570.2001953125,8596.9501953125,4145.509765625,14311.669921875,23180.51953125,2185.56005859375,5850.2001953125,54271.0,12834.099609375,5251.2001953125
2013-09-18,1725.52001953125,3783.639892578125,6558.7998046875,8636.0595703125,4170.39990234375,14505.3603515625,23117.44921875,2191.85107421875,5899.4501953125,55703.0,12931.400390625,5238.10009765625
2013-09-19,1722.3399658203125,3789.3798828125,6625.39990234375,8694.1796875,4206.0400390625,14766.1796875,23502.509765625,,6115.5498046875,55096.0,12926.7998046875,5295.60009765625
2013-09-20,1709.9100341796875,3774.72998046875,6596.39990234375,8675.73046875,4203.66015625,14742.419921875,,,6012.10009765625,54110.0,12806.5,5276.7001953125
2013-09-23,1701.8399658203125,3765.2900390625,6557.39990234375,8635.2900390625,4172.080078125,,23371.5390625,2221.0439453125,5889.75,54602.0,12811.2001953125,5252.5
2013-09-24,1697.4200439453125,3768.25,6571.5,8664.599609375,4195.60986328125,14732.6103515625,23179.0390625,2207.531005859375,5892.4501953125,54431.0,12848.900390625,5234.2001953125
2013-09-25,1692.77001953125,3761.10009765625,6551.5,8665.6298828125,4195.35009765625,14620.5302734375,23209.630859375,2198.514892578125,5873.85009765625,54261.0,12836.7001953125,5275.89990234375
2013-09-26,1698.6700439453125,3787.429931640625,6565.60009765625,8664.099609375,4186.72021484375,14799.1201171875,23125.029296875,2155.80908203125,5882.25,53783.0,12841.599609375,5294.5
2013-09-27,1691.75,3781.590087890625,6512.7001953125,8661.509765625,4186.77001953125,14760.0703125,23207.0390625,2160.027099609375,5833.2001953125,53739.0,12844.099609375,5307.10009765625
2013-09-30,1681.550048828125,3771.47998046875,6462.2001953125,8594.400390625,4143.43994140625,14455.7998046875,22859.859375,2174.6650390625,5735.2998046875,52338.0,12787.2001953125,5218.89990234375
2013-10-01,1695.0,3817.97998046875,6460.0,8689.1396484375,4196.60009765625,14484.7197265625,,,5780.0498046875,53179.0,12847.400390625,5206.7998046875
2013-10-02,1693.8699951171875,3815.02001953125,6437.5,8629.419921875,4158.16015625,14170.490234375,22984.48046875,,,53100.0,12839.0,5215.60009765625
2013-10-03,1678.6600341796875,3774.340087890625,6449.0,,4127.97998046875,14157.25,23214.400390625,,5909.7001953125,52490.0,12735.099609375,5234.89990234375
2013-10-04,1690.5,3807.75,6453.89990234375,8622.9697265625,4164.25,14024.3095703125,23138.5390625,,5907.2998046875,52849.0,12758.7001953125,5208.0
2013-10-07,1676.1199951171875,3770.3798828125,6437.2998046875,8591.580078125,4165.580078125,13853.3203125,22973.94921875,,5906.14990234375,52417.0,12788.2998046875,5161.10009765625
2013-10-08,1655.449951171875,3694.830078125,6365.7998046875,8555.8896484375,4133.52978515625,13894.6103515625,23178.849609375,2198.198974609375,5928.39990234375,52312.0,12692.400390625,5149.39990234375
2013-10-09,1656.4000244140625,3677.780029296875,6337.89990234375,8516.6904296875,4127.0498046875,14037.83984375,23033.970703125,2211.76904296875,6007.4501953125,52548.0,12730.2998046875,5153.0
2013-10-10,1692.56005859375,3760.75,6430.5,8685.76953125,4218.10986328125,14194.7099609375,22951.30078125,2190.928955078125,6020.9501953125,52997.0,12894.400390625,5147.10009765625
2013-10-11,1703.199951171875,3791.8701171875,6487.2001953125,8724.830078125,4219.97998046875,14404.740234375,23218.3203125,2228.14599609375,6096.2001953125,53150.0,12892.099609375,5230.89990234375
2013-10-14,1710.1400146484375,3815.280029296875,6507.7001953125,8723.8095703125,4222.9599609375,,,2237.77294921875,6112.7001953125,54171.0,,5207.89990234375
2013-10-15,1698.06005859375,3794.010009765625,6549.10009765625,8804.4404296875,4256.02001953125,14441.5400390625,23336.51953125,2233.412109375,6089.0498046875,54981.0,12931.5,5259.10009765625
2013-10-16,1721.5400390625,3839.429931640625,6571.60009765625,8846.0,4243.72021484375,14467.1396484375,23228.330078125,2193.073974609375,,55973.0,12957.2001953125,5262.89990234375
2013-10-17,1733.1500244140625,3863.14990234375,6576.2001953125,8811.98046875,4239.64013671875,14586.509765625,23094.880859375,2188.5419921875,6045.85009765625,55358.0,13036.400390625,5283.10009765625
2013-10-18,1744.5,3914.280029296875,6622.60009765625,8865.099609375,4286.02978515625,14561.5400390625,23340.099609375,2193.780029296875,6189.35009765625,55378.0,13136.099609375,5321.5
2013-10-21,1744.6600341796875,3920.050048828125,6654.2001953125,8867.2197265625,4276.919921875,14693.5703125,23438.150390625,2229.237060546875,6204.9501953125,56077.0,13186.5,5351.7998046875
2013-10-22,1754.6700439453125,3929.570068359375,6695.7001953125,8947.4599609375,4295.43017578125,14713.25,23315.990234375,2210.652099609375,6202.7998046875,56460.0,13248.099609375,5373.10009765625
2013-10-23,1746.3800048828125,3907.070068359375,6674.5,8919.8603515625,4260.66015625,14426.0498046875,22999.94921875,2183.10693359375,6178.35009765625,55440.0,13243.2998046875,5356.10009765625
2013-10-24,1752.0699462890625,3928.9599609375,6713.2001953125,8980.6298828125,4275.68994140625,14486.41015625,22835.8203125,2164.322021484375,6164.35009765625,54877.0,13324.7998046875,5372.89990234375
2013-10-25,1759.77001953125,3943.360107421875,6721.2998046875,8985.740234375,4272.31005859375,14088.1904296875,22698.33984375,2132.955078125,6144.89990234375,54154.0,13399.400390625,5386.2998046875
2013-10-28,1762.1099853515625,3940.1298828125,6725.7998046875,8978.650390625,4251.60986328125,14396.0400390625,22806.580078125,2133.868896484375,6101.10009765625,55073.0,13371.7998046875,5441.39990234375
2013-10-29,1771.949951171875,3952.340087890625,6774.7001953125,9022.0400390625,4278.08984375,14325.98046875,22846.5390625,2128.864013671875,6220.89990234375,54539.0,13440.599609375,5415.5
2013-10-30,1763.31005859375,3930.6201171875,6777.7001953125,9010.26953125,4274.10986328125,14502.349609375,23304.01953125,2160.462890625,6251.7001953125,54173.0,13455.2998046875,5430.89990234375
2013-10-31,1756.5400390625,3919.7099609375,6731.39990234375,9033.919921875,4299.89013671875,14327.9404296875,23206.369140625,2141.614013671875,6299.14990234375,54256.0,13361.2998046875,5425.5
2013-11-01,1761.6400146484375,3922.0400390625,6734.7001953125,9007.830078125,4273.18994140625,14201.5703125,23249.7890625,2149.56201171875,6307.2001953125,54013.0,13337.5,5411.10009765625
2013-11-04,1767.9300537109375,3936.590087890625,6763.60009765625,9037.23046875,4288.58984375,,23189.619140625,2149.634033203125,,54437.0,13361.7998046875,5390.5
2013-11-05,1762.969970703125,3939.860107421875,6746.7998046875,9009.1103515625,4253.33984375,14225.3701171875,23038.94921875,2157.239990234375,6253.14990234375,53832.0,13361.7001953125,5432.0
2013-11-06,1770.489990234375,3931.949951171875,6741.7001953125,9040.8701171875,4286.93017578125,14337.3095703125,23036.939453125,2139.60693359375,6215.14990234375,53385.0,13380.400390625,5433.7998046875
2013-11-07,1747.1500244140625,3857.330078125,6697.2001953125,9081.0302734375,4280.990234375,14228.4404296875,22881.029296875,2129.39990234375,6187.25,52741.0,13294.2001953125,5422.0
2013-11-08,1770.6099853515625,3919.22998046875,6708.39990234375,9078.2802734375,4260.43994140625,14086.7998046875,22744.390625,2106.126953125,6140.75,52249.0,13378.2998046875,5400.7001953125
2013-11-11,1771.8900146484375,3919.7900390625,6728.39990234375,9107.8603515625,4290.14013671875,14269.83984375,23069.849609375,2109.470947265625,6078.7998046875,52624.0,13358.400390625,5387.10009765625
2013-11-12,1767.68994140625,3919.919921875,6726.7998046875,9076.48046875,4263.77978515625,14588.6796875,22901.41015625,2126.77197265625,6018.0498046875,51804.0,13326.0,5393.10009765625
2013-11-13,1782.0,3965.580078125,6630.0,9054.830078125,4239.93994140625,14567.16015625,22463.830078125,2087.94091796875,5989.60009765625,52230.0,13370.7001953125,5319.2001953125
2013-11-14,1790.6199951171875,3972.739990234375,6666.10009765625,9149.66015625,4283.91015625,14876.41015625,22649.150390625,2100.506103515625,6056.14990234375,53452.0,13431.400390625,5355.39990234375
2013-11-15,1798.1800537109375,3985.969970703125,6693.39990234375,9168.6904296875,4292.22998046875,15165.919921875,23032.150390625,2135.826904296875,,,13482.599609375,5401.7001953125
2013-11-18,1791.530029296875,3949.070068359375,6723.5,9225.4296875,4320.68017578125,15164.2998046875,23660.060546875,2197.218994140625,6189.0,54307.0,13458.099609375,5384.7001953125
2013-11-19,1787.8699951171875,3931.550048828125,6698.0,9193.2900390625,4272.2900390625,15126.5595703125,23657.810546875,2193.125,6203.35009765625,53033.0,13442.7998046875,5352.89990234375
2013-11-20,1781.3699951171875,3921.27001953125,6681.10009765625,9202.0703125,4268.3701171875,15076.080078125,23700.859375,2206.613037109375,6122.89990234375,,13430.0,5307.7001953125
2013-11-21,1795.8499755859375,3969.159912109375,6681.2998046875,9196.080078125,4253.89990234375,15365.599609375,23580.2890625,2205.76611328125,5999.0498046875,52688.0,13475.2998046875,5288.2998046875
2013-11-22,1804.760009765625,3991.64990234375,6674.2998046875,9219.0400390625,4278.52978515625,15381.7197265625,23696.279296875,2196.3779296875,5995.4501953125,52801.0,13478.2998046875,5335.89990234375
2013-11-25,1802.47998046875,3994.570068359375,6694.60009765625,9299.9501953125,4301.97021484375,15619.1298828125,23684.44921875,2186.114990234375,6115.35009765625,52264.0,13472.2001953125,5352.7998046875
2013-11-26,1802.75,4017.75,6636.2001953125,9290.0703125,4277.56982421875,15515.240234375,23681.279296875,2183.072998046875,6059.10009765625,51447.0,13349.7998046875,5357.0
2013-11-27,1807.22998046875,4044.75,6649.5,9351.1298828125,4293.06005859375,15449.6298828125,23806.349609375,2201.070068359375,6057.10009765625,51861.0,13362.099609375,5332.89990234375
2013-11-28,,,6654.5,9387.3701171875,4302.419921875,15727.1201171875,23789.08984375,2219.3720703125,6091.85009765625,51847.0,13370.7998046875,5334.2998046875
2013-11-29,1805.81005859375,4059.889892578125,6650.60009765625,9405.2998046875,4295.2099609375,15661.8701171875,23881.2890625,2220.50390625,6176.10009765625,52482.0,13395.400390625,5320.10009765625
2013-12-02,1800.9000244140625,4045.260009765625,6595.2998046875,9401.9599609375,4285.81005859375,15655.0703125,24038.55078125,2207.37109375,6217.85009765625,51245.0,13419.599609375,5279.5
2013-12-03,1795.1500244140625,4037.199951171875,6532.39990234375,9223.400390625,4172.43994140625,15749.66015625,23910.470703125,2222.669921875,6201.85009765625,50349.0,13319.900390625,5256.10009765625
2013-12-04,1792.81005859375,4038.0,6510.0,9140.6298828125,4148.52001953125,15407.9404296875,23728.69921875,2251.761962890625,6160.9501953125,50216.0,13304.900390625,5273.7998046875
2013-12-05,1785.030029296875,4033.169921875,6498.2998046875,9084.9501953125,4099.91015625,15177.490234375,23712.5703125,2247.06298828125,6241.10009765625,50788.0,13200.400390625,5198.0
2013-12-06,1805.0899658203125,4062.52001953125,6552.0,9172.41015625,4129.3701171875,15299.8603515625,23743.099609375,2237.10791015625,6259.89990234375,50944.0,13280.7001953125,5186.0
2013-12-09,1808.3699951171875,4068.75,6559.5,9195.169921875,4134.10009765625,15650.2099609375,23811.169921875,2238.199951171875,6363.89990234375,51165.0,13312.7998046875,5144.39990234375
2013-12-10,1802.6199951171875,4060.489990234375,6523.2998046875,9114.4404296875,4091.139892578125,15611.3095703125,23744.189453125,2237.491943359375,6332.85009765625,50993.0,13324.0,5143.60009765625
2013-12-11,1782.219970703125,4003.81005859375,6507.7001953125,9077.1103515625,4086.860107421875,15515.0595703125,23338.240234375,2204.166015625,6307.89990234375,50068.0,13133.400390625,5104.2998046875
2013-12-12,1775.5,3998.39990234375,6445.2998046875,9017.0,4069.1201171875,15341.8203125,23218.119140625,2202.7958984375,6237.0498046875,50122.0,13114.400390625,5062.5
2013-12-13,1775.3199462890625,4000.97998046875,6440.0,9006.4599609375,4059.7099609375,15403.1103515625,23245.9609375,2196.074951171875,6168.39990234375,50051.0,13125.7001953125,5098.39990234375
2013-12-16,1786.5400390625,4029.52001953125,6522.2001953125,9163.5595703125,4119.8798828125,15152.91015625,23114.66015625,2160.861083984375,6154.7001953125,50280.0,13184.400390625,5089.60009765625
2013-12-17,1781.0,4023.679931640625,6486.2001953125,9085.1201171875,4068.639892578125,15278.6298828125,23069.23046875,2151.0791015625,6139.0498046875,50090.0,13180.2001953125,5103.2001953125
2013-12-18,1810.6500244140625,4070.06005859375,6492.10009765625,9181.75,4109.509765625,15587.7998046875,23143.8203125,2148.284912109375,6217.14990234375,50563.0,13334.7001953125,5096.10009765625
2013-12-19,1809.5999755859373,4058.139892578125,6584.7001953125,9335.740234375,4154.27001953125,15859.2197265625,22888.75,2127.7919921875,6166.64990234375,50819.0,13392.2001953125,5202.2001953125
2013-12-20,1818.3199462890625,4104.740234375,6606.60009765625,9400.1796875,4193.77001953125,15870.419921875,22812.1796875,2084.7939453125,6274.25,51186.0,13399.599609375,5265.2001953125
2013-12-23,1827.989990234375,4148.89990234375,6678.60009765625,9488.8203125,4215.2900390625,,22921.560546875,2089.70703125,6284.5,51356.0,13447.7001953125,5291.89990234375
2013-12-24,1833.3199462890625,4155.419921875,6694.2001953125,,4218.41015625,15889.330078125,23179.55078125,2092.905029296875,6268.39990234375,,13518.0,5327.2001953125
2013-12-25,,,,,,16009.990234375,,2106.35400390625,,,,
2013-12-26,1842.02001953125,4167.18017578125,,,,16174.4404296875,,2073.09912109375,6278.89990234375,51221.0,,
2013-12-27,1841.4000244140625,4156.58984375,6750.89990234375,9589.3896484375,4277.64990234375,16178.9404296875,23243.240234375,2101.2509765625,6313.7998046875,51267.0,13588.0,5324.10009765625
2013-12-30,1841.0699462890625,4154.2001953125,6731.2998046875,9552.16015625,4275.7099609375,16291.3095703125,23244.869140625,2097.529052734375,6291.10009765625,51507.0,13581.400390625,5356.7998046875
2013-12-31,1848.3599853515625,4176.58984375,6749.10009765625,,4295.9501953125,,23306.390625,2115.97802734375,6304.0,,13621.599609375,5352.2001953125
2014-01-02,1831.97998046875,4143.06982421875,6717.89990234375,9400.0400390625,4227.27978515625,,23340.05078125,2109.386962890625,6221.14990234375,50341.0,13594.2001953125,5367.89990234375
2014-01-03,1831.3699951171875,4131.91015625,6730.7001953125,9435.150390625,4247.64990234375,,22817.279296875,2083.135009765625,6211.14990234375,50981.0,13548.900390625,5350.10009765625
2014-01-06,1826.77001953125,4113.68017578125,6730.7001953125,9428.0,4227.5400390625,15908.8798828125,22684.150390625,2045.708984375,6191.4501953125,50974.0,13495.5,5324.89990234375
2014-01-07,1837.8800048828125,4153.18017578125,6755.5,9506.2001953125,4262.68017578125,15814.3701171875,22712.779296875,2047.3170166015625,6162.25,50430.0,13596.900390625,5317.0
2014-01-08,1837.489990234375,4165.60986328125,6721.7998046875,9497.83984375,4260.9599609375,16121.4501953125,22996.58984375,2044.3399658203125,6174.60009765625,50577.0,13614.599609375,5316.0
2014-01-09,1838.1300048828125,4156.18994140625,6691.2998046875,9421.6103515625,4225.14013671875,15880.330078125,22787.330078125,2027.6219482421875,6168.35009765625,49322.0,13629.400390625,5324.39990234375
2014-01-10,1842.3699951171875,4174.669921875,6739.89990234375,9473.240234375,4250.60009765625,15912.0595703125,22846.25,2013.2979736328125,6171.4501953125,49696.0,13747.5,5312.39990234375
2014-01-13,1819.199951171875,4113.2998046875,6757.2001953125,9510.169921875,4263.27001953125,,22888.759765625,2009.56396484375,6272.75,49427.0,13681.5,5292.10009765625
2014-01-14,1838.8800048828125,4183.02001953125,6766.89990234375,9540.509765625,4274.2001953125,15422.400390625,22791.279296875,2026.842041015625,6241.85009765625,49703.0,13692.400390625,5212.0
2014-01-15,1848.3800048828125,4214.8798828125,6819.89990234375,9733.8095703125,4332.06982421875,15808.73046875,22902.0,2023.3480224609373,6320.89990234375,50105.0,13772.599609375,5245.39990234375
2014-01-16,1845.8900146484373,4218.68994140625,6815.39990234375,9717.7099609375,4319.27001953125,15747.2001953125,22986.41015625,2023.7010498046875,6318.89990234375,49696.0,13831.599609375,5309.10009765625
2014-01-17,1838.699951171875,4197.580078125,6829.2998046875,9742.9599609375,4327.5,15734.4599609375,23133.349609375,2004.948974609375,6261.64990234375,49182.0,13888.2001953125,5305.89990234375
2014-01-20,,,6836.7001953125,9715.900390625,4322.85986328125,15641.6796875,22928.94921875,1991.2530517578125,6303.9501953125,48708.0,13990.2998046875,5295.0
2014-01-21,1843.800048828125,4225.759765625,6834.2998046875,9730.1201171875,4323.8701171875,15795.9599609375,23033.119140625,2008.31298828125,6313.7998046875,48542.0,13951.7998046875,5331.5
2014-01-22,1844.8599853515625,4243.0,6826.2998046875,9720.1103515625,4324.97998046875,15820.9599609375,23082.25,2051.7490234375,6338.9501953125,49300.0,13988.2001953125,5319.7998046875
2014-01-23,1828.4599609375,4218.8798828125,6773.2998046875,9631.0400390625,4280.9599609375,15695.8896484375,22733.900390625,2042.1800537109373,6345.64990234375,48321.0,13933.0,5263.0
2014-01-24,1790.2900390625,4128.169921875,6663.7001953125,9392.01953125,4161.47021484375,15391.5595703125,22450.060546875,2054.39208984375,6266.75,47787.0,13717.7998046875,5240.89990234375
2014-01-27,1781.56005859375,4083.610107421875,6550.7001953125,9349.2197265625,4144.56005859375,15005.73046875,21976.099609375,2033.300048828125,6135.85009765625,47701.0,13582.2998046875,
2014-01-28,1792.5,4097.9599609375,6572.2998046875,9406.91015625,4185.2900390625,14980.16015625,21960.640625,2038.512939453125,6126.25,47841.0,13687.7001953125,5175.10009765625
2014-01-29,1774.199951171875,4051.429931640625,6544.2998046875,9336.73046875,4156.97998046875,15383.91015625,22141.609375,2049.9140625,6120.25,47557.0,13643.2001953125,5229.0
2014-01-30,1794.18994140625,4123.1298828125,6538.5,9373.48046875,4180.02001953125,15007.0595703125,22035.419921875,2033.0830078125,6073.7001953125,47244.0,13735.2998046875,5188.10009765625
2014-01-31,1782.5899658203125,4103.8798828125,6510.39990234375,9306.48046875,4165.72021484375,14914.5302734375,,,6089.5,47639.0,13694.900390625,5190.0
2014-02-03,1741.8900146484375,3996.9599609375,6465.7001953125,9186.51953125,4107.75,14619.1298828125,,,6001.7998046875,46148.0,13486.2001953125,5187.89990234375
2014-02-04,1755.199951171875,4031.52001953125,6449.2998046875,9127.91015625,4117.4501953125,14008.4697265625,21397.76953125,,6000.89990234375,46964.0,13504.5,5097.10009765625
2014-02-05,1751.6400146484375,4011.550048828125,6457.89990234375,9116.3203125,4117.7900390625,14180.3798828125,21269.380859375,,6022.39990234375,46624.0,13559.7001953125,5070.2998046875
2014-02-06,1773.4300537109375,4057.1201171875,6558.2998046875,9256.580078125,4188.10009765625,14155.1201171875,21423.130859375,,6036.2998046875,47738.0,13713.400390625,5131.39990234375
2014-02-07,1797.02001953125,4125.85986328125,6571.7001953125,9301.919921875,4228.18017578125,14462.41015625,21636.849609375,2044.4969482421875,6063.2001953125,48074.0,13786.5,5166.5
2014-02-10,1799.8399658203125,4148.169921875,6591.60009765625,9289.8603515625,4237.1298828125,14718.33984375,21579.259765625,2086.06689453125,6053.4501953125,47711.0,13794.2001953125,5222.10009765625
2014-02-11,1819.75,4191.0498046875,6672.7001953125,9478.76953125,4283.31982421875,,21962.98046875,2103.6708984375,6062.7001953125,48463.0,13881.0,5254.5
2014-02-12,1819.260009765625,4201.2900390625,6675.0,9540.0,4305.5,14800.0595703125,22285.7890625,2109.955078125,6084.0,48217.0,13900.5,5310.10009765625
2014-02-13,1829.8299560546875,4240.669921875,6659.39990234375,9596.76953125,4312.7998046875,14534.740234375,22165.529296875,2098.40087890625,6001.10009765625,47813.0,14001.7001953125,5308.10009765625
2014-02-14,1838.6300048828125,4244.02001953125,6663.60009765625,9662.400390625,4340.14013671875,14313.0302734375,22298.41015625,2115.847900390625,6048.35009765625,48201.0,14054.7998046875,5356.2998046875
2014-02-17,,,6736.0,9656.759765625,4335.169921875,14393.1103515625,22535.939453125,2135.4150390625,,47576.0,,
2014-02-18,1840.760009765625,4272.77978515625,6796.39990234375,9659.7802734375,4330.7099609375,14843.240234375,22587.720703125,2119.06591796875,6127.10009765625,46600.0,14077.5,5392.7998046875
2014-02-19,1828.75,4237.9501953125,6796.7001953125,9660.0498046875,4341.10009765625,14766.5302734375,22664.51953125,2142.553955078125,6152.75,47151.0,14119.7001953125,5408.2001953125
2014-02-20,1839.780029296875,4267.5498046875,6813.0,9618.849609375,4355.490234375,14449.1796875,22394.080078125,2138.781982421875,6091.4501953125,47289.0,14210.400390625,5412.2998046875
2014-02-21,1836.25,4263.41015625,6838.10009765625,9656.9501953125,4381.06005859375,14865.669921875,22568.240234375,2113.693115234375,6155.4501953125,47380.0,14205.7001953125,5438.7001953125
2014-02-24,1847.6099853515625,4292.97021484375,6865.89990234375,9708.9404296875,4419.1298828125,14837.6796875,22388.560546875,2076.68603515625,6186.10009765625,47393.0,14227.099609375,5440.2001953125
2014-02-25,1845.1199951171875,4287.58984375,6830.5,9699.349609375,4414.5498046875,15051.599609375,22317.19921875,2034.218994140625,6200.0498046875,46716.0,14189.0,5433.7998046875
2014-02-26,1845.1600341796875,4292.06005859375,6799.2001953125,9661.73046875,4396.91015625,14970.9697265625,22437.439453125,2041.2540283203125,6238.7998046875,46599.0,14188.599609375,5437.0
2014-02-27,1854.2900390625,4318.93017578125,6810.2998046875,9588.330078125,4396.39013671875,14923.1103515625,22828.1796875,2047.35400390625,,47607.0,14214.7001953125,5411.39990234375
2014-02-28,1859.449951171875,4308.1201171875,6809.7001953125,9692.080078125,4408.080078125,14841.0703125,22836.9609375,2056.302001953125,6276.9501953125,47094.0,14209.599609375,5404.7998046875
2014-03-03,1845.72998046875,4277.2998046875,6708.39990234375,9358.8896484375,4290.8701171875,14652.23046875,22500.669921875,2075.235107421875,6221.4501953125,,14212.7001953125,5384.2998046875
2014-03-04,1873.9100341796875,4351.97021484375,6823.7998046875,9589.150390625,4395.89990234375,14721.48046875,22657.630859375,2071.472900390625,6297.9501953125,,14289.900390625,5400.2001953125
2014-03-05,1873.81005859375,4357.97021484375,6775.39990234375,9542.01953125,4391.25,14897.6298828125,22579.779296875,2053.083984375,6328.64990234375,46589.0,14304.2001953125,5446.2001953125
2014-03-06,1877.030029296875,4352.1298828125,6788.5,9542.8701171875,4417.0400390625,15134.75,22702.970703125,2059.577880859375,6401.14990234375,47093.0,14271.900390625,5445.89990234375
2014-03-07,1878.0400390625,4336.22021484375,6712.7001953125,9350.75,4366.419921875,15274.0703125,22660.490234375,2057.907958984375,6526.64990234375,46244.0,14299.099609375,5462.2998046875
2014-03-10,1877.1700439453125,4334.4501953125,6689.5,9265.5,4370.83984375,15120.1396484375,22264.9296875,1999.06494140625,6537.25,45533.0,14302.099609375,5411.5
2014-03-11,1867.6300048828125,4307.18994140625,6685.5,9307.7900390625,4349.72021484375,15224.1103515625,22269.609375,2001.156982421875,6511.89990234375,45698.0,14267.2001953125,5413.7998046875
2014-03-12,1868.199951171875,4323.330078125,6620.89990234375,9188.6904296875,4306.259765625,14830.3896484375,21901.94921875,1997.6920166015625,6516.89990234375,45862.0,14319.0,5384.2001953125
2014-03-13,1846.3399658203125,4260.419921875,6553.7998046875,9017.7900390625,4250.509765625,14815.98046875,21756.080078125,2019.1109619140625,6493.10009765625,45444.0,14245.099609375,5412.60009765625
2014-03-14,1841.1300048828125,4245.39990234375,6527.89990234375,9056.41015625,4216.3701171875,14327.66015625,21539.490234375,2004.3389892578125,6504.2001953125,44966.0,14227.7001953125,5329.39990234375
2014-03-17,1858.8299560546875,4279.9501953125,6568.39990234375,9180.8896484375,4271.9599609375,14277.669921875,21473.94921875,2023.6729736328125,,45118.0,14231.900390625,5317.60009765625
2014-03-18,1872.25,4333.31005859375,6605.2998046875,9242.5498046875,4313.259765625,14411.26953125,21583.5,2025.196044921875,6516.64990234375,46150.0,14369.0,5344.60009765625
2014-03-19,1860.77001953125,4307.60009765625,6573.10009765625,9277.0498046875,4308.06005859375,14462.51953125,21568.689453125,2021.7340087890625,6524.0498046875,46567.0,14334.0,5355.60009765625
2014-03-20,1872.010009765625,4319.2900390625,6542.39990234375,9296.1201171875,4327.91015625,14224.23046875,21182.16015625,1993.47900390625,6483.10009765625,47278.0,14361.7998046875,5294.0
2014-03-21,1866.52001953125,4276.7900390625,6557.2001953125,9342.9404296875,4335.27978515625,,21436.69921875,2047.6190185546875,6493.2001953125,47381.0,14335.7998046875,5338.10009765625
2014-03-24,1857.43994140625,4226.39013671875,6520.39990234375,9188.76953125,4276.33984375,14475.2998046875,21846.44921875,2066.279052734375,6583.5,47993.0,14278.599609375,5346.89990234375
2014-03-25,1865.6199951171875,4234.27001953125,6604.89990234375,9338.400390625,4344.1201171875,14423.1904296875,21732.3203125,2067.31103515625,6589.75,48180.0,14299.5,5336.60009765625
2014-03-26,1852.56005859375,4173.580078125,6605.2998046875,9448.580078125,4385.14990234375,14477.16015625,21887.75,2063.669921875,6601.39990234375,47966.0,14184.099609375,5376.7998046875
2014-03-27,1849.0400390625,4151.22998046875,6588.2998046875,9451.2099609375,4379.06005859375,14622.8896484375,21834.44921875,2046.5880126953125,6641.75,49647.0,14178.7998046875,5350.10009765625
2014-03-28,1857.6199951171875,4155.759765625,6615.60009765625,9587.1904296875,4411.259765625,14696.0302734375,22065.529296875,2041.7120361328125,6695.89990234375,49768.0,14260.7001953125,5366.89990234375
2014-03-31,1872.3399658203125,4198.990234375,6598.39990234375,9555.91015625,4391.5,14827.830078125,22151.060546875,2033.3060302734373,6704.2001953125,50415.0,14335.2998046875,5394.7998046875
2014-04-01,1885.52001953125,4268.0400390625,6652.60009765625,9603.7099609375,4426.72021484375,14791.990234375,22448.5390625,2047.4599609375,6721.0498046875,50270.0,14380.599609375,5389.2001953125
2014-04-02,1890.9000244140625,4276.4599609375,6659.0,9623.3603515625,4430.85986328125,14946.3203125,22523.939453125,2058.988037109375,6752.5498046875,51701.0,14459.099609375,5403.2998046875
2014-04-03,1888.77001953125,4237.740234375,6649.10009765625,9628.8203125,4449.330078125,15071.8798828125,22565.080078125,2043.7020263671875,6736.10009765625,51408.0,14402.2001953125,5409.89990234375
2014-04-04,1865.0899658203125,4127.72998046875,6695.60009765625,9695.76953125,4484.5498046875,15063.76953125,22510.080078125,2058.8310546875,6694.35009765625,51082.0,14393.099609375,5422.7998046875
2014-04-07,1845.0400390625,4079.75,6622.7998046875,9510.849609375,4436.080078125,14808.849609375,22377.150390625,,6695.0498046875,52155.0,14270.2998046875,5413.7001953125
2014-04-08,1851.9599609375,4112.990234375,6590.7001953125,9490.7900390625,4424.830078125,14606.8798828125,22596.970703125,2098.283935546875,,51629.0,14372.5,5410.60009765625
2014-04-09,1872.1800537109373,4183.89990234375,6635.60009765625,9506.349609375,4442.68017578125,14299.6904296875,22843.169921875,2105.237060546875,6796.2001953125,51185.0,14435.599609375,5463.7998046875
2014-04-10,1833.0799560546875,4054.110107421875,6642.0,9454.5400390625,4413.490234375,14300.1201171875,23186.9609375,2134.300048828125,6796.39990234375,51127.0,14308.0,5480.7998046875
2014-04-11,1815.68994140625,3999.72998046875,6561.7001953125,9315.2900390625,4365.85986328125,13960.0498046875,23003.640625,2130.5419921875,6776.2998046875,51867.0,14257.7001953125,5428.60009765625
2014-04-14,1830.6099853515625,4022.68994140625,6583.7998046875,9339.169921875,4384.56005859375,13910.16015625,23038.80078125,2131.5390625,,51596.0,14284.400390625,5358.89990234375
2014-04-15,1842.97998046875,4034.159912109375,6541.60009765625,9173.7099609375,4345.35009765625,13996.8095703125,22671.259765625,2101.60107421875,6733.10009765625,50454.0,14303.900390625,5388.2001953125
2014-04-16,1862.31005859375,4086.22998046875,6584.2001953125,9317.8203125,4405.66015625,14417.6796875,22696.009765625,2105.1220703125,6675.2998046875,51201.0,14446.5,5420.2998046875
2014-04-17,1864.8499755859373,4095.52001953125,6625.2998046875,9409.7099609375,4431.81005859375,14417.5302734375,22760.240234375,2098.885009765625,6779.39990234375,52112.0,14500.400390625,5454.2001953125
2014-04-18,,,,,,14516.26953125,,2097.748046875,,,,
2014-04-21,1871.8900146484373,4121.5498046875,,,,14512.3798828125,,2065.825927734375,6817.64990234375,,14493.7001953125,
2014-04-22,1879.550048828125,4161.4599609375,6681.7998046875,9600.08984375,4484.2099609375,14388.76953125,22730.6796875,2072.8310546875,6815.35009765625,51977.0,14556.0,5479.2998046875
2014-04-23,1875.3900146484373,4126.97021484375,6674.7001953125,9544.1904296875,4451.080078125,14546.26953125,22509.640625,2067.382080078125,6840.7998046875,51570.0,14533.400390625,5517.7998046875
2014-04-24,1878.6099853515625,4148.33984375,6703.0,9548.6796875,4479.5400390625,14404.990234375,22562.80078125,2057.032958984375,,51817.0,14554.2998046875,5531.0
2014-04-25,1863.4000244140625,4075.56005859375,6685.7001953125,9401.5498046875,4443.6298828125,14429.259765625,22223.529296875,2036.51904296875,6782.75,51399.0,14533.599609375,
2014-04-28,1869.4300537109373,4074.39990234375,6700.2001953125,9446.3603515625,4460.52978515625,14288.23046875,22132.529296875,2003.487060546875,6761.25,51384.0,14530.900390625,5536.10009765625
2014-04-29,1878.3299560546875,4103.5400390625,6769.89990234375,9584.1201171875,4497.68017578125,,22453.890625,2020.3409423828125,6715.25,51839.0,14583.099609375,5486.60009765625
2014-04-30,1883.949951171875,4114.56005859375,6780.0,9603.23046875,4487.39013671875,14304.1103515625,22133.970703125,2026.3580322265625,6696.39990234375,51626.0,14651.900390625,5489.10009765625
2014-05-01,1883.6800537109373,4127.4501953125,6808.89990234375,,,14485.1298828125,,,,,14664.099609375,5448.7998046875
2014-05-02,1881.1400146484373,4123.89990234375,6822.39990234375,9556.01953125,4458.169921875,14457.509765625,22260.669921875,,6694.7998046875,52980.0,14765.2001953125,5458.10009765625
2014-05-05,1884.6600341796875,4138.06005859375,,9529.5,4462.68994140625,,21976.330078125,2027.35302734375,6699.35009765625,53446.0,14697.0,5462.2001953125
2014-05-06,1867.719970703125,4080.760009765625,6798.60009765625,9467.5302734375,4428.06982421875,,,2028.0379638671875,6715.2998046875,53780.0,14612.2998046875,5481.39990234375
2014-05-07,1878.2099609375,4067.669921875,6796.39990234375,9521.2998046875,4446.43994140625,14033.4501953125,21746.259765625,2010.0830078125,6652.5498046875,54053.0,14656.400390625,5435.7998046875
2014-05-08,1875.6300048828125,4051.5,6839.2998046875,9607.400390625,4507.240234375,14163.7802734375,21837.119140625,2015.2740478515625,6659.85009765625,53422.0,14546.0,5476.7998046875
2014-05-09,1878.47998046875,4071.8701171875,6814.60009765625,9581.4501953125,4477.27978515625,14199.58984375,21862.990234375,2011.135009765625,6858.7998046875,53100.0,14534.099609375,5460.7998046875
2014-05-12,1896.6500244140625,4143.85986328125,6851.7998046875,9702.4599609375,4493.64990234375,14149.51953125,22261.609375,2052.87109375,7014.25,54053.0,14654.900390625,5448.39990234375
2014-05-13,1897.449951171875,4130.169921875,6873.10009765625,9754.4296875,4505.02001953125,14425.4404296875,22352.380859375,2050.72802734375,7108.75,53907.0,14679.7998046875,5498.2001953125
2014-05-14,1888.530029296875,4100.6298828125,6878.5,9754.3896484375,4501.0400390625,14405.759765625,22582.76953125,2047.9100341796875,7108.75,54413.0,14673.7001953125,5496.5
2014-05-15,1870.8499755859373,4069.2900390625,6840.89990234375,9656.0498046875,4444.93017578125,14298.2099609375,22730.859375,2024.9739990234373,7123.14990234375,53856.0,14588.900390625,5510.7998046875
2014-05-16,1877.8599853515625,4090.590087890625,6855.7998046875,9629.099609375,4456.27978515625,14096.58984375,22712.91015625,2026.5040283203125,7203.0,53976.0,14514.7001953125,5479.0
2014-05-19,1885.0799560546875,4125.81005859375,6844.60009765625,9659.3896484375,4469.759765625,14006.4404296875,22704.5,2005.1829833984373,7263.5498046875,53353.0,,5409.0
2014-05-20,1872.8299560546875,4096.89013671875,6802.0,9639.080078125,4452.35009765625,14075.25,22834.6796875,2008.1190185546875,7275.5,52366.0,14525.2001953125,5420.39990234375
2014-05-21,1888.030029296875,4131.5400390625,6821.0,9697.8701171875,4469.02978515625,14042.169921875,22836.51953125,2024.9510498046875,7252.89990234375,52203.0,14649.900390625,5424.60009765625
2014-05-22,1892.489990234375,4154.33984375,6820.60009765625,9720.91015625,4478.2099609375,14337.7900390625,22953.759765625,2021.2850341796875,7276.39990234375,52806.0,14702.2998046875,5479.89990234375
2014-05-23,1900.530029296875,4185.81005859375,6815.7998046875,9768.009765625,4493.14990234375,14462.169921875,22965.859375,2034.5689697265625,7367.10009765625,52626.0,14708.099609375,5492.7998046875
2014-05-26,,,,9892.8203125,4526.93017578125,14602.51953125,22963.1796875,2041.4759521484373,7359.0498046875,52932.0,14715.7001953125,5512.7998046875
2014-05-27,1911.9100341796875,4237.06982421875,6844.89990234375,9940.8203125,4529.75,14636.51953125,22944.30078125,2034.56494140625,7318.0,52172.0,14658.0,5511.7001953125
2014-05-28,1909.780029296875,4225.080078125,6851.2001953125,9939.169921875,4531.6298828125,14670.9501953125,23080.029296875,2050.22802734375,7329.64990234375,52640.0,14611.0,5527.2001953125
2014-05-29,1920.030029296875,4247.9501953125,6871.2998046875,9938.900390625,4530.509765625,14681.7197265625,23010.140625,2040.594970703125,7235.64990234375,52239.0,14589.0,5519.5
2014-05-30,1923.5699462890625,4242.6201171875,6844.5,9943.26953125,4519.56982421875,14632.3798828125,23081.650390625,2039.2120361328125,7229.9501953125,51239.0,14604.2001953125,5492.5
2014-06-02,1924.969970703125,4237.2001953125,6864.10009765625,9950.1201171875,4515.89013671875,14935.919921875,,,7362.5,51606.0,14680.7998046875,5518.5
2014-06-03,1924.239990234375,4234.080078125,6836.2998046875,9919.740234375,4503.68994140625,15034.25,23291.0390625,2038.3050537109373,7415.85009765625,52032.0,14734.7001953125,5479.7001953125
2014-06-04,1927.8800048828125,4251.64013671875,6818.60009765625,9926.669921875,4501.0,15067.9599609375,23151.7109375,2024.833984375,7402.25,51833.0,14796.7998046875,5444.7998046875
2014-06-05,1940.4599609375,4296.22998046875,6813.5,9947.830078125,4548.72998046875,15079.3701171875,23109.66015625,2040.8780517578125,7474.10009765625,51559.0,14800.2001953125,5436.89990234375
2014-06-06,1949.43994140625,4321.39990234375,6858.2001953125,9987.1904296875,4581.1201171875,15077.240234375,22951.0,2029.9560546875,7583.39990234375,53129.0,14838.900390625,5464.0
2014-06-09,1951.27001953125,4336.240234375,6875.0,10008.6298828125,4589.1201171875,15124.0,23117.470703125,2030.501953125,7654.60009765625,54273.0,14871.2001953125,
2014-06-10,1950.7900390625,4338.0,6873.60009765625,10028.7998046875,4595.0,14994.7998046875,23315.740234375,2052.531982421875,7656.39990234375,54604.0,14904.400390625,5469.7001953125
2014-06-11,1943.8900146484373,4331.93017578125,6838.89990234375,9949.8095703125,4555.10986328125,15069.48046875,23257.2890625,2054.947998046875,7626.85009765625,55102.0,14892.099609375,5454.0
2014-06-12,1930.1099853515625,4297.6298828125,6843.10009765625,9938.7001953125,4554.39990234375,14973.5302734375,23175.01953125,2051.712890625,7649.89990234375,,14909.599609375,5428.7998046875
2014-06-13,1936.1600341796875,4310.64990234375,6777.89990234375,9912.8701171875,4543.27978515625,15097.83984375,23319.169921875,2070.715087890625,7542.10009765625,54807.0,15001.599609375,5405.10009765625
2014-06-16,1937.780029296875,4321.10009765625,6754.60009765625,9883.98046875,4510.0498046875,14933.2900390625,23300.669921875,2085.98291015625,7533.5498046875,54630.0,15040.400390625,5412.2998046875
2014-06-17,1941.989990234375,4337.22998046875,6766.7998046875,9920.3203125,4536.06982421875,14975.9697265625,23203.58984375,2066.697998046875,7631.7001953125,54300.0,15055.900390625,5400.7001953125
2014-06-18,1956.97998046875,4362.83984375,6778.60009765625,9930.330078125,4530.3701171875,15115.7998046875,23181.720703125,2055.51904296875,7558.2001953125,55203.0,15109.2998046875,5382.7001953125
2014-06-19,1959.47998046875,4359.330078125,6808.10009765625,10004.0,4563.0400390625,15361.16015625,23167.73046875,2023.7349853515625,7540.7001953125,,15112.2001953125,5468.2001953125
2014-06-20,1962.8699951171875,4368.0400390625,6825.2001953125,9987.240234375,4541.33984375,15349.419921875,23194.060546875,2026.6739501953125,7511.4501953125,54638.0,15109.0,5419.5
2014-06-23,1962.6099853515625,4368.68017578125,6800.60009765625,9920.919921875,4515.56982421875,15369.2802734375,22804.810546875,2024.364990234375,7493.35009765625,54210.0,15105.599609375,5453.2998046875
2014-06-24,1949.97998046875,4350.35009765625,6787.10009765625,9938.080078125,4518.33984375,15376.240234375,22880.640625,2033.9310302734373,7580.2001953125,54281.0,14962.400390625,5432.7998046875
2014-06-25,1959.530029296875,4379.759765625,6733.60009765625,9867.75,4460.60009765625,15266.6103515625,22866.69921875,2025.501953125,7569.25,53426.0,14974.7001953125,5402.0
2014-06-26,1957.219970703125,4379.0498046875,6735.10009765625,9804.900390625,4439.6298828125,15308.490234375,23197.830078125,2038.677001953125,7493.2001953125,53506.0,15030.7001953125,5464.2998046875
2014-06-27,1960.9599609375,4397.93017578125,6757.7998046875,9815.169921875,4436.990234375,15095.0,23221.51953125,2036.510009765625,7508.7998046875,53157.0,15094.2998046875,5445.10009765625
2014-06-30,1960.22998046875,4408.18017578125,6743.89990234375,9833.0703125,4422.83984375,15162.099609375,23190.720703125,2048.326904296875,7611.35009765625,53168.0,15146.0,5395.7001953125
2014-07-01,1973.3199462890625,4458.64990234375,6802.89990234375,9902.41015625,4461.1201171875,15326.2001953125,,2050.381103515625,7634.7001953125,53171.0,,5375.89990234375
2014-07-02,1974.6199951171875,4457.72998046875,6816.39990234375,9911.26953125,4444.72021484375,15369.9697265625,23549.619140625,2059.41796875,7725.14990234375,53029.0,15209.7998046875,5455.39990234375
2014-07-03,1985.43994140625,4485.93017578125,6865.2001953125,10029.4296875,4489.8798828125,15348.2900390625,23531.439453125,2063.22900390625,7714.7998046875,53875.0,15207.099609375,5491.2001953125
2014-07-04,,,6866.10009765625,10009.080078125,4468.97998046875,15437.1298828125,23546.359375,2059.375,7751.60009765625,54055.0,15215.0,5525.0
2014-07-07,1977.6500244140625,4451.52978515625,6823.5,9906.0703125,4405.759765625,15379.4404296875,23540.919921875,2059.927001953125,7787.14990234375,53802.0,15172.900390625,5518.89990234375
2014-07-08,1963.7099609375,4391.4599609375,6738.5,9772.669921875,4342.52978515625,15314.41015625,23541.380859375,2064.02099609375,7623.2001953125,53635.0,15137.2001953125,5510.89990234375
2014-07-09,1972.8299560546875,4419.02978515625,6718.0,9808.2001953125,4359.83984375,15302.650390625,23176.0703125,2038.612060546875,7585.0,,15215.2001953125,5452.5
2014-07-10,1964.6800537109373,4396.2001953125,6672.39990234375,9659.1298828125,4301.259765625,15216.4697265625,23238.990234375,2038.342041015625,7567.75,54593.0,15114.5,5464.39990234375
2014-07-11,1967.5699462890625,4415.490234375,6690.2001953125,9666.33984375,4316.5,15164.0400390625,23233.44921875,2046.9610595703125,7459.60009765625,54786.0,15125.5,5486.7998046875
2014-07-14,1977.0999755859373,4440.419921875,6746.10009765625,9783.009765625,4350.0400390625,15296.8203125,23346.669921875,2066.64599609375,7454.14990234375,55744.0,15171.2001953125,5511.39990234375
2014-07-15,1973.280029296875,4416.39013671875,6710.5,9719.41015625,4305.31005859375,15395.16015625,23459.9609375,2070.35693359375,7526.64990234375,55974.0,15081.2998046875,5511.2998046875
2014-07-16,1981.5699462890625,4425.97021484375,6784.7001953125,9859.26953125,4369.06005859375,15379.2998046875,23523.279296875,2067.27587890625,7624.39990234375,55717.0,15226.2998046875,5518.89990234375
2014-07-17,1958.1199951171875,4363.4501953125,6738.2998046875,9753.8798828125,4316.1201171875,15370.259765625,23520.869140625,2055.591064453125,7640.4501953125,55638.0,15204.5,5522.39990234375
2014-07-18,1978.219970703125,4432.14990234375,6749.5,9720.01953125,4335.31005859375,15215.7099609375,23454.7890625,2059.06689453125,7663.89990234375,57013.0,15266.599609375,5531.7001953125
2014-07-21,1973.6300048828125,4424.7001953125,6728.39990234375,9612.0498046875,4304.740234375,,23387.140625,2054.47900390625,7684.2001953125,57634.0,15250.0,5539.89990234375
2014-07-22,1983.530029296875,4456.02001953125,6795.2998046875,9734.330078125,4369.52001953125,15343.2802734375,23782.109375,2075.48095703125,7767.85009765625,57983.0,15315.099609375,5543.2998046875
2014-07-23,1987.010009765625,4473.7001953125,6798.2001953125,9753.5595703125,4376.31982421875,15328.5595703125,23971.869140625,2078.489013671875,7795.75,57420.0,15394.400390625,5576.7001953125
2014-07-24,1987.97998046875,4472.10986328125,6821.5,9794.0595703125,4410.64990234375,15284.419921875,24141.5,2105.06201171875,7830.60009765625,57978.0,15394.5,5587.7998046875
2014-07-25,1978.3399658203125,4449.56005859375,6791.60009765625,9644.009765625,4330.5498046875,15457.8701171875,24216.009765625,2126.614013671875,7790.4501953125,57821.0,15455.0,5583.5
2014-07-28,1978.9100341796875,4444.91015625,6788.10009765625,9598.169921875,4344.77001953125,15529.400390625,24428.630859375,2177.947998046875,7748.7001953125,57696.0,15445.2001953125,5577.39990234375
2014-07-29,1969.949951171875,4442.7001953125,6807.7998046875,9653.6298828125,4365.580078125,15618.0703125,24640.529296875,2183.19189453125,,57119.0,15446.599609375,5588.39990234375
2014-07-30,1970.0699462890625,4462.89990234375,6773.39990234375,9593.6796875,4312.2998046875,15646.23046875,24732.2109375,2181.242919921875,7791.39990234375,56878.0,15524.7998046875,5622.89990234375
2014-07-31,1930.6700439453125,4369.77001953125,6730.10009765625,9407.48046875,4246.14013671875,15620.76953125,24756.849609375,2201.56201171875,7721.2998046875,55829.0,15330.7001953125,5632.89990234375
2014-08-01,1925.1500244140625,4352.64013671875,6679.2001953125,9210.080078125,4202.77978515625,15523.1103515625,24532.4296875,2185.302978515625,7602.60009765625,55903.0,15215.2998046875,5556.39990234375
2014-08-04,1938.989990234375,4383.89013671875,6677.5,9154.1396484375,4217.22021484375,15474.5,24600.080078125,2223.3310546875,7683.64990234375,56616.0,,5540.89990234375
2014-08-05,1920.2099609375,4352.83984375,6682.5,9189.740234375,4232.8798828125,15320.3095703125,24648.259765625,2219.945068359375,7746.5498046875,56202.0,15187.7001953125,5518.60009765625
2014-08-06,1920.239990234375,4355.0498046875,6636.2001953125,9130.0400390625,4207.14013671875,15159.7900390625,24584.130859375,2217.465087890625,7672.0498046875,56487.0,15202.099609375,5512.0
2014-08-07,1909.5699462890625,4334.97021484375,6597.39990234375,9038.9697265625,4149.830078125,15232.3701171875,24387.560546875,2187.6689453125,7649.25,56188.0,15118.400390625,5509.0
2014-08-08,1931.5899658203125,4370.89990234375,6567.39990234375,9009.3203125,4147.81005859375,14778.3701171875,24331.41015625,2194.425048828125,7568.5498046875,55573.0,15196.2998046875,5435.2998046875
2014-08-11,1936.9200439453125,4401.330078125,6632.7998046875,9180.740234375,4197.7001953125,15130.51953125,24646.01953125,2224.654052734375,7625.9501953125,56613.0,15261.599609375,5457.0
2014-08-12,1933.75,4389.25,6632.39990234375,9069.4697265625,4162.16015625,15161.3095703125,24689.41015625,2221.594970703125,7727.0498046875,56442.0,15274.2001953125,5530.2998046875
2014-08-13,1946.719970703125,4434.1298828125,6656.7001953125,9198.8798828125,4194.7900390625,15213.6298828125,24890.33984375,2222.876953125,7739.5498046875,55581.0,15262.7001953125,5514.7001953125
2014-08-14,1955.1800537109373,4453.0,6685.2998046875,9225.099609375,4205.43017578125,15314.5703125,24801.359375,2206.466064453125,7791.7001953125,55780.0,15291.2001953125,5548.5
2014-08-15,1955.06005859375,4464.93017578125,6689.10009765625,9092.599609375,4174.35986328125,15318.33984375,24954.939453125,2226.73388671875,,56964.0,15304.2001953125,5566.5
2014-08-18,1971.739990234375,4508.31005859375,6741.2998046875,9245.330078125,4230.64990234375,15322.599609375,24955.4609375,2239.466064453125,7874.25,57561.0,15338.5,5587.10009765625
2014-08-19,1981.5999755859373,4527.509765625,6779.2998046875,9334.2802734375,4254.4501953125,15449.7900390625,25122.94921875,2245.330078125,7897.5,58449.0,15477.2001953125,5623.7998046875
2014-08-20,1986.510009765625,4526.47998046875,6755.5,9314.5703125,4240.7900390625,15454.4501953125,25159.759765625,2240.2109375,7875.2998046875,58878.0,15562.0,5634.60009765625
2014-08-21,1992.3699951171875,4532.10009765625,6777.7001953125,9401.5302734375,4292.93017578125,15586.2001953125,24994.099609375,2230.4580078125,7891.10009765625,58992.0,15556.099609375,5638.89990234375
2014-08-22,1988.4000244140625,4538.5498046875,6775.2998046875,9339.169921875,4252.7998046875,15539.1904296875,25112.23046875,2240.81201171875,7913.2001953125,58407.0,15535.599609375,5645.60009765625
2014-08-25,1997.9200439453125,4557.35009765625,,9510.1396484375,4342.10986328125,15613.25,25166.91015625,2229.27392578125,7906.2998046875,59735.0,15598.7001953125,5634.89990234375
2014-08-26,2000.02001953125,4570.64013671875,6822.7998046875,9588.150390625,4393.41015625,15521.2197265625,25074.5,2207.10595703125,7904.75,59821.0,15619.2001953125,5637.60009765625
2014-08-27,2000.1199951171875,4569.6201171875,6830.7001953125,9569.7099609375,4395.259765625,15534.8203125,24918.75,2209.465087890625,7936.0498046875,60951.0,15602.7001953125,5651.2001953125
2014-08-28,1996.739990234375,4557.7001953125,6805.7998046875,9462.5595703125,4366.0400390625,15459.8603515625,24741.0,2195.818115234375,7954.35009765625,60291.0,15558.2001953125,5624.39990234375
2014-08-29,2003.3699951171875,4580.27001953125,6819.7998046875,9470.169921875,4381.0400390625,15424.58984375,24742.060546875,2217.199951171875,,61288.0,15625.7001953125,5625.89990234375
2014-09-01,,,6825.2998046875,9479.0302734375,4379.72998046875,15476.599609375,24752.08984375,2235.510986328125,8027.7001953125,61141.0,,5629.7998046875
2014-09-02,2002.280029296875,4598.18994140625,6829.2001953125,9507.01953125,4378.330078125,15668.599609375,24749.01953125,2266.0458984375,8083.0498046875,61896.0,15619.099609375,5658.5
2014-09-03,2000.719970703125,4572.56005859375,6873.60009765625,9626.490234375,4421.8701171875,15728.349609375,25317.94921875,2288.626953125,8114.60009765625,61837.0,15657.599609375,5656.10009765625
2014-09-04,1997.6500244140625,4562.2900390625,6878.0,9724.259765625,4494.93994140625,15676.1796875,25297.919921875,2306.862060546875,8095.9501953125,60800.0,15576.7998046875,5631.2998046875
2014-09-05,2007.7099609375,4582.89990234375,6855.10009765625,9747.01953125,4486.490234375,15668.6796875,25240.150390625,2326.431884765625,8086.85009765625,60681.0,15569.900390625,5598.7001953125
2014-09-08,2001.5400390625,4592.2900390625,6834.7998046875,9758.0302734375,4474.93017578125,15705.1103515625,25190.44921875,,8173.89990234375,59193.0,15509.400390625,5577.0
2014-09-09,1988.43994140625,4552.2900390625,6829.0,9710.7001953125,4452.3701171875,15749.150390625,,2326.527099609375,8152.9501953125,58676.0,15536.7998046875,5607.89990234375
2014-09-10,1995.68994140625,4586.52001953125,6830.10009765625,9700.169921875,4450.7900390625,15788.7802734375,24705.359375,2318.304931640625,8094.10009765625,58199.0,15471.900390625,5574.2998046875
2014-09-11,1997.449951171875,4591.81005859375,6799.60009765625,9691.2802734375,4440.89990234375,15909.2001953125,24662.640625,2311.678955078125,8085.7001953125,58337.0,15534.2998046875,5546.10009765625
2014-09-12,1985.5400390625,4567.60009765625,6807.0,9651.1298828125,4441.7001953125,15948.2900390625,24595.3203125,2331.949951171875,8105.5,56928.0,15531.599609375,5531.10009765625
2014-09-15,1984.1300048828125,4518.89990234375,6804.2001953125,9659.6298828125,4428.6298828125,,24356.990234375,2339.139892578125,8042.0,57949.0,15482.599609375,5473.5
2014-09-16,1998.97998046875,4552.759765625,6792.2001953125,9632.9296875,4409.14990234375,15911.5302734375,24136.009765625,2296.554931640625,7932.89990234375,59115.0,15510.5,5445.39990234375
2014-09-17,2001.5699462890625,4562.18994140625,6780.89990234375,9661.5,4431.41015625,15888.669921875,24376.41015625,2307.89306640625,7975.5,59108.0,15458.900390625,5407.2998046875
2014-09-18,2011.3599853515625,4593.43017578125,6819.2998046875,9798.1298828125,4464.7001953125,16067.5703125,24168.720703125,2315.927978515625,8114.75,58374.0,15465.5,5415.7998046875
2014-09-19,2010.4000244140625,4579.7900390625,6837.89990234375,9799.259765625,4461.22021484375,16321.169921875,24306.16015625,2329.450927734375,8121.4501953125,57789.0,15265.400390625,5433.10009765625
2014-09-22,1994.2900390625,4527.68994140625,6773.60009765625,9749.5400390625,4442.5498046875,16205.900390625,23955.490234375,2289.865966796875,8146.2998046875,56818.0,15129.0,5363.0
2014-09-23,1982.77001953125,4508.68994140625,6676.10009765625,9595.0302734375,4359.35009765625,,23837.0703125,2309.718017578125,8017.5498046875,56541.0,15125.7001953125,5415.7001953125
2014-09-24,1998.300048828125,4555.22021484375,6706.2998046875,9661.9697265625,4413.72021484375,16167.4501953125,23921.609375,2343.574951171875,8002.39990234375,56824.0,15120.5,5375.7998046875
2014-09-25,1965.989990234375,4466.75,6639.7001953125,9510.009765625,4355.27978515625,16374.1396484375,23768.130859375,2345.10302734375,7911.85009765625,55962.0,14893.599609375,5382.2001953125
2014-09-26,1982.8499755859373,4512.18994140625,6649.39990234375,9490.5498046875,4394.75,16229.8603515625,23678.41015625,2347.718017578125,7968.85009765625,57212.0,15026.7998046875,5313.39990234375
2014-09-29,1977.800048828125,4505.85009765625,6646.60009765625,9422.91015625,4358.06982421875,16310.6396484375,23229.2109375,2357.7109375,7958.89990234375,54625.0,14976.900390625,5264.2001953125
2014-09-30,1972.2900390625,4493.39013671875,6622.7001953125,9474.2998046875,4416.240234375,16173.51953125,22932.98046875,2363.8701171875,7964.7998046875,54116.0,14960.5,5292.7998046875
2014-10-01,1946.1600341796875,4422.08984375,6557.5,9382.0302734375,4365.27001953125,16082.25,,,7945.5498046875,52858.0,14805.400390625,5334.10009765625
2014-10-02,1946.1700439453125,4430.2001953125,6446.39990234375,9195.6796875,4242.669921875,15661.990234375,,,,53519.0,14760.599609375,5297.7001953125
2014-10-03,1967.9000244140625,4475.6201171875,6527.89990234375,,4281.740234375,15708.650390625,23064.560546875,,,54540.0,14789.7998046875,5318.2001953125
2014-10-06,1964.8199462890625,4454.7998046875,6563.7001953125,9209.509765625,4286.52001953125,15890.9501953125,23315.0390625,,,57116.0,14743.099609375,5292.89990234375
2014-10-07,1935.0999755859373,4385.2001953125,6495.60009765625,9086.2099609375,4209.14013671875,15783.830078125,23422.51953125,,7852.39990234375,57436.0,14576.5,5284.2001953125
2014-10-08,1968.8900146484373,4468.58984375,6482.2001953125,8995.330078125,4168.1201171875,15595.98046875,23263.330078125,2382.7939453125,7842.7001953125,57058.0,14666.5,5241.2998046875
2014-10-09,1928.2099609375,4378.33984375,6431.89990234375,9005.01953125,4141.4501953125,15478.9296875,23534.529296875,2389.37109375,7960.5498046875,57268.0,14460.599609375,5296.7001953125
2014-10-10,1906.1300048828125,4276.240234375,6340.0,8788.8095703125,4073.7099609375,15300.5498046875,23088.5390625,2374.5400390625,7859.9501953125,55312.0,14227.400390625,5188.2998046875
2014-10-13,1874.739990234375,4213.66015625,6366.2001953125,8812.4296875,4078.699951171875,,23143.380859375,2366.009033203125,7884.25,57957.0,,5155.5
2014-10-14,1877.699951171875,4227.169921875,6392.7001953125,8825.2099609375,4088.25,14936.509765625,23047.970703125,2359.47509765625,7864.0,58015.0,14036.7001953125,5207.39990234375
2014-10-15,1862.489990234375,4215.31982421875,6211.60009765625,8571.9501953125,3939.719970703125,15073.51953125,23140.05078125,2373.669921875,,56135.0,13869.900390625,5245.60009765625
2014-10-16,1862.760009765625,4217.39013671875,6195.89990234375,8582.900390625,3918.6201171875,14738.3798828125,22900.939453125,2356.4990234375,7748.2001953125,54298.0,14053.0,5254.89990234375
2014-10-17,1886.760009765625,4258.43994140625,6310.2998046875,8850.26953125,4033.179931640625,14532.509765625,23023.2109375,2341.18408203125,7779.7001953125,55724.0,14227.7001953125,5271.7001953125
2014-10-20,1904.010009765625,4316.06982421875,6267.10009765625,8717.759765625,3991.239990234375,15111.23046875,23070.259765625,2356.72802734375,7879.39990234375,54303.0,14337.7998046875,5319.39990234375
2014-10-21,1941.280029296875,4419.47998046875,6372.2998046875,8886.9599609375,4081.239990234375,14804.2802734375,23088.580078125,2339.656982421875,7927.75,52432.0,14547.7001953125,5325.0
2014-10-22,1927.1099853515625,4382.85009765625,6399.7001953125,8940.1396484375,4105.08984375,15195.76953125,23403.970703125,2326.552978515625,7995.89990234375,52411.0,14312.099609375,5385.89990234375
2014-10-23,1950.8199462890625,4452.7900390625,6419.2001953125,9047.3095703125,4157.68017578125,15138.9599609375,23333.1796875,2302.41796875,,50713.0,14486.7998046875,5383.10009765625
2014-10-24,1964.5799560546875,4483.72021484375,6388.7001953125,8987.7998046875,4128.89990234375,15291.6396484375,23302.19921875,2302.280029296875,,51941.0,14543.7998046875,5412.2001953125
2014-10-27,1961.6300048828125,4485.93017578125,6363.5,8902.6103515625,4096.740234375,15388.7197265625,23143.23046875,2290.43701171875,7991.7001953125,50504.0,14469.0,5459.0
2014-10-28,1985.050048828125,4564.2900390625,6402.2001953125,9068.1904296875,4112.669921875,15329.91015625,23520.359375,2337.87109375,8027.60009765625,52330.0,14624.2998046875,5452.60009765625
2014-10-29,1982.300048828125,4549.22998046875,6453.89990234375,9082.8095703125,4110.64013671875,15553.91015625,23819.869140625,2373.030029296875,8090.4501953125,51049.0,14527.599609375,5447.7001953125
2014-10-30,1994.6500244140625,4566.14013671875,6463.60009765625,9114.83984375,4141.240234375,15658.2001953125,23702.0390625,2391.075927734375,8169.2001953125,52337.0,14458.7001953125,5476.2001953125
2014-10-31,2018.050048828125,4630.740234375,6546.5,9326.8701171875,4233.08984375,16413.759765625,23998.060546875,2420.177978515625,8322.2001953125,54629.0,14613.2998046875,5526.60009765625
2014-11-03,2017.81005859375,4638.91015625,6488.0,9251.7001953125,4194.02978515625,,23915.970703125,2430.970947265625,8324.150390625,53947.0,14537.599609375,5506.89990234375
2014-11-04,2012.0999755859373,4623.64013671875,6454.0,9166.4697265625,4130.18994140625,16862.470703125,23845.66015625,2430.737060546875,,54384.0,14390.400390625,5519.89990234375
2014-11-05,2023.5699462890625,4620.72021484375,6539.10009765625,9315.48046875,4208.419921875,16937.3203125,23695.619140625,2420.39599609375,8338.2998046875,53698.0,14548.2998046875,5517.89990234375
2014-11-06,2031.2099609375,4638.47021484375,6551.2001953125,9377.41015625,4227.68017578125,16792.48046875,23649.310546875,2425.80908203125,,52637.0,14563.400390625,5506.10009765625
2014-11-07,2031.9200439453125,4632.52978515625,6567.2001953125,9291.830078125,4189.89013671875,16880.380859375,23550.240234375,2419.14599609375,8337.0,53223.0,14690.7998046875,5549.10009765625
2014-11-10,2038.260009765625,4651.6201171875,6611.2998046875,9351.8701171875,4222.81982421875,16780.529296875,23744.69921875,2473.18310546875,8344.25,52725.0,14709.7998046875,5524.0
2014-11-11,2039.6800537109373,4660.56005859375,6627.39990234375,9369.0302734375,4244.10009765625,17124.109375,23808.279296875,2470.594970703125,8362.650390625,52474.0,14760.2998046875,5517.10009765625
2014-11-12,2038.25,4675.14013671875,6611.0,9210.9599609375,4179.8798828125,17197.05078125,23938.1796875,2494.27587890625,8383.2998046875,52979.0,14856.2001953125,5463.10009765625
2014-11-13,2039.3299560546875,4680.14013671875,6635.5,9248.509765625,4187.9501953125,17392.7890625,24019.939453125,2486.669921875,8357.849609375,51846.0,14778.7998046875,5442.7001953125
2014-11-14,2039.8199462890625,4688.5400390625,6654.39990234375,9252.9404296875,4202.4599609375,17490.830078125,24087.380859375,2479.18505859375,8389.900390625,51772.0,14843.099609375,5454.2998046875
2014-11-17,2041.3199462890625,4671.0,6672.0,9306.349609375,4226.10009765625,16973.80078125,23797.080078125,2475.1201171875,8430.75,51257.0,14882.5,5412.5
2014-11-18,2051.800048828125,4702.43994140625,6709.10009765625,9456.5302734375,4262.3798828125,17344.060546875,23529.169921875,2457.529052734375,8425.900390625,52062.0,14973.0,5399.7001953125
2014-11-19,2048.719970703125,4675.7099609375,6696.60009765625,9472.7998046875,4266.18994140625,17288.75,23373.310546875,2451.1669921875,8382.2998046875,53403.0,14980.2001953125,5368.7998046875
2014-11-20,2052.75,4701.8701171875,6678.89990234375,9483.9697265625,4234.2099609375,17300.859375,23349.640625,2452.616943359375,8401.900390625,,15075.2001953125,5316.2001953125
2014-11-21,2063.5,4712.97021484375,6750.7998046875,9732.5498046875,4347.22998046875,17357.509765625,23437.119140625,2487.111083984375,8477.349609375,56084.0,15111.099609375,5304.2998046875
2014-11-24,2069.409912109375,4754.89013671875,6729.7998046875,9785.5400390625,4368.43994140625,,23893.140625,2533.887939453125,8530.150390625,55407.0,15015.400390625,5361.7998046875
2014-11-25,2067.030029296875,4758.25,6731.10009765625,9861.2099609375,4382.31005859375,17407.619140625,23843.91015625,2567.596923828125,8463.099609375,55561.0,15073.7001953125,5334.7998046875
2014-11-26,2072.830078125,4787.31982421875,6729.2001953125,9915.5595703125,4373.419921875,17383.580078125,24111.98046875,2604.886962890625,8475.75,55098.0,15038.400390625,5396.2001953125
2014-11-27,,,6723.39990234375,9974.8701171875,4382.33984375,17248.5,24004.279296875,2630.0458984375,8494.2001953125,54721.0,14922.400390625,5332.39990234375
2014-11-28,2067.56005859375,4791.6298828125,6722.60009765625,9980.849609375,4390.18017578125,17459.849609375,23987.44921875,2682.9189453125,8588.25,54664.0,14744.7001953125,5313.0
2014-12-01,2053.43994140625,4727.35009765625,6656.39990234375,9963.509765625,4377.330078125,17590.099609375,23367.44921875,2680.739990234375,8555.900390625,52276.0,14625.2998046875,5207.7001953125
2014-12-02,2066.550048828125,4755.81005859375,6742.10009765625,9934.080078125,4388.2998046875,17663.220703125,23654.30078125,2763.31689453125,8524.7001953125,51612.0,14620.099609375,5281.2998046875
2014-12-03,2074.330078125,4774.47021484375,6716.60009765625,9971.7900390625,4391.85986328125,17720.4296875,23428.619140625,2779.736083984375,8537.650390625,52320.0,14754.099609375,5321.7998046875
2014-12-04,2071.919921875,4769.43994140625,6679.39990234375,9851.349609375,4323.89013671875,17887.2109375,23832.560546875,2900.362060546875,8564.400390625,51427.0,14583.400390625,5368.7998046875
2014-12-05,2075.3701171875,4780.759765625,6742.7998046875,10087.1201171875,4419.47998046875,17920.44921875,24002.640625,2938.781005859375,8538.2998046875,51992.0,14473.7001953125,5335.2998046875
2014-12-08,2060.31005859375,4740.68994140625,6672.2001953125,10014.990234375,4375.47998046875,17935.640625,24047.669921875,3021.52392578125,8438.25,50274.0,14144.2001953125,5338.60009765625
2014-12-09,2059.820068359375,4766.47021484375,6529.5,9793.7099609375,4263.93994140625,17813.380859375,23485.830078125,2859.9189453125,8340.7001953125,50193.0,14195.7001953125,5282.7001953125
2014-12-10,2026.1400146484373,4684.02001953125,6500.0,9799.73046875,4227.91015625,17412.580078125,23524.51953125,2940.876953125,8355.650390625,49548.0,13853.0,5259.0
2014-12-11,2035.3299560546875,4708.16015625,6461.7001953125,9862.5302734375,4225.85986328125,17257.400390625,23312.5390625,2925.742919921875,8292.900390625,49861.0,13905.099609375,5231.0
2014-12-12,2002.3299560546875,4653.60009765625,6300.60009765625,9594.73046875,4108.93017578125,17371.580078125,23249.19921875,2938.173095703125,8224.099609375,48002.0,13731.099609375,5219.60009765625
2014-12-15,1989.6300048828125,4605.16015625,6182.7001953125,9334.009765625,4005.3798828125,17099.400390625,23027.849609375,2953.4208984375,8219.599609375,47019.0,13705.099609375,5186.10009765625
2014-12-16,1972.739990234375,4547.830078125,6331.7998046875,9563.8896484375,4093.199951171875,16755.3203125,22670.5,3021.51806640625,8067.60009765625,47008.0,13861.5,5152.2998046875
2014-12-17,2012.8900146484373,4644.31005859375,6336.5,9544.4296875,4111.91015625,16819.73046875,22585.83984375,3061.02001953125,8029.7998046875,48714.0,14213.900390625,5161.89990234375
2014-12-18,2061.22998046875,4748.39990234375,6466.0,9811.0595703125,4249.490234375,17210.05078125,22832.2109375,3057.52099609375,8159.2998046875,48496.0,14346.7998046875,5210.7998046875
2014-12-19,2070.64990234375,4765.3798828125,6545.2998046875,9786.9599609375,4241.64990234375,17621.400390625,23116.630859375,3108.595947265625,8225.2001953125,49651.0,14468.2998046875,5338.60009765625
2014-12-22,2078.5400390625,4781.419921875,6576.7001953125,9865.759765625,4254.43017578125,17635.140625,23408.5703125,3127.445068359375,8324.0,50121.0,14432.400390625,5442.0
2014-12-23,2082.169921875,4765.419921875,6598.2001953125,9922.1103515625,4314.97021484375,,23333.689453125,3032.612060546875,8267.0,50890.0,14594.0,5380.89990234375
2014-12-24,2081.8798828125,4773.47021484375,6609.89990234375,,4295.85009765625,17854.23046875,23349.33984375,2972.531982421875,8174.10009765625,,14609.2998046875,5394.5
2014-12-25,,,,,,17808.75,,,,,,
2014-12-26,2088.77001953125,4806.85986328125,,,,17818.9609375,,3157.60302734375,8200.7001953125,50145.0,,
2014-12-29,2090.570068359375,4806.91015625,6633.5,9927.1298828125,4317.93017578125,17729.83984375,23773.1796875,3168.01611328125,8246.2998046875,50594.0,14663.900390625,5473.7998046875
2014-12-30,2080.35009765625,4777.43994140625,6547.0,9805.5498046875,4245.5400390625,17450.76953125,23501.099609375,3165.81494140625,8248.25,50007.0,14640.0,5416.60009765625
2014-12-31,2058.89990234375,4736.0498046875,6566.10009765625,,4272.75,,23605.0390625,3234.677001953125,8282.7001953125,,14632.400390625,5411.0
2015-01-02,2058.199951171875,4726.81005859375,6547.7998046875,9764.73046875,4252.2900390625,,23721.30078125,,8395.4501953125,48512.0,14753.7001953125,5435.89990234375
2015-01-05,2020.5799560546875,4652.56982421875,6417.2001953125,9473.16015625,4111.35986328125,17408.7109375,23721.3203125,3350.51904296875,8378.400390625,47517.0,14392.7001953125,5450.2998046875
2015-01-06,2002.6099853515625,4592.740234375,6366.5,9469.66015625,4083.5,16883.189453125,23485.41015625,3351.446044921875,8127.35009765625,48001.0,14246.7998046875,5364.7998046875
2015-01-07,2025.9000244140625,4650.47021484375,6419.7998046875,9518.1796875,4112.72998046875,16885.330078125,23681.259765625,3373.9541015625,8102.10009765625,49463.0,14285.0,5353.60009765625
2015-01-08,2062.139892578125,4736.18994140625,6570.0,9837.6103515625,4260.18994140625,17167.099609375,23835.529296875,3293.4560546875,8234.599609375,49943.0,14457.7001953125,5381.5
2015-01-09,2044.81005859375,4704.06982421875,6501.10009765625,9648.5,4179.06982421875,17197.73046875,23919.94921875,3285.412109375,8284.5,48840.0,14384.900390625,5465.60009765625
2015-01-12,2028.260009765625,4664.7099609375,6501.39990234375,9781.900390625,4228.240234375,,24026.4609375,3229.31591796875,8323.0,48140.0,14265.0,5422.7001953125
2015-01-13,2023.030029296875,4661.5,6542.2001953125,9941.0,4290.27978515625,17087.7109375,24215.970703125,3235.301025390625,8299.400390625,48042.0,14187.2001953125,5404.7001953125
2015-01-14,2011.27001953125,4639.31982421875,6388.5,9817.080078125,4223.240234375,16795.9609375,24112.599609375,3222.43701171875,8277.5498046875,47646.0,14084.400390625,5353.60009765625
2015-01-15,1992.6700439453125,4570.81982421875,6498.7998046875,10032.6103515625,4323.2001953125,17108.69921875,24350.91015625,3336.455078125,8494.150390625,48026.0,14041.7998046875,5331.39990234375
2015-01-16,2019.4200439453125,4634.3798828125,6550.2998046875,10167.76953125,4379.6201171875,16864.16015625,24103.51953125,3376.4951171875,8513.7998046875,49017.0,14309.400390625,5299.2001953125
2015-01-19,,,6585.5,10242.349609375,4394.93017578125,17014.2890625,23738.490234375,3116.35107421875,8550.7001953125,47758.0,14312.5,5309.10009765625
2015-01-20,2022.550048828125,4654.85009765625,6620.10009765625,10257.1298828125,4446.02001953125,17366.30078125,23951.16015625,3173.052001953125,8695.599609375,47877.0,14308.400390625,5307.7001953125
2015-01-21,2032.1199951171875,4667.419921875,6728.0,10299.23046875,4484.81982421875,17280.48046875,24352.580078125,3323.611083984375,8729.5,49224.0,14560.400390625,5393.39990234375
2015-01-22,2063.14990234375,4750.39990234375,6796.60009765625,10435.6201171875,4552.7998046875,17329.01953125,24522.630859375,3343.343994140625,8761.400390625,49443.0,14764.0,5419.89990234375
2015-01-23,2051.820068359375,4757.8798828125,6832.7998046875,10649.580078125,4640.68994140625,17511.75,24850.44921875,3351.763916015625,8835.599609375,48775.0,14779.400390625,5501.7998046875
2015-01-26,2057.090087890625,4771.759765625,6852.39990234375,10798.330078125,4675.1298828125,17468.51953125,24909.900390625,3383.181884765625,,48577.0,14797.7998046875,
2015-01-27,2029.550048828125,4681.5,6811.60009765625,10628.580078125,4624.2099609375,17768.30078125,24807.279296875,3352.9599609375,8910.5,48591.0,14833.900390625,5547.2001953125
2015-01-28,2002.1600341796875,4637.990234375,6825.89990234375,10710.9697265625,4610.93994140625,17795.73046875,24861.810546875,3305.738037109375,8914.2998046875,47695.0,14602.900390625,5552.7998046875
2015-01-29,2021.25,4683.41015625,6810.60009765625,10737.8701171875,4631.43017578125,17606.220703125,24595.849609375,3262.304931640625,8952.349609375,47762.0,14637.2998046875,5569.5
2015-01-30,1994.989990234375,4635.240234375,6749.39990234375,10694.3203125,4604.25,17674.390625,24507.05078125,3210.363037109375,8808.900390625,46908.0,14673.5,5588.2998046875
2015-02-02,2020.8499755859373,4676.68994140625,6782.60009765625,10828.009765625,4627.669921875,17558.0390625,24484.740234375,3128.300048828125,8797.400390625,47651.0,14900.5,5625.2998046875
2015-02-03,2050.030029296875,4727.740234375,6871.7998046875,10890.9501953125,4677.89990234375,17335.849609375,24554.779296875,3204.906982421875,8756.5498046875,48964.0,15062.900390625,5707.39990234375
2015-02-04,2041.510009765625,4716.7001953125,6860.0,10911.3203125,4696.2998046875,17678.740234375,24679.759765625,3174.1259765625,8723.7001953125,49301.0,14995.7001953125,5777.2998046875
2015-02-05,2062.52001953125,4765.10009765625,6865.89990234375,10905.41015625,4703.2998046875,17504.619140625,24765.490234375,3136.531005859375,8711.7001953125,49234.0,15124.900390625,5811.0
2015-02-06,2055.469970703125,4744.39990234375,6853.39990234375,10846.3896484375,4691.02978515625,17648.5,24679.390625,3075.906982421875,8661.0498046875,48792.0,15083.900390625,5820.2001953125
2015-02-09,2046.739990234375,4726.009765625,6837.2001953125,10663.509765625,4651.080078125,17711.9296875,24521.0,3095.1240234375,8526.349609375,49383.0,15100.7001953125,5814.89990234375
2015-02-10,2068.590087890625,4787.64013671875,6829.10009765625,10753.830078125,4695.64990234375,17652.6796875,24528.099609375,3141.593017578125,8565.5498046875,48510.0,15112.5,5800.60009765625
2015-02-11,2068.530029296875,4801.18017578125,6818.2001953125,10752.1103515625,4679.3798828125,,24315.01953125,3157.7041015625,8627.400390625,48240.0,15151.5,5769.10009765625
2015-02-12,2088.47998046875,4857.60986328125,6828.10009765625,10919.650390625,4726.2001953125,17979.720703125,24422.150390625,3173.416015625,8711.5498046875,49533.0,15228.5,5743.60009765625
2015-02-13,2096.989990234375,4893.83984375,6873.5,10963.400390625,4759.35986328125,17913.359375,24682.5390625,3203.826904296875,8805.5,50636.0,15264.7998046875,5877.5
2015-02-16,,,6857.10009765625,10923.23046875,4751.9501953125,18004.76953125,24726.529296875,3222.363037109375,8809.349609375,,,5888.7001953125
2015-02-17,2100.340087890625,4899.27001953125,6898.10009765625,10895.6201171875,4753.990234375,17987.08984375,24784.880859375,3246.906005859375,,,15284.599609375,5858.2001953125
2015-02-18,2099.679931640625,4906.35986328125,6898.10009765625,10961.0,4799.02978515625,18199.169921875,24832.080078125,,8869.099609375,51280.0,15212.7998046875,5915.7001953125
2015-02-19,2097.449951171875,4924.7001953125,6888.89990234375,11001.9404296875,4833.27978515625,18264.7890625,,,8895.2998046875,51294.0,15180.2998046875,5904.2001953125
2015-02-20,2110.300048828125,4955.97021484375,6915.2001953125,11050.6396484375,4830.89990234375,18332.30078125,,,8833.599609375,51238.0,15172.2001953125,5881.5
2015-02-23,2109.659912109375,4960.97021484375,6912.2001953125,11130.919921875,4862.2998046875,18466.919921875,24836.759765625,,8754.9501953125,51281.0,15200.2998046875,5908.0
2015-02-24,2115.47998046875,4968.1201171875,6949.60009765625,11205.740234375,4886.43994140625,18603.48046875,24750.0703125,,8762.099609375,51874.0,15165.0,5927.0
2015-02-25,2113.860107421875,4967.14013671875,6935.39990234375,11210.26953125,4882.22021484375,18585.19921875,24778.279296875,3228.843017578125,8767.25,51811.0,15228.599609375,5944.89990234375
2015-02-26,2110.739990234375,4987.89013671875,6949.7001953125,11327.1904296875,4910.6201171875,18785.7890625,24902.060546875,3298.35888671875,8683.849609375,51761.0,15241.2001953125,5908.5
2015-02-27,2104.5,4963.52978515625,6946.7001953125,11401.66015625,4951.47998046875,18797.939453125,24823.2890625,3310.302978515625,8844.599609375,51583.0,15234.2998046875,5928.7998046875
2015-03-02,2117.389892578125,5008.10009765625,6940.60009765625,11410.3603515625,4917.31982421875,18826.880859375,24887.439453125,3336.284912109375,8956.75,51021.0,15264.099609375,5958.89990234375
2015-03-03,2107.780029296875,4979.89990234375,6889.10009765625,11280.3603515625,4869.25,18815.16015625,24702.779296875,3263.052001953125,8996.25,51304.0,15133.900390625,5933.89990234375
2015-03-04,2098.530029296875,4967.14013671875,6919.2001953125,11390.3798828125,4917.35009765625,18703.599609375,24465.380859375,3279.532958984375,8922.650390625,50468.0,15082.7998046875,5901.60009765625
2015-03-05,2101.0400390625,4982.81005859375,6961.10009765625,11504.009765625,4963.509765625,18751.83984375,24193.0390625,3248.47607421875,8937.75,50365.0,15103.099609375,5904.2001953125
2015-03-06,2071.260009765625,4927.3701171875,6911.7998046875,11550.9697265625,4964.35009765625,18971.0,24164.0,3241.18701171875,,49981.0,14952.5,5898.89990234375
2015-03-09,2079.429931640625,4942.43994140625,6876.5,11582.1103515625,4937.2001953125,18790.55078125,24123.05078125,3302.407958984375,8756.75,49181.0,14854.5,5821.2998046875
2015-03-10,2044.1600341796875,4859.7900390625,6702.7998046875,11500.3798828125,4881.9501953125,18665.109375,23896.98046875,3286.068115234375,8712.0498046875,48293.0,14641.7998046875,5824.2001953125
2015-03-11,2040.239990234375,4849.93994140625,6721.5,11805.990234375,4997.75,18723.51953125,23717.970703125,3290.89990234375,8699.9501953125,48906.0,14739.2001953125,5793.2001953125
2015-03-12,2065.949951171875,4893.2900390625,6761.10009765625,11799.3896484375,4987.330078125,18991.109375,23797.9609375,3349.322998046875,8776.0,48880.0,14770.7001953125,5850.2001953125
2015-03-13,2053.39990234375,4871.759765625,6740.60009765625,11901.6103515625,5010.4599609375,19254.25,23823.2109375,3372.910888671875,8647.75,48596.0,14731.5,5814.5
2015-03-16,2081.18994140625,4929.509765625,6804.10009765625,12167.7197265625,5061.16015625,19246.060546875,23949.55078125,3449.304931640625,8633.150390625,48848.0,14862.7998046875,5797.7001953125
2015-03-17,2074.280029296875,4937.43017578125,6837.60009765625,11980.849609375,5028.93017578125,19437.0,23901.490234375,3502.846923828125,8723.2998046875,50285.0,14898.5,5842.10009765625
2015-03-18,2099.5,4982.830078125,6945.2001953125,11922.76953125,5033.419921875,19544.48046875,24120.080078125,3577.301025390625,8685.900390625,51526.0,14962.2001953125,5842.2998046875
2015-03-19,2089.27001953125,4992.3798828125,6962.2998046875,11899.400390625,5037.18017578125,19476.560546875,24468.890625,3582.27099609375,8634.650390625,50954.0,14873.900390625,5950.7998046875
2015-03-20,2108.10009765625,5026.419921875,7022.5,12039.3701171875,5087.490234375,19560.220703125,24375.240234375,3617.318115234375,8570.900390625,51967.0,14942.400390625,5975.5
2015-03-23,2104.419921875,5010.97021484375,7037.7001953125,11895.83984375,5054.52001953125,19754.359375,24494.509765625,3687.72802734375,8550.900390625,51908.0,14957.2001953125,5956.10009765625
2015-03-24,2091.5,4994.72998046875,7019.7001953125,12005.6904296875,5088.27978515625,19713.44921875,24399.599609375,3691.409912109375,8542.9501953125,51506.0,15081.2998046875,5969.10009765625
2015-03-25,2061.050048828125,4876.52001953125,6991.0,11865.3203125,5020.990234375,19746.19921875,24528.23046875,3660.72705078125,8530.7998046875,51858.0,14929.400390625,5973.2998046875
2015-03-26,2056.14990234375,4863.35986328125,6895.2998046875,11843.6796875,5006.35009765625,19471.119140625,24497.080078125,3682.094970703125,8342.150390625,50580.0,14869.7998046875,5879.10009765625
2015-03-27,2061.02001953125,4891.22021484375,6855.0,11868.330078125,5034.06005859375,19285.630859375,24486.19921875,3691.095947265625,8341.400390625,50095.0,14812.400390625,5919.89990234375
2015-03-30,2086.239990234375,4947.43994140625,6891.39990234375,12086.009765625,5083.52001953125,19411.400390625,24855.119140625,3786.568115234375,8492.2998046875,51243.0,14908.400390625,5846.10009765625
2015-03-31,2067.889892578125,4900.8798828125,6773.0,11966.169921875,5033.64013671875,19206.990234375,24900.890625,3747.89892578125,8491.0,51150.0,14902.400390625,5891.5
2015-04-01,2059.68994140625,4880.22998046875,6809.5,12001.3798828125,5062.22021484375,19034.83984375,25082.75,3810.2939453125,8586.25,52322.0,14942.599609375,5860.7998046875
2015-04-02,2066.9599609375,4886.93994140625,6833.5,11967.3896484375,5074.14013671875,19312.7890625,25275.640625,3825.783935546875,,53123.0,15026.599609375,5898.60009765625
2015-04-03,,,,,,19435.080078125,,3863.928955078125,,,,
2015-04-06,2080.6201171875,4917.31982421875,,,,19397.98046875,,,8659.900390625,53737.0,15100.7001953125,
2015-04-07,2076.330078125,4910.22998046875,6961.7998046875,12123.51953125,5151.18994140625,19640.5390625,,3961.3779296875,8660.2998046875,53729.0,15188.7998046875,5926.0
2015-04-08,2081.89990234375,4950.81982421875,6937.39990234375,12035.8603515625,5136.85986328125,19789.810546875,26236.859375,3994.81103515625,8714.400390625,53661.0,15213.599609375,5960.7001953125
2015-04-09,2091.179931640625,4974.56005859375,7015.39990234375,12166.4404296875,5208.9501953125,19937.720703125,26944.390625,3957.533935546875,8778.2998046875,53803.0,15326.2998046875,5932.2001953125
2015-04-10,2102.06005859375,4995.97998046875,7089.7998046875,12374.73046875,5240.4599609375,19907.630859375,27272.390625,4034.31005859375,8780.349609375,54214.0,15388.400390625,5968.39990234375
2015-04-13,2092.429931640625,4988.25,7064.2998046875,12338.73046875,5254.1201171875,19905.4609375,28016.33984375,4121.71484375,8834.0,54240.0,15383.599609375,5960.2998046875
2015-04-14,2095.840087890625,4977.2900390625,7075.2998046875,12227.599609375,5218.06005859375,19908.6796875,27561.490234375,4135.56494140625,,53982.0,15389.2998046875,5946.60009765625
2015-04-15,2106.6298828125,5011.02001953125,7096.7998046875,12231.33984375,5254.35009765625,19869.759765625,27618.8203125,4084.1630859375,,54919.0,15450.900390625,5908.39990234375
2015-04-16,2104.989990234375,5007.7900390625,7060.5,11998.8603515625,5224.490234375,19885.76953125,27739.7109375,4194.8232421875,8706.7001953125,54674.0,15386.7998046875,5947.5
2015-04-17,2081.179931640625,4931.81005859375,6994.60009765625,11688.7001953125,5143.259765625,19652.880859375,27653.119140625,4287.2958984375,8606.0,53955.0,15360.599609375,5877.89990234375
2015-04-20,2100.39990234375,4994.60009765625,7052.10009765625,11891.91015625,5187.58984375,19634.490234375,27094.9296875,4217.0771484375,8448.099609375,53761.0,15412.599609375,5833.10009765625
2015-04-21,2097.2900390625,5014.10009765625,7062.89990234375,11939.580078125,5192.64013671875,19909.08984375,27850.490234375,4293.623046875,8377.75,,15346.400390625,5872.2998046875
2015-04-22,2107.9599609375,5035.169921875,7028.2001953125,11867.3701171875,5211.08984375,20133.900390625,27933.849609375,4398.494140625,8429.7001953125,54617.0,15304.7998046875,5837.5
2015-04-23,2112.929931640625,5056.06005859375,7053.7001953125,11723.580078125,5178.91015625,20187.650390625,27827.69921875,4414.5078125,8398.2998046875,55685.0,15392.400390625,5844.7998046875
2015-04-24,2117.68994140625,5092.080078125,7070.7001953125,11810.849609375,5201.4501953125,20020.0390625,28060.98046875,4393.68603515625,8305.25,56594.0,15408.2998046875,5933.2998046875
2015-04-27,2108.919921875,5060.25,7104.0,12039.16015625,5268.91015625,19983.3203125,28433.58984375,4527.39599609375,8213.7998046875,55535.0,15344.099609375,5982.7001953125
2015-04-28,2114.760009765625,5055.419921875,7030.5,11811.66015625,5173.3798828125,20058.94921875,28442.75,4476.21484375,8285.599609375,55812.0,15346.099609375,5948.5
2015-04-29,2106.85009765625,5023.64013671875,6946.2998046875,11432.7197265625,5039.39013671875,,28400.33984375,4476.6201171875,8239.75,55325.0,15347.2998046875,5838.60009765625
2015-04-30,2085.510009765625,4941.419921875,6960.60009765625,11454.3798828125,5046.490234375,19520.009765625,28133.0,4441.65478515625,8181.5,56229.0,15224.5,5790.0
2015-05-01,2108.2900390625,5005.39013671875,6986.0,,,19531.630859375,,,,,15339.7998046875,5814.39990234375
2015-05-04,2114.489990234375,5016.93017578125,,11619.849609375,5081.97021484375,,28123.8203125,4480.4638671875,8331.9501953125,57354.0,15367.5,5827.5
2015-05-05,2089.4599609375,4939.330078125,6927.60009765625,11327.6796875,4974.06982421875,,27755.5390625,4298.7060546875,8324.7998046875,58052.0,15173.900390625,5826.5
2015-05-06,2080.14990234375,4919.64013671875,6933.7001953125,11350.150390625,4981.58984375,,27640.91015625,4229.26611328125,8097.0,57103.0,15023.900390625,5692.2001953125
2015-05-07,2088.0,4945.5400390625,6887.0,11407.9697265625,4967.22021484375,19291.990234375,27289.970703125,4112.2138671875,8057.2998046875,56921.0,15088.7998046875,5645.7001953125
2015-05-08,2116.10009765625,5003.5498046875,7046.7998046875,11709.73046875,5090.39013671875,19379.189453125,27577.33984375,4205.9169921875,8191.5,57149.0,15170.0,5634.60009765625
2015-05-11,2105.330078125,4993.56982421875,7029.89990234375,11673.349609375,5027.8701171875,19620.91015625,27718.19921875,4333.583984375,8325.25,57197.0,15152.599609375,5625.2001953125
2015-05-12,2099.1201171875,4976.18994140625,6933.7998046875,11472.41015625,4974.64990234375,19624.83984375,27407.1796875,4401.21923828125,8126.9501953125,56792.0,15043.2001953125,5674.7001953125
2015-05-13,2098.47998046875,4981.68994140625,6949.60009765625,11351.4599609375,4961.85986328125,19764.720703125,27249.279296875,4375.759765625,8235.4501953125,56372.0,14980.7001953125,5715.10009765625
2015-05-14,2121.10009765625,5050.7998046875,6973.0,11559.8203125,5029.31005859375,19570.240234375,27286.55078125,4378.31103515625,8224.2001953125,56657.0,15028.099609375,5696.60009765625
2015-05-15,2122.72998046875,5048.2900390625,6960.5,11447.0302734375,4993.81982421875,19732.919921875,27822.279296875,4308.69091796875,8262.349609375,57249.0,15108.099609375,5735.5
2015-05-18,2129.199951171875,5078.43994140625,6968.89990234375,11594.2802734375,5012.31005859375,19890.26953125,27591.25,4283.4912109375,8373.650390625,56204.0,,5659.2001953125
2015-05-19,2127.830078125,5070.02978515625,6995.10009765625,11853.330078125,5117.2998046875,20026.380859375,27693.5390625,4417.5517578125,8365.650390625,55499.0,15121.0,5615.5
2015-05-20,2125.85009765625,5071.740234375,7007.2998046875,11848.4697265625,5133.2998046875,20196.560546875,27585.05078125,4446.2880859375,8423.25,54901.0,15072.7998046875,5610.2998046875
2015-05-21,2130.820068359375,5090.7900390625,7013.5,11864.58984375,5146.7001953125,20202.869140625,27523.720703125,4529.421875,8421.0,55112.0,15203.599609375,5662.2998046875
2015-05-22,2126.06005859375,5089.35986328125,7031.7001953125,11815.009765625,5142.89013671875,20264.41015625,27992.830078125,4657.59619140625,8458.9501953125,54377.0,15200.7998046875,5664.7001953125
2015-05-25,,,,,5117.169921875,20413.76953125,,4813.7978515625,8370.25,54609.0,15187.400390625,5721.5
2015-05-26,2104.199951171875,5032.75,6949.0,11625.1298828125,5083.5400390625,20437.48046875,28249.859375,4910.89697265625,8339.349609375,53630.0,15050.7998046875,5773.39990234375
2015-05-27,2123.47998046875,5106.58984375,7033.2998046875,11771.1298828125,5182.52978515625,20472.580078125,28081.2109375,4941.7138671875,8334.599609375,54236.0,15110.5,5725.2998046875
2015-05-28,2120.7900390625,5097.97998046875,7040.89990234375,11677.5703125,5137.830078125,20551.4609375,27454.310546875,4620.26611328125,8319.0,53976.0,15107.0,5713.10009765625
2015-05-29,2107.389892578125,5070.02978515625,6984.39990234375,11413.8203125,5007.89013671875,20563.150390625,27424.189453125,4611.744140625,8433.650390625,52760.0,15014.099609375,5777.2001953125
2015-06-01,2111.72998046875,5082.93017578125,6953.60009765625,11436.0498046875,5025.2998046875,20569.869140625,27597.16015625,4828.73779296875,8433.400390625,53031.0,15074.099609375,5735.39990234375
2015-06-02,2109.60009765625,5076.52001953125,6928.2998046875,11328.7998046875,5004.4599609375,20543.189453125,27466.720703125,4910.52685546875,8236.4501953125,54236.0,15104.7001953125,5636.0
2015-06-03,2114.070068359375,5099.22998046875,6950.5,11419.6201171875,5034.169921875,20473.509765625,27657.470703125,4909.97802734375,8135.10009765625,53523.0,15154.7001953125,5583.60009765625
2015-06-04,2095.840087890625,5059.1201171875,6859.2001953125,11340.599609375,4987.1298828125,20488.189453125,27551.890625,4947.10205078125,8130.64990234375,,15019.400390625,5504.2998046875
2015-06-05,2092.830078125,5068.4599609375,6804.60009765625,11197.150390625,4920.740234375,20460.900390625,27260.16015625,5023.09619140625,8114.7001953125,52973.0,14957.2001953125,5498.5
2015-06-08,2079.280029296875,5021.6298828125,6790.0,11064.919921875,4857.66015625,20457.189453125,27316.279296875,5131.880859375,8044.14990234375,52810.0,14743.2998046875,
2015-06-09,2080.14990234375,5013.8701171875,6753.7998046875,11001.2900390625,4850.22021484375,20096.30078125,26989.51953125,5113.5341796875,8022.39990234375,52816.0,14817.7001953125,5471.2998046875
2015-06-10,2105.199951171875,5076.68994140625,6830.2998046875,11265.3896484375,4934.91015625,20046.359375,26687.640625,5106.0361328125,8124.4501953125,53876.0,14889.0,5478.60009765625
2015-06-11,2108.860107421875,5082.509765625,6846.7001953125,11332.7802734375,4971.3701171875,20382.970703125,26907.849609375,5121.5927734375,7965.35009765625,53689.0,14830.900390625,5556.7001953125
2015-06-12,2094.110107421875,5051.10009765625,6784.89990234375,11196.490234375,4901.18994140625,20407.080078125,27280.5390625,5166.35009765625,7982.89990234375,53348.0,14741.2001953125,5545.2998046875
2015-06-15,2084.429931640625,5029.97021484375,6710.5,10984.9697265625,4815.35986328125,20387.7890625,26861.810546875,5062.9931640625,8013.89990234375,53138.0,14756.099609375,5538.7998046875
2015-06-16,2096.2900390625,5055.5498046875,6710.10009765625,11044.009765625,4839.85986328125,20257.939453125,26566.69921875,4887.43212890625,8047.2998046875,53702.0,14753.099609375,5535.7998046875
2015-06-17,2100.43994140625,5064.8798828125,6680.60009765625,10978.009765625,4790.6201171875,20219.26953125,26753.7890625,4967.89794921875,8091.5498046875,53249.0,14733.0,5595.39990234375
2015-06-18,2121.239990234375,5132.9501953125,6707.89990234375,11100.2998046875,4803.47998046875,19990.8203125,26694.66015625,4785.35595703125,8174.60009765625,54239.0,14770.599609375,5524.89990234375
2015-06-19,2109.989990234375,5117.0,6710.5,11040.099609375,4815.3701171875,20174.240234375,26760.529296875,4478.36376953125,8224.9501953125,53749.0,14653.099609375,5597.0
2015-06-22,2122.85009765625,5153.97021484375,6825.7001953125,11460.5,4998.60986328125,20428.189453125,27080.849609375,,8353.099609375,53864.0,14790.5,5610.2001953125
2015-06-23,2124.199951171875,5160.08984375,6834.89990234375,11542.5400390625,5057.68017578125,20809.419921875,27333.4609375,4576.4921875,8381.5498046875,53772.0,14904.900390625,5684.2998046875
2015-06-24,2108.580078125,5122.41015625,6844.7998046875,11471.259765625,5045.35009765625,20868.029296875,27404.970703125,4690.14990234375,8360.849609375,53843.0,14947.5,5686.7998046875
2015-06-25,2102.31005859375,5112.18994140625,6807.7998046875,11473.1298828125,5041.7099609375,20771.400390625,27145.75,4527.77880859375,8398.0,53176.0,14897.5,5632.7001953125
2015-06-26,2101.489990234375,5080.509765625,6753.7001953125,11492.4296875,5059.169921875,20706.150390625,26663.869140625,4192.873046875,8381.099609375,54017.0,14808.099609375,5545.89990234375
2015-06-29,2057.639892578125,4958.47021484375,6620.5,11083.2001953125,4869.81982421875,20109.94921875,25966.98046875,4053.030029296875,8318.400390625,53014.0,14490.2001953125,5422.5
2015-06-30,2063.110107421875,4986.8701171875,6521.0,10944.9697265625,4790.2001953125,20235.73046875,26250.029296875,4277.22216796875,8368.5,53081.0,14553.2998046875,5459.0
2015-07-01,2077.419921875,5013.1201171875,6608.60009765625,11180.5,4883.18994140625,20329.3203125,,4053.699951171875,8453.0498046875,52758.0,,5515.7001953125
2015-07-02,2076.780029296875,5009.2099609375,6630.5,11099.349609375,4835.56005859375,20522.5,26282.3203125,3912.76708984375,8444.900390625,53106.0,14638.0,5599.7998046875
2015-07-03,,,6585.7998046875,11058.3896484375,4808.22021484375,20539.7890625,26064.109375,3686.9150390625,8484.900390625,52519.0,14682.400390625,5538.2998046875
2015-07-06,2068.760009765625,4991.93994140625,6535.7001953125,10890.6298828125,4711.5400390625,20112.119140625,25236.279296875,3775.912109375,8522.150390625,52149.0,14593.599609375,5475.0
2015-07-07,2081.340087890625,4997.4599609375,6432.2001953125,10676.7802734375,4604.64013671875,20376.58984375,24975.310546875,3727.125,8510.7998046875,52344.0,14624.5,5581.39990234375
2015-07-08,2046.6800537109373,4909.759765625,6490.7001953125,10747.2998046875,4639.02001953125,19737.640625,23516.560546875,3507.19189453125,8363.0498046875,51782.0,14412.099609375,5469.5
2015-07-09,2051.31005859375,4922.39990234375,6581.60009765625,10996.41015625,4757.22021484375,19855.5,24392.7890625,3709.330078125,8328.5498046875,,14278.5,5471.0
2015-07-10,2076.6201171875,4997.7001953125,6673.39990234375,11315.6298828125,4903.06982421875,19779.830078125,24901.279296875,3877.802978515625,8360.5498046875,52591.0,14411.099609375,5492.0
2015-07-13,2099.60009765625,5071.509765625,6738.0,11484.3798828125,4998.10009765625,20089.76953125,25224.009765625,3970.387939453125,8459.650390625,53119.0,14533.2001953125,5473.2001953125
2015-07-14,2108.949951171875,5104.89013671875,6753.7998046875,11516.900390625,5032.47021484375,20385.330078125,25120.91015625,3924.487060546875,8454.099609375,53239.0,14599.400390625,5577.39990234375
2015-07-15,2107.39990234375,5098.93994140625,6753.7998046875,11539.66015625,5047.240234375,20463.330078125,25055.759765625,3805.702880859375,8523.7998046875,52902.0,14662.2998046875,5636.2001953125
2015-07-16,2124.2900390625,5163.18017578125,6796.5,11716.759765625,5121.5,20600.119140625,25162.779296875,3823.176025390625,8608.0498046875,53070.0,14731.099609375,5669.60009765625
2015-07-17,2126.639892578125,5210.14013671875,6775.10009765625,11673.419921875,5124.39013671875,20650.919921875,25415.26953125,3957.35205078125,8609.849609375,52342.0,14642.7998046875,5670.10009765625
2015-07-20,2128.280029296875,5218.85986328125,6788.7001953125,11735.7197265625,5142.490234375,,25404.810546875,3992.110107421875,8603.4501953125,51600.0,14425.599609375,5686.89990234375
2015-07-21,2119.2099609375,5208.1201171875,6769.10009765625,11604.7998046875,5106.56982421875,20841.970703125,25536.4296875,4017.675048828125,8529.4501953125,51474.0,14376.2001953125,5706.7001953125
2015-07-22,2114.14990234375,5171.77001953125,6667.2998046875,11520.669921875,5082.56982421875,20593.669921875,25282.619140625,4026.044921875,8633.5,50916.0,14307.099609375,5614.60009765625
2015-07-23,2102.14990234375,5146.41015625,6655.0,11512.1103515625,5086.740234375,20683.94921875,25398.849609375,4123.9228515625,8589.7998046875,49807.0,14265.400390625,5590.2998046875
2015-07-24,2079.64990234375,5088.6298828125,6579.7998046875,11347.4501953125,5057.35986328125,20544.529296875,25128.509765625,4070.907958984375,8521.5498046875,49246.0,14186.2001953125,5566.10009765625
2015-07-27,2067.639892578125,5039.77978515625,6505.10009765625,11056.400390625,4927.60009765625,20350.099609375,24351.9609375,3725.55810546875,8361.0,48736.0,14001.400390625,5589.89990234375
2015-07-28,2093.25,5089.2099609375,6555.2998046875,11173.91015625,4977.31982421875,20328.890625,24503.939453125,3663.001953125,8337.0,49602.0,14077.400390625,5584.7001953125
2015-07-29,2108.570068359375,5111.72998046875,6631.0,11211.849609375,5017.43994140625,20302.91015625,24619.44921875,3789.16796875,8375.0498046875,50245.0,14301.7998046875,5624.2001953125
2015-07-30,2108.6298828125,5128.77978515625,6668.89990234375,11257.150390625,5046.419921875,20522.830078125,24497.98046875,3705.76611328125,8421.7998046875,49897.0,14382.7998046875,5669.5
2015-07-31,2103.840087890625,5128.27978515625,6696.2998046875,11308.990234375,5082.60986328125,20585.240234375,24636.279296875,3663.72607421875,8532.849609375,50865.0,14468.400390625,5699.2001953125
2015-08-03,2098.0400390625,5115.3798828125,6688.60009765625,11443.7197265625,5120.52001953125,20548.109375,24411.419921875,3622.905029296875,8543.0498046875,50138.0,,5679.2998046875
2015-08-04,2093.320068359375,5105.5498046875,6686.60009765625,11456.0703125,5112.14013671875,20520.359375,24406.119140625,3756.544921875,8516.900390625,50058.0,14491.099609375,5697.89990234375
2015-08-05,2099.840087890625,5139.93994140625,6752.39990234375,11636.2998046875,5196.72998046875,20614.060546875,24514.16015625,3694.572998046875,8567.9501953125,50287.0,14503.0,5674.0
2015-08-06,2083.56005859375,5056.43994140625,6747.10009765625,11585.099609375,5192.10986328125,20664.439453125,24375.279296875,3661.5390625,8588.650390625,50011.0,14405.900390625,5610.10009765625
2015-08-07,2077.570068359375,5043.5400390625,6718.5,11490.830078125,5154.75,20724.560546875,24552.470703125,3744.205078125,8564.599609375,48577.0,14302.7001953125,5474.7998046875
2015-08-10,2104.179931640625,5101.7998046875,6736.2001953125,11604.7802734375,5195.41015625,20808.689453125,24521.119140625,3928.4150390625,8525.599609375,49353.0,14466.400390625,5509.2001953125
2015-08-11,2084.070068359375,5036.7900390625,6664.5,11293.650390625,5099.02978515625,20720.75,24498.2109375,3927.907958984375,8462.349609375,49072.0,14414.7001953125,5473.2001953125
2015-08-12,2086.050048828125,5044.39013671875,6571.2001953125,10924.6103515625,4925.43017578125,20392.76953125,23916.01953125,3886.320068359375,8349.4501953125,48388.0,14339.5,5382.10009765625
2015-08-13,2083.389892578125,5033.56005859375,6568.2998046875,11014.6298828125,4986.85009765625,20595.55078125,24018.80078125,3954.555908203125,8355.849609375,48010.0,14238.400390625,5387.89990234375
2015-08-14,2091.5400390625,5048.240234375,6550.7001953125,10985.1396484375,4956.47021484375,20519.44921875,23991.029296875,3965.3349609375,8518.5498046875,47508.0,14277.900390625,5356.5
2015-08-17,2102.43994140625,5091.7001953125,6550.2998046875,10940.330078125,4984.830078125,20620.259765625,23814.650390625,3993.66796875,8477.2998046875,47217.0,14251.5,5367.7001953125
2015-08-18,2096.919921875,5059.35009765625,6526.2998046875,10915.919921875,4971.25,20554.470703125,23474.970703125,3748.1640625,8466.5498046875,47451.0,14193.900390625,5303.10009765625
2015-08-19,2079.610107421875,5019.0498046875,6403.5,10682.150390625,4884.10009765625,20222.630859375,23167.849609375,3794.10888671875,8495.150390625,46588.0,14036.599609375,5380.2001953125
2015-08-20,2035.72998046875,4877.490234375,6367.89990234375,10432.1904296875,4783.5498046875,20033.51953125,22757.470703125,3664.291015625,8372.75,46649.0,13737.0,5288.60009765625
2015-08-21,1970.8900146484373,4706.0400390625,6187.7001953125,10124.51953125,4630.990234375,19435.830078125,22409.619140625,3507.743896484375,8299.9501953125,45720.0,13473.7001953125,5214.60009765625
2015-08-24,1893.2099609375,4526.25,5898.89990234375,9648.4296875,4383.4599609375,18540.6796875,21251.5703125,3209.905029296875,7809.0,44336.0,13052.7001953125,5001.2998046875
2015-08-25,1867.6099853515625,4506.490234375,6081.2998046875,10128.1201171875,4564.85986328125,17806.69921875,21404.9609375,2964.967041015625,7880.7001953125,44545.0,13150.900390625,5137.2998046875
2015-08-26,1940.510009765625,4697.5400390625,5979.2001953125,9997.4296875,4501.0498046875,18376.830078125,21080.390625,2927.2880859375,7791.85009765625,46038.0,13381.599609375,5172.7998046875
2015-08-27,1987.6600341796875,4812.7099609375,6192.0,10315.6201171875,4658.18017578125,18574.439453125,21838.5390625,3083.591064453125,7948.9501953125,47715.0,13766.7001953125,5233.2998046875
2015-08-28,1988.8699951171875,4828.31982421875,6247.89990234375,10298.5302734375,4675.1298828125,19136.3203125,21612.390625,3232.35009765625,8001.9501953125,47154.0,13865.099609375,5263.60009765625
2015-08-31,1972.1800537109373,4776.509765625,,10259.4599609375,4652.9501953125,18890.48046875,21670.580078125,3205.986083984375,7971.2998046875,46626.0,13859.099609375,5207.0
2015-09-01,1913.8499755859373,4636.10009765625,6058.5,10015.5703125,4541.16015625,18165.689453125,21185.4296875,3166.6240234375,7785.85009765625,45477.0,13481.900390625,5096.39990234375
2015-09-02,1948.8599853515625,4749.97998046875,6083.2998046875,10048.0498046875,4554.919921875,18095.400390625,20934.939453125,3160.1669921875,7717.0,46464.0,13545.2998046875,5101.5
2015-09-03,1951.1300048828125,4733.5,6194.10009765625,10317.83984375,4653.7900390625,18182.390625,,,7823.0,47366.0,13596.400390625,5027.7998046875
2015-09-04,1921.219970703125,4683.919921875,6042.89990234375,10038.0400390625,4523.080078125,17792.16015625,20840.609375,,7655.0498046875,46498.0,13478.2998046875,5040.60009765625
2015-09-07,,,6074.5,10108.6103515625,4549.64013671875,17860.470703125,20583.51953125,3080.419921875,7558.7998046875,,,5030.39990234375
2015-09-08,1969.4100341796875,4811.93017578125,6146.10009765625,10271.3603515625,4598.259765625,17427.080078125,21259.0390625,3170.451904296875,7688.25,46762.0,13630.7001953125,5115.2001953125
2015-09-09,1942.0400390625,4756.52978515625,6229.0,10303.1201171875,4664.58984375,18770.509765625,22131.310546875,3243.089111328125,7818.60009765625,46657.0,13531.900390625,5221.10009765625
2015-09-10,1952.2900390625,4796.25,6155.7998046875,10210.4404296875,4596.52978515625,18299.619140625,21562.5,3197.89306640625,7788.10009765625,46504.0,13569.900390625,5095.0
2015-09-11,1961.050048828125,4822.33984375,6117.7998046875,10123.5595703125,4548.72021484375,18264.220703125,21504.369140625,3200.23388671875,7789.2998046875,46401.0,13461.5,5071.10009765625
2015-09-14,1953.030029296875,4805.759765625,6084.60009765625,10131.740234375,4518.14990234375,17965.69921875,21561.900390625,3114.798095703125,7872.25,47282.0,13353.2998046875,5096.5
2015-09-15,1978.0899658203125,4860.52001953125,6137.60009765625,10188.1298828125,4569.3701171875,18026.48046875,21455.23046875,3005.172119140625,7829.10009765625,47364.0,13462.7001953125,5018.39990234375
2015-09-16,1995.31005859375,4889.240234375,6229.2001953125,10227.2099609375,4645.83984375,18171.599609375,21966.66015625,3152.262939453125,7899.14990234375,48553.0,13763.7998046875,5098.89990234375
2015-09-17,1990.199951171875,4893.9501953125,6187.0,10229.580078125,4655.14013671875,18432.26953125,21854.630859375,3086.06103515625,,48551.0,13787.2001953125,5146.7998046875
2015-09-18,1958.030029296875,4827.22998046875,6104.10009765625,9916.16015625,4535.85009765625,18070.2109375,21920.830078125,3097.9169921875,7981.89990234375,47264.0,13646.900390625,5170.5
2015-09-21,1966.969970703125,4828.9501953125,6108.7001953125,9948.509765625,4585.5,,21756.9296875,3156.5400390625,7977.10009765625,46590.0,13779.400390625,5066.2001953125
2015-09-22,1942.739990234375,4756.72021484375,5935.7998046875,9570.66015625,4428.509765625,,21796.580078125,3185.618896484375,7812.0,46265.0,13491.099609375,5103.60009765625
2015-09-23,1938.760009765625,4752.740234375,6032.2001953125,9612.6201171875,4432.830078125,,21302.91015625,3115.887939453125,7845.9501953125,45340.0,13383.7001953125,4998.10009765625
2015-09-24,1932.239990234375,4734.47998046875,5961.5,9427.6396484375,4347.240234375,17571.830078125,21095.98046875,3142.68701171875,7868.5,45292.0,13338.7001953125,5071.7001953125
2015-09-25,1931.3399658203125,4686.5,6109.0,9688.5302734375,4480.66015625,17880.509765625,21186.3203125,3092.346923828125,,44831.0,13378.599609375,5042.10009765625
2015-09-28,1881.77001953125,4543.97021484375,5958.89990234375,9483.5498046875,4357.0498046875,17645.109375,,3100.756103515625,7795.7001953125,43957.0,13004.599609375,5113.5
2015-09-29,1884.0899658203125,4517.31982421875,5909.2001953125,9450.400390625,4343.72998046875,16930.83984375,20556.599609375,3038.136962890625,7843.2998046875,44132.0,13037.0,4918.39990234375
2015-09-30,1920.030029296875,4620.16015625,6061.60009765625,9660.4404296875,4455.2900390625,17388.150390625,20846.30078125,3052.781005859375,7948.89990234375,45059.0,13307.0,5021.60009765625
2015-10-01,1923.8199462890625,4627.080078125,6072.5,9509.25,4426.5400390625,17722.419921875,,,7950.89990234375,45313.0,13241.900390625,5112.10009765625
2015-10-02,1951.3599853515625,4707.77978515625,6130.0,9553.0703125,4458.8798828125,17725.130859375,21506.08984375,,,47033.0,13339.7001953125,5052.0
2015-10-05,1987.050048828125,4781.259765625,6298.89990234375,9814.7900390625,4616.89990234375,18005.490234375,21854.5,,8119.2998046875,47598.0,13552.2001953125,5150.5
2015-10-06,1979.9200439453125,4748.35986328125,6326.2001953125,9902.830078125,4660.64013671875,18186.099609375,21831.619140625,,8152.89990234375,47735.0,13647.2998046875,5167.39990234375
2015-10-07,1995.8299560546875,4791.14990234375,6336.39990234375,9970.400390625,4667.33984375,18322.98046875,22515.759765625,,8177.39990234375,48914.0,13868.400390625,5197.89990234375
2015-10-08,2013.4300537109373,4810.7900390625,6374.7998046875,9993.0703125,4675.91015625,18141.169921875,22354.91015625,3143.35693359375,8129.35009765625,49107.0,13978.7001953125,5210.39990234375
2015-10-09,2014.8900146484373,4830.47021484375,6416.2001953125,10096.599609375,4701.39013671875,18438.669921875,22458.80078125,3183.152099609375,8189.7001953125,49338.0,13964.400390625,5279.7001953125
2015-10-12,2017.4599609375,4838.64013671875,6371.2001953125,10119.830078125,4688.7001953125,,22730.9296875,3287.662109375,8143.60009765625,,,5232.89990234375
2015-10-13,2003.68994140625,4796.60986328125,6342.2998046875,10032.8203125,4643.3798828125,18234.740234375,22600.4609375,3293.22998046875,8131.7001953125,47363.0,13844.7001953125,5202.89990234375
2015-10-14,1994.239990234375,4782.85009765625,6269.60009765625,9915.849609375,4609.02978515625,17891.0,22439.91015625,3262.44091796875,8107.89990234375,46710.0,13875.2998046875,5197.2998046875
2015-10-15,2023.8599853515625,4870.10009765625,6338.7001953125,10064.7998046875,4675.2900390625,18096.900390625,22888.169921875,3338.072998046875,8179.5,47161.0,13829.0,5230.0
2015-10-16,2033.1099853515625,4886.68994140625,6378.0,10104.4296875,4702.7900390625,18291.80078125,23067.369140625,3391.35205078125,8238.150390625,47236.0,13838.099609375,5268.2001953125
2015-10-19,2033.6600341796875,4905.47021484375,6352.2998046875,10164.3095703125,4704.06982421875,18131.23046875,23075.609375,3386.699951171875,8275.0498046875,47447.0,13758.400390625,5269.7001953125
2015-10-20,2030.77001953125,4880.97021484375,6345.10009765625,10147.6796875,4673.81005859375,18207.150390625,22989.220703125,3425.330078125,8261.650390625,47077.0,13841.900390625,5235.60009765625
2015-10-21,2018.93994140625,4840.1201171875,6348.39990234375,10238.099609375,4695.10009765625,18554.279296875,,3320.676025390625,8251.7001953125,47026.0,13704.2001953125,5248.2998046875
2015-10-22,2052.510009765625,4920.0498046875,6376.2998046875,10491.9697265625,4802.18017578125,18435.869140625,22845.369140625,3368.739013671875,,47772.0,13878.099609375,5263.7998046875
2015-10-23,2075.14990234375,5031.85986328125,6444.10009765625,10794.5400390625,4923.64013671875,18825.30078125,23151.939453125,3412.43408203125,8295.4501953125,47597.0,13953.7001953125,5351.60009765625
2015-10-26,2071.179931640625,5034.7001953125,6417.0,10801.33984375,4897.1298828125,18947.119140625,23116.25,3429.5810546875,8260.5498046875,47209.0,13790.900390625,5348.0
2015-10-27,2065.889892578125,5030.14990234375,6365.2998046875,10692.1904296875,4847.06982421875,18777.0390625,23142.73046875,3434.3359375,8232.900390625,47043.0,13699.599609375,5346.2001953125
2015-10-28,2090.35009765625,5095.68994140625,6437.7998046875,10831.9599609375,4890.580078125,18903.01953125,22956.5703125,3375.196044921875,8171.2001953125,46741.0,13863.2001953125,5335.2001953125
2015-10-29,2089.409912109375,5074.27001953125,6395.7998046875,10800.83984375,4885.81982421875,18935.7109375,22819.939453125,3387.31494140625,8111.75,45628.0,13791.900390625,5266.89990234375
2015-10-30,2079.360107421875,5053.75,6361.10009765625,10850.1396484375,4897.66015625,19083.099609375,22640.0390625,3382.56103515625,8065.7998046875,45869.0,13529.2001953125,5239.39990234375
2015-11-02,2104.050048828125,5127.14990234375,6361.7998046875,10950.669921875,4916.2099609375,18683.240234375,22370.0390625,3325.0849609375,8050.7998046875,,13623.0,5165.7998046875
2015-11-03,2109.7900390625,5145.1298828125,6383.60009765625,10951.150390625,4936.18017578125,,22568.4296875,3316.695068359375,8060.7001953125,48054.0,13710.2998046875,5239.2001953125
2015-11-04,2102.31005859375,5142.47998046875,6412.89990234375,10845.240234375,4948.2900390625,18926.91015625,23053.5703125,3459.639892578125,8040.2001953125,47710.0,13661.7998046875,5242.2998046875
2015-11-05,2099.929931640625,5127.740234375,6364.89990234375,10887.740234375,4980.0400390625,19116.41015625,23051.0390625,3522.819091796875,7955.4501953125,48047.0,13558.7998046875,5193.0
2015-11-06,2099.199951171875,5147.1201171875,6353.7998046875,10988.0302734375,4984.14990234375,19265.599609375,22867.330078125,3590.031982421875,7954.2998046875,46919.0,13553.2998046875,5215.0
2015-11-09,2078.580078125,5095.2998046875,6295.2001953125,10815.4501953125,4911.169921875,19642.740234375,22726.76953125,3646.881103515625,7915.2001953125,46195.0,13482.599609375,5119.5
2015-11-10,2081.719970703125,5083.240234375,6275.2998046875,10832.51953125,4912.16015625,19671.259765625,22401.69921875,3640.485107421875,7783.35009765625,46179.0,13411.599609375,5099.2001953125
2015-11-11,2075.0,5067.02001953125,6297.2001953125,10907.8701171875,4952.509765625,19691.390625,22352.169921875,3650.2490234375,,47065.0,13341.900390625,5122.60009765625
2015-11-12,2045.969970703125,5005.080078125,6178.7001953125,10782.6298828125,4856.64990234375,19697.76953125,22888.919921875,3632.902099609375,,46884.0,13127.2001953125,5125.7001953125
2015-11-13,2023.0400390625,4927.8798828125,6118.2998046875,10708.400390625,4807.9501953125,19596.91015625,22396.140625,3580.839111328125,7762.25,46517.0,13075.400390625,5051.2998046875
2015-11-16,2053.18994140625,4984.6201171875,6146.39990234375,10713.23046875,4804.31005859375,19393.689453125,22010.8203125,3606.95703125,7806.60009765625,46847.0,13317.5,5003.7998046875
2015-11-17,2050.43994140625,4986.02001953125,6268.7998046875,10971.0400390625,4937.31005859375,19630.630859375,22264.25,3604.794921875,7837.5498046875,47248.0,13280.400390625,5118.2001953125
2015-11-18,2083.580078125,5075.2001953125,6279.0,10959.9501953125,4906.72021484375,19649.1796875,22188.259765625,3568.468017578125,7731.7998046875,47436.0,13400.0,5133.10009765625
2015-11-19,2081.239990234375,5073.64013671875,6329.89990234375,11085.4404296875,4915.10009765625,19859.810546875,22500.220703125,3617.06201171875,7842.75,48139.0,13473.7998046875,5242.60009765625
2015-11-20,2089.169921875,5104.919921875,6334.60009765625,11119.830078125,4910.97021484375,19879.810546875,22754.720703125,3630.5,7856.5498046875,,13433.5,5256.10009765625
2015-11-23,2086.590087890625,5102.47998046875,6305.5,11092.3095703125,4889.1201171875,,22665.900390625,3610.31494140625,7849.25,48150.0,13382.400390625,5276.39990234375
2015-11-24,2089.139892578125,5102.81005859375,6277.2001953125,10933.990234375,4820.27978515625,19924.890625,22587.630859375,3616.113037109375,7831.60009765625,48284.0,13407.7998046875,5226.39990234375
2015-11-25,2088.8701171875,5116.14013671875,6337.60009765625,11169.5400390625,4892.990234375,19847.580078125,22498.0,3647.929931640625,,46867.0,13403.400390625,5193.7001953125
2015-11-26,,,6393.10009765625,11320.76953125,4946.02001953125,19944.41015625,22488.939453125,3635.552001953125,7883.7998046875,47146.0,13425.2001953125,5210.7001953125
2015-11-27,2090.110107421875,5127.52001953125,6375.2001953125,11293.759765625,4930.14013671875,19883.939453125,22068.3203125,3436.302978515625,7942.7001953125,45873.0,13368.2001953125,5202.60009765625
2015-11-30,2080.409912109375,5108.669921875,6356.10009765625,11382.23046875,4957.60009765625,19747.470703125,21996.419921875,3445.405029296875,7935.25,45120.0,13469.7998046875,5166.5
2015-12-01,2102.6298828125,5156.31005859375,6395.7001953125,11261.240234375,4914.52978515625,20012.400390625,22381.349609375,3456.30908203125,7954.89990234375,45047.0,13636.099609375,5266.10009765625
2015-12-02,2079.510009765625,5123.22021484375,6420.89990234375,11190.01953125,4905.759765625,19938.130859375,22479.689453125,3536.905029296875,7931.35009765625,44915.0,13463.7998046875,5258.2998046875
2015-12-03,2049.6201171875,5037.52978515625,6275.0,10789.240234375,4730.2099609375,19939.900390625,22417.009765625,3584.823974609375,7864.14990234375,46393.0,13324.7001953125,5227.7001953125
2015-12-04,2091.68994140625,5142.27001953125,6238.2998046875,10752.099609375,4714.7900390625,19504.48046875,22235.890625,3524.991943359375,7781.89990234375,45361.0,13358.7998046875,5151.60009765625
2015-12-07,2077.070068359375,5101.81005859375,6223.5,10886.08984375,4756.41015625,19698.150390625,22203.220703125,3536.927001953125,7765.39990234375,45223.0,13042.7998046875,5155.7001953125
2015-12-08,2063.590087890625,5098.240234375,6135.2001953125,10673.599609375,4681.85986328125,19492.599609375,21905.130859375,3470.070068359375,7701.7001953125,44443.0,12922.5,5108.60009765625
2015-12-09,2047.6199951171875,5022.8701171875,6126.7001953125,10592.490234375,4637.4501953125,19301.0703125,21803.759765625,3472.43896484375,7612.5,46108.0,12937.599609375,5080.5
2015-12-10,2052.22998046875,5045.169921875,6088.10009765625,10598.9296875,4635.06005859375,19046.55078125,21704.609375,3455.4951171875,7683.2998046875,45631.0,13016.599609375,5037.7001953125
2015-12-11,2012.3699951171875,4933.47021484375,5952.7998046875,10340.0595703125,4549.56005859375,19230.48046875,21464.05078125,3434.5810546875,7610.4501953125,45263.0,12790.0,5029.5
2015-12-14,2021.93994140625,4952.22998046875,5874.10009765625,10139.33984375,4473.06982421875,18883.419921875,21309.849609375,3520.66796875,7650.0498046875,44747.0,12695.5,4928.60009765625
2015-12-15,2043.4100341796875,4995.35986328125,6017.7998046875,10450.3798828125,4614.39990234375,18565.900390625,21274.369140625,3510.35400390625,7700.89990234375,44872.0,12919.599609375,4909.60009765625
2015-12-16,2073.070068359375,5071.1298828125,6061.2001953125,10469.259765625,4624.669921875,19049.91015625,21701.2109375,3516.18701171875,7750.89990234375,45016.0,13166.099609375,5028.39990234375
2015-12-17,2041.8900146484373,5002.5498046875,6102.5,10738.1201171875,4677.5400390625,19353.560546875,21872.060546875,3579.9990234375,7844.35009765625,45261.0,13009.900390625,5102.0
2015-12-18,2005.550048828125,4923.080078125,6052.39990234375,10608.1904296875,4625.259765625,18986.80078125,21755.560546875,3578.964111328125,7761.9501953125,43911.0,13024.2998046875,5106.7001953125
2015-12-21,2021.1500244140625,4968.919921875,6034.7998046875,10497.76953125,4565.169921875,18916.01953125,21791.6796875,3642.471923828125,7834.4501953125,43200.0,13034.400390625,5109.0
2015-12-22,2038.969970703125,5001.10986328125,6083.10009765625,10488.75,4567.60009765625,18886.69921875,21830.01953125,3651.76708984375,7786.10009765625,43470.0,13082.900390625,5116.7001953125
2015-12-23,2064.2900390625,5045.93017578125,6241.0,10727.6396484375,4674.52978515625,,22040.58984375,3636.089111328125,7865.9501953125,44015.0,13284.900390625,5141.7998046875
2015-12-24,2060.989990234375,5048.490234375,6254.60009765625,,4663.18017578125,18789.689453125,22138.130859375,3612.485107421875,7861.0498046875,,13309.7998046875,5207.60009765625
2015-12-25,,,,,,18769.060546875,,3628.0009765625,,,,
2015-12-28,2056.5,5040.990234375,,10653.91015625,4617.9501953125,18873.349609375,21919.619140625,3533.779052734375,7925.14990234375,43764.0,,
2015-12-29,2078.360107421875,5107.93994140625,6314.60009765625,10860.1396484375,4701.35986328125,18982.23046875,21999.619140625,3563.736083984375,7928.9501953125,43654.0,13245.7998046875,5267.2998046875
2015-12-30,2063.360107421875,5065.85009765625,6274.10009765625,10743.009765625,4677.14013671875,19033.7109375,21882.150390625,3572.8759765625,7896.25,43350.0,13142.2998046875,5319.89990234375
2015-12-31,2043.93994140625,5007.41015625,6242.2998046875,,,,21914.400390625,3539.181884765625,7946.35009765625,,13010.0,5295.89990234375
2016-01-04,2012.6600341796875,4903.08984375,6093.39990234375,10283.4404296875,4522.4501953125,18450.98046875,21327.119140625,3296.258056640625,7791.2998046875,42141.0,12927.2001953125,5270.5
2016-01-05,2016.7099609375,4891.43017578125,6137.2001953125,10310.099609375,4537.6298828125,18374.0,21188.720703125,3287.7109375,7784.64990234375,42419.0,12920.099609375,5184.39990234375
2016-01-06,1990.260009765625,4835.759765625,6073.39990234375,10214.01953125,4480.47021484375,18191.3203125,20980.810546875,3361.840087890625,7741.0,41773.0,12726.7998046875,5123.10009765625
2016-01-07,1943.0899658203125,4689.43017578125,5954.10009765625,9979.849609375,4403.580078125,17767.33984375,20333.33984375,3125.001953125,7568.2998046875,40695.0,12448.2001953125,5010.2998046875
2016-01-08,1922.030029296875,4643.6298828125,5912.39990234375,9849.33984375,4333.759765625,17697.9609375,20453.7109375,3186.412109375,7601.35009765625,40612.0,12445.5,4990.7998046875
2016-01-11,1923.6700439453125,4637.990234375,5871.7998046875,9825.0703125,4312.740234375,,19888.5,3016.7041015625,7563.85009765625,39950.0,12319.2998046875,4932.2001953125
2016-01-12,1938.6800537109373,4685.919921875,5929.2001953125,9985.4296875,4378.75,17218.9609375,19711.759765625,3022.861083984375,7510.2998046875,39514.0,12373.900390625,4925.10009765625
2016-01-13,1890.280029296875,4526.06005859375,5961.0,9960.9599609375,4391.93994140625,17715.630859375,19934.880859375,2949.596923828125,7562.39990234375,38944.0,12170.400390625,4987.39990234375
2016-01-14,1921.8399658203125,4615.0,5918.2001953125,9794.2001953125,4312.89013671875,17240.94921875,19817.41015625,3007.64892578125,7536.7998046875,39500.0,12336.0,4909.39990234375
2016-01-15,1880.3299560546875,4488.419921875,5804.10009765625,9545.26953125,4210.16015625,17147.109375,19520.76953125,2900.969970703125,7437.7998046875,38569.0,12073.5,4892.7998046875
2016-01-18,,,5779.89990234375,9521.849609375,4189.56982421875,16955.5703125,19237.44921875,2913.8369140625,7351.0,37937.0,11942.2001953125,4858.7001953125
2016-01-19,1881.3299560546875,4476.9501953125,5876.7998046875,9664.2099609375,4272.259765625,17048.369140625,19635.810546875,3007.739013671875,7435.10009765625,38057.0,12002.2001953125,4903.10009765625
2016-01-20,1859.3299560546875,4471.68994140625,5673.60009765625,9391.6396484375,4124.9501953125,16416.189453125,18886.30078125,2976.694091796875,7309.2998046875,37645.0,11843.099609375,4841.5
2016-01-21,1868.989990234375,4472.06005859375,5773.7998046875,9574.16015625,4206.39990234375,16017.259765625,18542.150390625,2880.48193359375,7276.7998046875,37717.0,12035.900390625,4864.0
2016-01-22,1906.9000244140625,4591.18017578125,5900.0,9764.8798828125,4336.68994140625,16958.529296875,19080.509765625,2916.56201171875,7422.4501953125,38031.0,12389.599609375,4916.0
2016-01-25,1877.0799560546875,4518.490234375,5877.0,9736.150390625,4311.330078125,17110.91015625,19340.140625,2938.514892578125,7436.14990234375,,12143.2001953125,5006.60009765625
2016-01-26,1903.6300048828125,4567.669921875,5911.5,9822.75,4356.81005859375,16708.900390625,18860.80078125,2749.784912109375,,37497.0,12331.2998046875,
2016-01-27,1882.949951171875,4468.169921875,5990.39990234375,9880.8203125,4380.35986328125,17163.919921875,19052.44921875,2735.55810546875,7437.75,38376.0,12377.7998046875,4946.39990234375
2016-01-28,1893.3599853515625,4506.68017578125,5931.7998046875,9639.58984375,4322.16015625,17041.44921875,19195.830078125,2655.660888671875,7424.64990234375,38630.0,12591.900390625,4976.2001953125
2016-01-29,1940.239990234375,4613.9501953125,6083.7998046875,9798.1103515625,4417.02001953125,17518.30078125,19683.109375,2737.60009765625,7563.5498046875,40406.0,12822.099609375,5005.5
2016-02-01,1939.3800048828125,4620.3701171875,6060.10009765625,9757.8798828125,4392.330078125,17865.23046875,19595.5,2688.85400390625,7555.9501953125,40570.0,12674.400390625,5043.60009765625
2016-02-02,1903.030029296875,4516.9501953125,5922.0,9581.0400390625,4283.990234375,17750.6796875,19446.83984375,2749.570068359375,7455.5498046875,38596.0,12442.2998046875,4993.2998046875
2016-02-03,1912.530029296875,4504.240234375,5837.10009765625,9434.8203125,4226.9599609375,17191.25,18991.58984375,2739.2470703125,7361.7998046875,39589.0,12593.0,4876.7998046875
2016-02-04,1915.449951171875,4509.56005859375,5898.7998046875,9393.3603515625,4228.52978515625,17044.990234375,19183.08984375,2781.02294921875,7404.0,40822.0,12774.5,4980.39990234375
2016-02-05,1880.050048828125,4363.14013671875,5848.10009765625,9286.23046875,4200.669921875,16819.58984375,19288.169921875,2763.491943359375,7489.10009765625,40592.0,12764.0,4976.2001953125
2016-02-08,1853.43994140625,4283.75,5689.39990234375,8979.3603515625,4066.31005859375,17004.30078125,,,7387.25,,12535.400390625,4975.39990234375
2016-02-09,1852.2099609375,4268.759765625,5632.2001953125,8879.400390625,3997.5400390625,16085.4404296875,,,7298.2001953125,,12282.7001953125,4832.10009765625
2016-02-10,1851.8599853515625,4283.58984375,5672.2998046875,9017.2900390625,4061.199951171875,15713.3896484375,,,7215.7001953125,40377.0,12185.7001953125,4775.7001953125
2016-02-11,1829.0799560546875,4266.83984375,5537.0,8752.8701171875,3896.7099609375,,18545.80078125,,6976.35009765625,39318.0,12087.400390625,4821.10009765625
2016-02-12,1864.780029296875,4337.509765625,5707.60009765625,8967.509765625,3995.06005859375,14952.6103515625,18319.580078125,,6980.9501953125,39808.0,12381.2001953125,4765.2998046875
2016-02-15,,,5824.2998046875,9206.83984375,4115.25,16022.580078125,18918.140625,2746.196044921875,7162.9501953125,40093.0,,4843.5
2016-02-16,1895.5799560546875,4435.9599609375,5862.2001953125,9135.1103515625,4110.66015625,16054.4296875,19122.080078125,2836.571044921875,7048.25,40948.0,12555.0,4910.0
2016-02-17,1926.8199462890625,4534.06005859375,6030.2998046875,9377.2099609375,4233.47021484375,15836.3603515625,18924.5703125,2867.337890625,7108.4501953125,41631.0,12867.2001953125,4882.10009765625
2016-02-18,1917.8299560546875,4487.5400390625,5972.0,9463.6396484375,4239.759765625,16196.7998046875,19363.080078125,2862.89306640625,7191.75,41478.0,12931.400390625,4992.0
2016-02-19,1917.780029296875,4504.43017578125,5950.2001953125,9388.0498046875,4223.0400390625,15967.169921875,19285.5,2860.02099609375,7210.75,41543.0,12813.400390625,4952.7998046875
2016-02-22,1945.5,4570.60986328125,6037.7001953125,9573.58984375,4298.7001953125,16111.0498046875,19464.08984375,2927.175048828125,7234.5498046875,43235.0,12845.599609375,5001.2001953125
2016-02-23,1921.27001953125,4503.580078125,5962.2998046875,9416.76953125,4238.419921875,16052.0498046875,19414.779296875,2903.3310546875,7109.5498046875,42521.0,12763.400390625,4979.60009765625
2016-02-24,1929.800048828125,4542.60986328125,5867.2001953125,9167.7998046875,4155.33984375,15915.7900390625,19192.44921875,2928.89599609375,7018.7001953125,42085.0,12740.2998046875,4875.0
2016-02-25,1951.699951171875,4582.2001953125,6012.7998046875,9331.48046875,4248.4501953125,16140.33984375,18888.75,2741.2451171875,6970.60009765625,41888.0,12753.599609375,4881.2001953125
2016-02-26,1948.050048828125,4590.47021484375,6096.0,9513.2998046875,4314.56982421875,16188.41015625,19364.150390625,2767.2099609375,7029.75,41593.0,12797.7998046875,4880.0
2016-02-29,1932.22998046875,4557.9501953125,6097.10009765625,9495.400390625,4353.5498046875,16026.759765625,19111.9296875,2687.97900390625,6987.0498046875,42794.0,12860.400390625,4880.89990234375
2016-03-01,1978.3499755859373,4689.60009765625,6152.89990234375,9717.16015625,4406.83984375,16085.509765625,19407.4609375,2733.169921875,7222.2998046875,44122.0,12982.099609375,4922.2998046875
2016-03-02,1986.449951171875,4703.419921875,6147.10009765625,9776.6201171875,4424.89013671875,16746.55078125,20003.490234375,2849.680908203125,7368.85009765625,44893.0,13017.900390625,5021.2001953125
2016-03-03,1993.4000244140625,4707.419921875,6130.5,9751.919921875,4416.080078125,16960.16015625,19941.759765625,2859.758056640625,7475.60009765625,47193.0,13123.7001953125,5081.10009765625
2016-03-04,1999.989990234375,4717.02001953125,6199.39990234375,9824.169921875,4456.6201171875,17014.779296875,20176.69921875,2874.14697265625,7485.35009765625,49085.0,13212.5,5090.0
2016-03-07,2001.760009765625,4708.25,6182.39990234375,9778.9296875,4442.2900390625,16911.3203125,20159.720703125,2897.340087890625,,49246.0,13383.599609375,5142.7998046875
2016-03-08,1979.260009765625,4648.81982421875,6125.39990234375,9692.8203125,4404.02001953125,16783.150390625,20011.580078125,2901.386962890625,7485.2998046875,49102.0,13311.099609375,5108.0
2016-03-09,1989.260009765625,4674.3798828125,6146.2998046875,9723.08984375,4425.64990234375,16642.19921875,19996.259765625,2862.555908203125,7531.7998046875,48665.0,13392.900390625,5157.2001953125
2016-03-10,1989.5699462890625,4662.16015625,6036.7001953125,9498.150390625,4350.35009765625,16852.349609375,19984.419921875,2804.72607421875,7486.14990234375,49571.0,13379.099609375,5150.10009765625
2016-03-11,2022.18994140625,4748.47021484375,6139.7998046875,9831.1298828125,4492.7900390625,16938.869140625,20199.599609375,2810.306884765625,7510.2001953125,49639.0,13522.0,5166.39990234375
2016-03-14,2019.6400146484373,4750.27978515625,6174.60009765625,9990.259765625,4506.58984375,17233.75,20435.33984375,2859.4990234375,7538.75,48867.0,13477.5,5185.5
2016-03-15,2015.9300537109373,4728.669921875,6140.0,9933.849609375,4472.6298828125,17117.0703125,20288.76953125,2864.367919921875,7460.60009765625,47130.0,13400.2998046875,5111.39990234375
2016-03-16,2027.219970703125,4763.97021484375,6175.5,9983.41015625,4463.0,16974.44921875,20257.69921875,2870.429931640625,7498.75,47763.0,13478.099609375,5119.0
2016-03-17,2040.5899658203125,4774.990234375,6201.10009765625,9892.2001953125,4442.89013671875,16936.380859375,20503.810546875,2904.83203125,7512.5498046875,50914.0,13621.2998046875,5168.2001953125
2016-03-18,2049.580078125,4795.64990234375,6189.60009765625,9950.7998046875,4462.509765625,16724.810546875,20671.630859375,2955.14990234375,7604.35009765625,50815.0,13497.099609375,5183.10009765625
2016-03-21,2051.60009765625,4808.8701171875,6184.60009765625,9948.6396484375,4427.7998046875,,20684.150390625,3018.802001953125,7704.25,51172.0,13561.099609375,5166.60009765625
2016-03-22,2049.800048828125,4821.66015625,6192.7001953125,9990.0,4431.97021484375,17048.55078125,20666.75,2999.363037109375,7714.89990234375,51010.0,13493.5,5166.60009765625
2016-03-23,2036.7099609375,4768.85986328125,6199.10009765625,10022.9296875,4423.97998046875,17000.98046875,20615.23046875,3009.9599609375,7716.5,49690.0,13379.5,5142.2998046875
2016-03-24,2035.93994140625,4773.5,6106.5,9851.349609375,4329.68017578125,16892.330078125,20345.609375,2960.969970703125,,49657.0,13358.099609375,5084.2001953125
2016-03-25,,,,,,17002.75,,2979.1259765625,,,,
2016-03-28,2037.050048828125,4766.7900390625,,,,17134.369140625,,2957.820068359375,7615.10009765625,50838.0,13390.2001953125,
2016-03-29,2055.010009765625,4846.6201171875,6105.89990234375,9887.9404296875,4366.669921875,17103.529296875,20366.30078125,2919.83203125,7597.0,51155.0,13426.2001953125,5004.5
2016-03-30,2063.949951171875,4869.2900390625,6203.2001953125,10046.6103515625,4444.419921875,16878.9609375,20803.390625,3000.64501953125,7735.2001953125,51249.0,13504.0,5010.2998046875
2016-03-31,2059.739990234375,4869.85009765625,6174.89990234375,9965.509765625,4385.06005859375,16758.669921875,20776.69921875,3003.9150390625,7738.39990234375,50055.0,13494.400390625,5082.7998046875
2016-04-01,2072.780029296875,4914.5400390625,6146.10009765625,9794.6396484375,4322.240234375,16164.16015625,20498.919921875,3009.530029296875,7713.0498046875,50562.0,13440.400390625,4999.39990234375
2016-04-04,2066.1298828125,4891.7998046875,6164.7001953125,9822.080078125,4345.22021484375,16123.26953125,,,7758.7998046875,48780.0,13336.2001953125,4995.2998046875
2016-04-05,2045.1700439453125,4843.93017578125,6091.2001953125,9563.3603515625,4250.27978515625,15732.8203125,20177.0,3053.06494140625,7603.2001953125,49054.0,13304.7001953125,4924.39990234375
2016-04-06,2066.659912109375,4920.72021484375,6161.60009765625,9624.509765625,4284.64013671875,15715.3603515625,20206.669921875,3050.592041015625,7614.35009765625,48096.0,13347.5,4945.89990234375
2016-04-07,2041.9100341796875,4848.3701171875,6136.89990234375,9530.6201171875,4245.91015625,15749.83984375,20266.05078125,3008.419921875,7546.4501953125,48513.0,13266.400390625,4964.10009765625
2016-04-08,2047.5999755859373,4850.68994140625,6204.39990234375,9622.259765625,4303.1201171875,15821.51953125,20370.400390625,2984.9580078125,7555.2001953125,50293.0,13396.7001953125,4937.60009765625
2016-04-11,2041.989990234375,4833.39990234375,6200.10009765625,9682.990234375,4312.6298828125,15751.1298828125,20440.810546875,3033.95703125,7671.39990234375,50165.0,13422.7998046875,4931.5
2016-04-12,2061.719970703125,4872.08984375,6242.39990234375,9761.4697265625,4345.91015625,15928.7900390625,20504.439453125,3023.64599609375,7708.9501953125,52002.0,13581.400390625,4975.60009765625
2016-04-13,2082.419921875,4947.419921875,6362.89990234375,10026.099609375,4490.31005859375,16381.2197265625,21158.7109375,3066.637939453125,7850.4501953125,53150.0,13671.400390625,5054.7001953125
2016-04-14,2082.780029296875,4945.89013671875,6365.10009765625,10093.650390625,4511.509765625,16911.05078125,21337.810546875,3082.362060546875,,52411.0,13668.2998046875,5118.60009765625
2016-04-15,2080.72998046875,4938.22021484375,6343.7998046875,10051.5703125,4495.169921875,16848.029296875,21316.470703125,3078.116943359375,,53228.0,13637.2001953125,5157.5
2016-04-18,2094.340087890625,4960.02001953125,6353.5,10120.3095703125,4506.83984375,16275.9501953125,21161.5,3033.659912109375,7914.7001953125,52894.0,13719.7998046875,5137.10009765625
2016-04-19,2100.800048828125,4940.330078125,6405.39990234375,10349.58984375,4566.47998046875,16874.439453125,21436.2109375,3042.822998046875,,53710.0,13867.2998046875,5188.7998046875
2016-04-20,2102.39990234375,4948.1298828125,6410.2998046875,10421.2900390625,4591.919921875,16906.5390625,21236.310546875,2972.583984375,7914.75,53631.0,13911.2998046875,5216.0
2016-04-21,2091.47998046875,4945.89013671875,6381.39990234375,10435.73046875,4582.830078125,17363.619140625,21622.25,2952.89111328125,7912.0498046875,,13881.2001953125,5272.7001953125
2016-04-22,2091.580078125,4906.22998046875,6310.39990234375,10373.490234375,4569.66015625,17572.490234375,21467.0390625,2959.239990234375,7899.2998046875,52908.0,13874.0,5236.39990234375
2016-04-25,2087.7900390625,4895.7900390625,6260.89990234375,10294.349609375,4546.1201171875,17439.30078125,21304.439453125,2946.669921875,7855.0498046875,51862.0,13796.0,
2016-04-26,2091.699951171875,4888.27978515625,6284.5,10259.58984375,4533.18017578125,17353.279296875,21407.26953125,2964.699951171875,7962.64990234375,53083.0,13809.400390625,5220.60009765625
2016-04-27,2095.14990234375,4863.14013671875,6319.89990234375,10299.830078125,4559.39990234375,17290.490234375,21361.599609375,2953.6708984375,7979.89990234375,54478.0,13887.7001953125,5187.7001953125
2016-04-28,2075.81005859375,4805.2900390625,6322.39990234375,10321.150390625,4557.35986328125,16666.05078125,21388.029296875,2945.589111328125,7847.25,54312.0,13886.400390625,5225.39990234375
2016-04-29,2065.300048828125,4775.35986328125,6241.89990234375,10038.9697265625,4428.9599609375,,21067.05078125,2938.323974609375,7849.7998046875,53911.0,13951.5,5252.2001953125
2016-05-02,2081.429931640625,4817.58984375,,10123.26953125,4442.75,16147.3798828125,,,7805.89990234375,53562.0,13865.599609375,5243.0
2016-05-03,2063.3701171875,4763.22021484375,6185.60009765625,9926.76953125,4371.97998046875,,20676.939453125,2992.64306640625,7747.0,52260.0,13707.7001953125,5353.7998046875
2016-05-04,2051.1201171875,4725.64013671875,6112.0,9828.25,4324.22998046875,,20525.830078125,2991.27197265625,7706.5498046875,52553.0,13632.0,5271.10009765625
2016-05-05,2050.6298828125,4717.08984375,6117.2998046875,9851.8603515625,4319.4599609375,,20449.8203125,2997.842041015625,7735.5,51671.0,13632.0,5279.10009765625
2016-05-06,2057.139892578125,4736.16015625,6125.7001953125,9869.9501953125,4301.240234375,16106.7197265625,20109.869140625,2913.248046875,7733.4501953125,51718.0,13701.5,5292.0
2016-05-09,2058.68994140625,4750.2099609375,6114.7998046875,9980.490234375,4322.81005859375,16216.0302734375,20156.810546875,2832.113037109375,7866.0498046875,50990.0,13563.7998046875,5320.7001953125
2016-05-10,2084.389892578125,4809.8798828125,6156.7001953125,10045.4404296875,4338.2099609375,16565.189453125,20242.6796875,2832.591064453125,7887.7998046875,53071.0,13775.2001953125,5342.7998046875
2016-05-11,2064.4599609375,4760.68994140625,6162.5,9975.3203125,4316.669921875,16579.009765625,20055.2890625,2837.037109375,7848.85009765625,52764.0,13788.2001953125,5372.2998046875
2016-05-12,2064.110107421875,4737.330078125,6104.2001953125,9862.1201171875,4293.27001953125,16646.33984375,19915.4609375,2835.862060546875,7900.39990234375,53241.0,13787.7998046875,5359.2998046875
2016-05-13,2046.6099853515625,4717.68017578125,6138.5,9952.900390625,4319.990234375,16412.2109375,19719.2890625,2827.10888671875,7814.89990234375,51804.0,13748.599609375,5329.0
2016-05-16,2066.659912109375,4775.4599609375,6151.39990234375,,4312.27978515625,16466.400390625,19883.94921875,2850.862060546875,7860.75,51803.0,13893.5,5358.89990234375
2016-05-17,2047.2099609375,4715.72998046875,6167.7998046875,9890.1904296875,4297.56982421875,16652.80078125,20118.80078125,2843.68408203125,7890.75,50839.0,13917.099609375,5395.89990234375
2016-05-18,2047.6300048828125,4739.1201171875,6165.7998046875,9943.23046875,4319.2998046875,16644.689453125,19826.41015625,2807.513916015625,7870.14990234375,50562.0,13826.0,5356.2001953125
2016-05-19,2040.0400390625,4712.52978515625,6053.39990234375,9795.8896484375,4282.5400390625,16646.66015625,19694.330078125,2806.906005859375,7783.39990234375,50133.0,13817.2998046875,5323.2998046875
2016-05-20,2052.320068359375,4769.56005859375,6156.2998046875,9916.01953125,4353.89990234375,16736.349609375,19852.19921875,2825.48291015625,7749.7001953125,49723.0,13919.599609375,5351.2998046875
2016-05-23,2048.0400390625,4765.77978515625,6136.39990234375,9842.2900390625,4325.10009765625,16654.599609375,19809.029296875,2843.64501953125,7731.0498046875,49330.0,,5318.89990234375
2016-05-24,2076.06005859375,4861.06005859375,6219.2998046875,10057.3095703125,4431.52001953125,16498.759765625,19830.4296875,2821.666015625,7748.85009765625,49345.0,13952.900390625,5295.60009765625
2016-05-25,2090.5400390625,4894.89013671875,6262.89990234375,10205.2099609375,4481.64013671875,16757.349609375,20368.05078125,2815.0859375,7934.89990234375,49483.0,14053.7001953125,5372.5
2016-05-26,2090.10009765625,4901.77001953125,6265.7001953125,10272.7099609375,4512.64013671875,16772.4609375,20397.109375,2822.443115234375,8069.64990234375,,14049.2001953125,5388.10009765625
2016-05-27,2099.06005859375,4933.5,6270.7998046875,10286.3095703125,4514.740234375,16834.83984375,20576.76953125,2821.0458984375,8156.64990234375,49051.0,14105.2001953125,5405.89990234375
2016-05-30,,,,10333.23046875,4529.39990234375,17068.01953125,20629.390625,2822.450927734375,8178.5,48964.0,14086.7001953125,5408.0
2016-05-31,2096.949951171875,4948.0498046875,6230.7998046875,10262.740234375,4505.6201171875,17234.98046875,20815.08984375,2916.615966796875,8160.10009765625,48472.0,14065.7998046875,5378.60009765625
2016-06-01,2099.330078125,4952.25,6191.89990234375,10204.4404296875,4475.39013671875,16955.73046875,20760.98046875,2913.508056640625,8179.9501953125,49013.0,14063.5,5323.2001953125
2016-06-02,2105.260009765625,4971.35986328125,6185.60009765625,10208.0,4466.0,16562.55078125,20859.220703125,2925.22900390625,8218.9501953125,49887.0,14137.0,5278.89990234375
2016-06-03,2099.1298828125,4942.52001953125,6209.60009765625,10103.259765625,4421.77978515625,16642.23046875,20947.240234375,2938.681884765625,8220.7998046875,50619.0,14226.7998046875,5318.89990234375
2016-06-06,2109.409912109375,4968.7099609375,6273.39990234375,10121.080078125,4423.3798828125,16580.029296875,21030.220703125,2934.097900390625,8201.0498046875,50432.0,14276.2001953125,5360.39990234375
2016-06-07,2112.1298828125,4961.75,6284.5,10287.6796875,4475.85986328125,16675.44921875,21328.240234375,2936.044921875,8266.4501953125,50488.0,14365.599609375,5371.0
2016-06-08,2119.1201171875,4974.64013671875,6301.5,10217.0302734375,4448.72998046875,16830.919921875,21297.880859375,2927.158935546875,8273.0498046875,51629.0,14313.099609375,5370.0
2016-06-09,2115.47998046875,4958.6201171875,6231.89990234375,10088.8701171875,4405.60986328125,16668.41015625,,,8203.599609375,51118.0,14240.0,5361.89990234375
2016-06-10,2096.070068359375,4894.5498046875,6115.7998046875,9834.6201171875,4306.72021484375,16601.359375,21042.640625,,8170.0498046875,49422.0,14037.5,5312.60009765625
2016-06-13,2079.06005859375,4848.43994140625,6045.0,9657.4404296875,4227.02001953125,16019.1796875,20512.990234375,2833.071044921875,8110.60009765625,49661.0,13993.900390625,
2016-06-14,2075.320068359375,4843.5498046875,5923.5,9519.2001953125,4130.330078125,15859.0,20387.529296875,2842.18896484375,8108.85009765625,48648.0,13884.2001953125,5203.2998046875
2016-06-15,2071.5,4834.93017578125,5966.7998046875,9606.7099609375,4171.580078125,15919.580078125,20467.51953125,2887.2099609375,8206.599609375,48915.0,13923.5,5147.10009765625
2016-06-16,2077.989990234375,4844.919921875,5950.5,9550.4697265625,4153.009765625,15434.1396484375,20038.419921875,2872.81689453125,8140.75,49412.0,13882.400390625,5146.0
2016-06-17,2071.219970703125,4800.33984375,6021.10009765625,9631.3603515625,4193.830078125,15599.66015625,20169.98046875,2885.10498046875,8170.2001953125,49534.0,13901.7998046875,5162.7001953125
2016-06-20,2083.25,4837.2099609375,6204.0,9962.01953125,4340.759765625,15965.2998046875,20510.19921875,2888.80908203125,8238.5,50329.0,14015.099609375,5256.7998046875
2016-06-21,2088.89990234375,4843.759765625,6226.60009765625,10015.5400390625,4367.240234375,16169.1103515625,20668.439453125,2878.55810546875,8219.900390625,50838.0,14012.2998046875,5274.39990234375
2016-06-22,2085.449951171875,4833.31982421875,6261.2001953125,10071.0595703125,4380.02978515625,16065.7197265625,20795.119140625,2905.550048828125,8203.7001953125,50156.0,14003.7998046875,5270.89990234375
2016-06-23,2113.320068359375,4910.0400390625,6338.10009765625,10257.0302734375,4465.89990234375,16238.349609375,20868.33984375,2891.9599609375,8270.4501953125,51560.0,14131.400390625,5280.7001953125
2016-06-24,2037.4100341796875,4707.97998046875,6138.7001953125,9557.16015625,4106.72998046875,14952.01953125,20259.130859375,2854.285888671875,8088.60009765625,50105.0,13891.900390625,5113.2001953125
2016-06-27,2000.5400390625,4594.43994140625,5982.2001953125,9268.66015625,4030.300048828125,15309.2099609375,20227.30078125,2895.702880859375,8094.7001953125,49246.0,13689.7998046875,5137.2001953125
2016-06-28,2036.0899658203125,4691.8701171875,6140.39990234375,9447.2802734375,4088.85009765625,15323.1396484375,20172.4609375,2912.556884765625,8127.85009765625,50007.0,13842.7001953125,5103.2998046875
2016-06-29,2070.77001953125,4779.25,6360.10009765625,9612.26953125,4195.31982421875,15566.830078125,20436.119140625,2931.592041015625,8204.0,51002.0,14036.7001953125,5142.39990234375
2016-06-30,2098.860107421875,4842.669921875,6504.2998046875,9680.08984375,4237.47998046875,15575.919921875,20794.369140625,2929.60595703125,8287.75,51527.0,14064.5,5233.39990234375
2016-07-01,2102.949951171875,4862.56982421875,6577.7998046875,9776.1201171875,4273.9599609375,15682.48046875,,2932.47607421875,8328.349609375,52233.0,,5246.60009765625
2016-07-04,,,6522.2998046875,9709.08984375,4234.85986328125,15775.7998046875,21059.19921875,2988.60400390625,8370.7001953125,52569.0,14258.900390625,5281.7998046875
2016-07-05,2088.550048828125,4822.89990234375,6545.39990234375,9532.6103515625,4163.419921875,15669.330078125,20750.720703125,3006.39208984375,8335.9501953125,51842.0,14219.599609375,5228.0
2016-07-06,2099.72998046875,4859.16015625,6463.60009765625,9373.259765625,4085.300048828125,15378.990234375,20495.2890625,3017.2919921875,,51902.0,14231.099609375,5197.5
2016-07-07,2097.89990234375,4876.81005859375,6533.7998046875,9418.7802734375,4117.85009765625,15276.240234375,20706.919921875,3016.846923828125,8337.900390625,52015.0,14134.5,5227.89990234375
2016-07-08,2129.89990234375,4956.759765625,6590.60009765625,9629.66015625,4190.68017578125,15106.98046875,20564.169921875,2988.093994140625,8323.2001953125,53141.0,14259.7998046875,5230.5
2016-07-11,2137.159912109375,4988.64013671875,6682.89990234375,9833.41015625,4264.52978515625,15708.8203125,20880.5,2994.9169921875,8467.900390625,53960.0,14361.900390625,5337.10009765625
2016-07-12,2152.139892578125,5022.81982421875,6680.7001953125,9964.0703125,4331.3798828125,16095.650390625,21224.740234375,3049.381103515625,8521.0498046875,54256.0,14477.7001953125,5353.2001953125
2016-07-13,2152.429931640625,5005.72998046875,6670.39990234375,9930.7099609375,4335.259765625,16231.4296875,21322.369140625,3060.68896484375,8519.5,54598.0,14493.7998046875,5388.5
2016-07-14,2163.75,5034.06005859375,6654.5,10068.2998046875,4385.52001953125,16385.890625,21561.060546875,3054.01806640625,8565.0,55481.0,14514.5,5411.60009765625
2016-07-15,2161.739990234375,5029.58984375,6669.2001953125,10066.900390625,4372.509765625,16497.849609375,21659.25,3054.2958984375,8541.400390625,55578.0,14482.400390625,5429.60009765625
2016-07-18,2166.889892578125,5055.77978515625,6695.39990234375,10063.1298828125,4357.740234375,,21803.1796875,3043.56396484375,8508.7001953125,56484.0,14532.400390625,5458.5
2016-07-19,2163.780029296875,5036.3701171875,6697.39990234375,9981.240234375,4330.1298828125,16723.310546875,21673.19921875,3036.597900390625,8528.5498046875,56698.0,14524.599609375,5451.2998046875
2016-07-20,2173.02001953125,5089.93017578125,6729.0,10142.009765625,4379.759765625,16681.890625,21882.48046875,3027.89990234375,8565.849609375,56578.0,14533.599609375,5488.7001953125
2016-07-21,2165.169921875,5073.89990234375,6699.89990234375,10156.2099609375,4376.25,16810.220703125,22000.490234375,3039.009033203125,8510.099609375,56641.0,14565.7998046875,5512.39990234375
2016-07-22,2175.030029296875,5100.16015625,6730.5,10147.4599609375,4381.10009765625,16627.25,21964.26953125,3012.81591796875,8541.2001953125,57002.0,14600.7001953125,5498.2001953125
2016-07-25,2168.47998046875,5097.6298828125,6710.10009765625,10198.240234375,4388.0,16620.2890625,21993.439453125,3015.827880859375,8635.650390625,56873.0,14498.099609375,5533.60009765625
2016-07-26,2169.179931640625,5110.0498046875,6724.0,10247.759765625,4394.77001953125,16383.0400390625,22129.73046875,3050.166015625,8590.650390625,56783.0,14550.0,5537.5
2016-07-27,2166.580078125,5139.81005859375,6750.39990234375,10319.5498046875,4446.9599609375,16664.8203125,22218.990234375,2991.9990234375,8615.7998046875,56853.0,14546.5,5539.7001953125
2016-07-28,2170.06005859375,5154.97998046875,6721.10009765625,10274.9296875,4420.580078125,16476.83984375,22174.33984375,2994.322998046875,8666.2998046875,56667.0,14552.7001953125,5556.60009765625
2016-07-29,2173.60009765625,5162.1298828125,6724.39990234375,10337.5,4439.81005859375,16569.26953125,21891.369140625,2979.339111328125,8638.5,57308.0,14582.7001953125,5562.2998046875
2016-08-01,2170.840087890625,5184.2001953125,6694.0,10330.51953125,4409.169921875,16635.76953125,22129.140625,2953.385009765625,8636.5498046875,56756.0,,5587.39990234375
2016-08-02,2157.030029296875,5137.72998046875,6645.39990234375,10144.33984375,4327.990234375,16391.44921875,,2971.279052734375,8622.900390625,56162.0,14477.0,5540.5
2016-08-03,2163.7900390625,5159.740234375,6634.39990234375,10170.2099609375,4321.080078125,16083.1103515625,21739.119140625,2978.4609375,8544.849609375,57077.0,14512.099609375,5465.7001953125
2016-08-04,2164.25,5166.25,6740.2001953125,10227.8603515625,4345.6298828125,16254.8896484375,21832.23046875,2982.426025390625,8551.099609375,57594.0,14528.7998046875,5475.7998046875
2016-08-05,2182.8701171875,5221.1201171875,6793.5,10367.2099609375,4410.5498046875,16254.4501953125,22146.08984375,2976.696044921875,8683.150390625,57661.0,14648.7998046875,5497.39990234375
2016-08-08,2180.889892578125,5213.14013671875,6809.10009765625,10432.3603515625,4415.4599609375,16650.5703125,22494.759765625,3004.277099609375,8711.349609375,57635.0,14755.599609375,5537.7998046875
2016-08-09,2181.739990234375,5225.47998046875,6851.2998046875,10692.900390625,4468.06982421875,16764.970703125,22465.609375,3025.680908203125,8678.25,57689.0,14801.2001953125,5552.5
2016-08-10,2175.489990234375,5204.580078125,6866.39990234375,10650.8896484375,4452.009765625,16735.119140625,22492.4296875,3018.74609375,8575.2998046875,56920.0,14775.0,5543.7001953125
2016-08-11,2185.7900390625,5228.39990234375,6914.7001953125,10742.83984375,4503.9501953125,,22580.55078125,3002.637939453125,8592.150390625,58300.0,14796.099609375,5508.0
2016-08-12,2184.050048828125,5232.89013671875,6916.0,10713.4296875,4500.18994140625,16919.919921875,22766.91015625,3050.6669921875,,58298.0,14747.5,5530.89990234375
2016-08-15,2190.14990234375,5262.02001953125,6941.2001953125,10739.2099609375,4497.85986328125,16869.560546875,22932.509765625,3125.195068359375,,59146.0,14777.0,5540.0
2016-08-16,2178.14990234375,5227.10986328125,6893.89990234375,10676.650390625,4460.43994140625,16596.509765625,22910.83984375,3110.037109375,8642.5498046875,58855.0,14703.400390625,5532.0
2016-08-17,2182.219970703125,5228.66015625,6859.2001953125,10537.669921875,4417.68017578125,16745.640625,22799.779296875,3109.554931640625,8624.0498046875,59324.0,14697.599609375,5535.0
2016-08-18,2187.02001953125,5240.14990234375,6869.0,10603.0302734375,4437.06005859375,16486.009765625,23023.16015625,3104.114013671875,8673.25,59166.0,14695.7001953125,5507.7998046875
2016-08-19,2183.8701171875,5238.3798828125,6859.0,10544.3603515625,4400.52001953125,16545.8203125,22937.220703125,3108.10205078125,8666.900390625,59099.0,14687.5,5526.7001953125
2016-08-22,2182.639892578125,5244.60009765625,6828.5,10494.349609375,4389.93994140625,16598.189453125,22997.91015625,3084.804931640625,8629.150390625,57781.0,14748.2001953125,5515.10009765625
2016-08-23,2186.89990234375,5260.080078125,6868.5,10592.8798828125,4421.4501953125,16497.359375,22998.9296875,3089.7060546875,8632.599609375,58020.0,14764.7998046875,5553.7998046875
2016-08-24,2175.43994140625,5217.68994140625,6835.7998046875,10622.9697265625,4435.47021484375,16597.30078125,22820.779296875,3085.8798828125,8650.2998046875,57718.0,14626.2001953125,5561.7001953125
2016-08-25,2172.469970703125,5212.2001953125,6816.89990234375,10529.58984375,4406.60986328125,16555.94921875,22814.94921875,3068.3291015625,8592.2001953125,57722.0,14630.7001953125,5541.89990234375
2016-08-26,2169.0400390625,5218.919921875,6838.10009765625,10587.76953125,4441.8701171875,16360.7099609375,22909.5390625,3070.30908203125,8572.5498046875,57716.0,14639.900390625,5515.5
2016-08-29,2180.3798828125,5232.330078125,,10544.4404296875,4424.25,16737.490234375,22821.33984375,3070.027099609375,8607.4501953125,58610.0,14682.0,5469.2001953125
2016-08-30,2176.1201171875,5222.990234375,6820.7998046875,10657.6396484375,4457.490234375,16725.359375,23016.109375,3074.677001953125,8744.349609375,58575.0,14684.900390625,5478.2998046875
2016-08-31,2170.949951171875,5213.22021484375,6781.5,10592.6904296875,4438.22021484375,16887.400390625,22976.880859375,3085.490966796875,8786.2001953125,57901.0,14598.0,5433.0
2016-09-01,2170.860107421875,5227.2099609375,6746.0,10534.3095703125,4439.669921875,16926.83984375,23162.33984375,3063.304931640625,8774.650390625,58236.0,14683.900390625,5415.60009765625
2016-09-02,2179.97998046875,5249.89990234375,6894.60009765625,10683.8203125,4542.169921875,16925.6796875,23266.69921875,3067.35205078125,8809.650390625,59616.0,14795.7001953125,5372.7998046875
2016-09-05,,,6879.39990234375,10672.2197265625,4541.080078125,17037.630859375,23649.55078125,3072.094970703125,,59566.0,,5429.60009765625
2016-09-06,2186.47998046875,5275.91015625,6826.10009765625,10687.1396484375,4529.9599609375,17081.98046875,23787.6796875,3090.712890625,8943.0,60129.0,14813.0,5413.60009765625
2016-09-07,2186.159912109375,5283.93017578125,6846.60009765625,10752.98046875,4557.66015625,17012.439453125,23741.810546875,3091.927978515625,8917.9501953125,,14796.7998046875,5424.2001953125
2016-09-08,2181.300048828125,5259.47998046875,6858.7001953125,10675.2900390625,4542.2001953125,16958.76953125,23919.33984375,3095.9541015625,8952.5,60232.0,14803.2998046875,5385.7998046875
2016-09-09,2127.81005859375,5125.91015625,6777.0,10573.4404296875,4491.39990234375,16965.759765625,24099.69921875,3078.85498046875,8866.7001953125,58000.0,14540.0,5339.2001953125
2016-09-12,2159.0400390625,5211.89013671875,6700.89990234375,10431.76953125,4439.7998046875,16672.919921875,23290.599609375,3021.97705078125,8715.599609375,58586.0,14597.099609375,5219.60009765625
2016-09-13,2127.02001953125,5155.25,6665.60009765625,10386.599609375,4387.18017578125,16729.0390625,23215.759765625,3023.510009765625,,56821.0,14349.099609375,5207.7998046875
2016-09-14,2125.77001953125,5173.77001953125,6673.2998046875,10378.400390625,4370.259765625,16614.240234375,23190.640625,3002.84912109375,8726.599609375,57059.0,14366.5,5227.7001953125
2016-09-15,2147.260009765625,5249.68994140625,6730.2998046875,10431.2001953125,4373.22021484375,16405.009765625,23335.58984375,,8742.5498046875,57909.0,14503.7001953125,5239.89990234375
2016-09-16,2139.159912109375,5244.56982421875,6710.2998046875,10276.169921875,4332.4501953125,16519.2890625,,,8779.849609375,57080.0,14450.7001953125,5296.7001953125
2016-09-19,2139.1201171875,5235.02978515625,6813.60009765625,10373.8701171875,4394.18994140625,,23550.44921875,3026.051025390625,8808.400390625,57350.0,14496.2001953125,5294.7998046875
2016-09-20,2139.760009765625,5241.35009765625,6830.7998046875,10393.8603515625,4388.60009765625,16492.150390625,23530.859375,3023.0,8775.900390625,57736.0,14522.0,5303.60009765625
2016-09-21,2163.1201171875,5295.18017578125,6834.7998046875,10436.490234375,4409.5498046875,16807.619140625,23669.900390625,3025.8740234375,8777.150390625,58394.0,14710.7998046875,5339.60009765625
2016-09-22,2177.179931640625,5339.52001953125,6911.39990234375,10674.1796875,4509.81982421875,,23759.80078125,3042.31298828125,8867.4501953125,58994.0,14797.2001953125,5374.5
2016-09-23,2164.68994140625,5305.75,6909.39990234375,10626.9697265625,4488.68994140625,16754.01953125,23686.48046875,3033.89599609375,8831.5498046875,58697.0,14697.900390625,5431.2998046875
2016-09-26,2146.10009765625,5257.490234375,6818.0,10393.7099609375,4407.85009765625,16544.560546875,23317.919921875,2980.429931640625,8723.0498046875,58054.0,14619.5,5431.39990234375
2016-09-27,2159.929931640625,5305.7099609375,6807.7001953125,10361.48046875,4398.68017578125,16683.9296875,23571.900390625,2998.172119140625,8706.400390625,58382.0,14558.0,5405.89990234375
2016-09-28,2171.3701171875,5318.5498046875,6849.39990234375,10438.33984375,4432.4501953125,16465.400390625,23619.650390625,2987.85791015625,8745.150390625,59356.0,14731.400390625,5412.39990234375
2016-09-29,2151.1298828125,5269.14990234375,6919.39990234375,10405.5400390625,4443.83984375,16693.7109375,23739.470703125,2998.48291015625,8591.25,58351.0,14754.599609375,5471.2998046875
2016-09-30,2168.27001953125,5312.0,6899.2998046875,10511.01953125,4448.259765625,16449.83984375,23297.150390625,3004.702880859375,8611.150390625,58367.0,14725.900390625,5435.89990234375
2016-10-03,2161.199951171875,5300.8701171875,6983.5,,4453.56005859375,16598.669921875,23584.4296875,,8738.099609375,59461.0,14689.0,5478.5
2016-10-04,2150.489990234375,5289.66015625,7074.2998046875,10619.6103515625,4503.08984375,16735.650390625,23689.439453125,,8769.150390625,59339.0,14521.0,5484.0
2016-10-05,2159.72998046875,5316.02001953125,7033.2998046875,10585.7802734375,4489.9501953125,16819.240234375,23788.310546875,,8743.9501953125,60254.0,14610.599609375,5452.89990234375
2016-10-06,2160.77001953125,5306.85009765625,7000.0,10568.7998046875,4480.10009765625,16899.099609375,23952.5,,8709.5498046875,60644.0,14595.5,5483.0
2016-10-07,2153.739990234375,5292.39990234375,7044.39990234375,10490.8603515625,4449.91015625,16860.08984375,23851.8203125,,8697.599609375,61109.0,14566.2998046875,5467.39990234375
2016-10-10,2163.659912109375,5328.669921875,7097.5,10624.080078125,4497.259765625,,,3048.14306640625,8708.7998046875,61668.0,,5475.39990234375
2016-10-11,2136.72998046875,5246.7900390625,7070.89990234375,10577.16015625,4471.740234375,17024.759765625,23549.51953125,3065.25,,61022.0,14549.599609375,5479.7998046875
2016-10-12,2139.179931640625,5239.02001953125,7024.0,10523.0703125,4452.240234375,16840.0,23407.05078125,3058.498046875,,,14619.0,5474.60009765625
2016-10-13,2132.550048828125,5213.330078125,6977.7001953125,10414.0703125,4405.169921875,16774.240234375,23031.30078125,3061.345947265625,8573.349609375,61119.0,14643.7001953125,5435.5
2016-10-14,2132.97998046875,5214.16015625,7013.60009765625,10580.3798828125,4470.919921875,16856.369140625,23233.310546875,3063.80908203125,8583.400390625,61767.0,14585.0,5434.0
2016-10-17,2126.5,5199.81982421875,6947.60009765625,10503.5703125,4450.22998046875,16900.119140625,23037.5390625,3041.166015625,8520.400390625,62696.0,14596.5,5388.7001953125
2016-10-18,2139.60009765625,5243.83984375,7000.10009765625,10631.5498046875,4508.91015625,16963.609375,23394.390625,3083.875,8677.900390625,63782.0,14752.2998046875,5410.7998046875
2016-10-19,2144.2900390625,5246.41015625,7021.89990234375,10645.6796875,4520.2998046875,16998.91015625,23304.970703125,3084.718994140625,8659.099609375,63506.0,14840.5,5435.39990234375
2016-10-20,2141.340087890625,5241.830078125,7026.89990234375,10701.3896484375,4540.1201171875,17235.5,23374.400390625,3084.4580078125,8699.400390625,63838.0,14847.900390625,5442.10009765625
2016-10-21,2141.159912109375,5257.39990234375,7020.5,10710.73046875,4536.06982421875,17184.58984375,,3090.94091796875,8693.0498046875,64108.0,14939.0,5430.2998046875
2016-10-24,2151.330078125,5309.830078125,6986.39990234375,10761.169921875,4552.580078125,17234.419921875,23604.080078125,3128.2470703125,8708.9501953125,64060.0,14923.0,5408.5
2016-10-25,2143.159912109375,5283.39990234375,7017.60009765625,10757.3095703125,4540.83984375,17365.25,23565.109375,3131.93896484375,8691.2998046875,63866.0,14870.599609375,5442.7998046875
2016-10-26,2139.429931640625,5250.27001953125,6958.10009765625,10709.6796875,4534.58984375,17391.83984375,23325.4296875,3116.31201171875,8615.25,63826.0,14807.599609375,5359.7998046875
2016-10-27,2133.0400390625,5215.97021484375,6986.60009765625,10717.080078125,4533.56982421875,17336.419921875,23132.349609375,3112.35009765625,8615.25,64250.0,14833.7998046875,5295.5
2016-10-28,2126.409912109375,5190.10009765625,6996.2998046875,10696.1904296875,4548.580078125,17446.41015625,22954.810546875,3104.27001953125,8638.0,64308.0,14785.2998046875,5283.7998046875
2016-10-31,2126.14990234375,5189.14013671875,6954.2001953125,10665.009765625,4509.259765625,17425.01953125,22934.5390625,3100.491943359375,,64925.0,14787.2998046875,5317.7001953125
2016-11-01,2111.719970703125,5153.580078125,6917.10009765625,10526.16015625,4470.27978515625,17442.400390625,23147.0703125,3122.43603515625,8626.25,63326.0,14778.2998046875,5290.5
2016-11-02,2097.93994140625,5105.56982421875,6845.39990234375,10370.9296875,4414.669921875,17134.6796875,22810.5,3102.73291015625,8514.0,,14594.7001953125,5229.0
2016-11-03,2088.659912109375,5058.41015625,6790.5,10325.8798828125,4411.68017578125,,22683.509765625,3128.93603515625,8484.9501953125,61750.0,14583.400390625,5225.60009765625
2016-11-04,2085.179931640625,5046.3701171875,6693.2998046875,10259.1298828125,4377.4599609375,16905.359375,22642.619140625,3125.31689453125,8433.75,61598.0,14509.2998046875,5180.7998046875
2016-11-07,2131.52001953125,5166.169921875,6806.89990234375,10456.9501953125,4461.2099609375,17177.2109375,22801.400390625,3133.3330078125,8497.0498046875,64052.0,14652.5,5250.7998046875
2016-11-08,2139.56005859375,5193.490234375,6843.10009765625,10482.3203125,4476.89013671875,17171.380859375,22909.470703125,3147.887939453125,8543.5498046875,64158.0,14656.7998046875,5257.7998046875
2016-11-09,2163.260009765625,5251.06982421875,6911.7998046875,10646.009765625,4543.47998046875,16251.5400390625,22415.189453125,3128.3701171875,8432.0,63258.0,14759.900390625,5156.60009765625
2016-11-10,2167.47998046875,5208.7998046875,6828.0,10630.1201171875,4530.9501953125,17344.419921875,22839.109375,3171.281982421875,8525.75,61201.0,14744.2998046875,5328.7998046875
2016-11-11,2164.449951171875,5237.10986328125,6730.39990234375,10667.9501953125,4489.27001953125,17374.7890625,22531.08984375,3196.0439453125,8296.2998046875,59184.0,14555.400390625,5370.7001953125
2016-11-14,2164.199951171875,5218.39990234375,6753.2001953125,10693.6904296875,4508.5498046875,17672.619140625,22222.220703125,3210.37109375,,59657.0,14598.5,5345.7001953125
2016-11-15,2180.389892578125,5275.6201171875,6792.7001953125,10735.1396484375,4536.52978515625,17668.150390625,22323.91015625,3206.986083984375,8108.4501953125,,14756.099609375,5326.2001953125
2016-11-16,2176.93994140625,5294.580078125,6749.7001953125,10663.8701171875,4501.14013671875,17862.2109375,22280.529296875,3205.056884765625,8111.60009765625,60759.0,14733.2001953125,5327.7001953125
2016-11-17,2187.1201171875,5333.97021484375,6794.7001953125,10685.5400390625,4527.77001953125,17862.630859375,22262.880859375,3208.452880859375,8079.9501953125,59770.0,14826.099609375,5338.5
2016-11-18,2181.89990234375,5321.509765625,6775.7998046875,10664.5595703125,4504.35009765625,17967.41015625,22344.2109375,3192.85595703125,8074.10009765625,59962.0,14864.0,5359.39990234375
2016-11-21,2198.179931640625,5368.85986328125,6778.0,10685.1298828125,4529.580078125,18106.01953125,22357.779296875,3218.14794921875,7929.10009765625,61070.0,15039.900390625,5351.2998046875
2016-11-22,2202.93994140625,5386.35009765625,6819.7001953125,10713.849609375,4548.35009765625,18162.939453125,22678.0703125,3248.35205078125,8002.2998046875,61954.0,15100.400390625,5413.2998046875
2016-11-23,2204.719970703125,5380.68017578125,6817.7001953125,10662.4404296875,4529.2099609375,,22676.689453125,3241.136962890625,8033.2998046875,61986.0,15080.900390625,5484.39990234375
2016-11-24,,,6829.2001953125,10689.259765625,4542.56005859375,18333.41015625,22608.490234375,3241.736083984375,7965.5,61396.0,15075.2001953125,5485.10009765625
2016-11-25,2213.35009765625,5398.919921875,6840.7998046875,10699.26953125,4550.27001953125,18381.220703125,22723.44921875,3261.93798828125,8114.2998046875,61559.0,15075.400390625,5507.7998046875
2016-11-28,2201.719970703125,5368.81005859375,6799.5,10582.669921875,4510.39013671875,18356.890625,22830.5703125,3277.0,8126.89990234375,62855.0,15015.400390625,5464.39990234375
2016-11-29,2204.659912109375,5379.919921875,6772.0,10620.490234375,4551.4599609375,18307.0390625,22737.0703125,3282.924072265625,8142.14990234375,60987.0,14999.7998046875,5457.5
2016-11-30,2198.81005859375,5323.68017578125,6783.7998046875,10640.2998046875,4578.33984375,18308.48046875,22789.76953125,3250.033935546875,8224.5,61906.0,15082.900390625,5440.5
2016-12-01,2191.080078125,5251.10986328125,6752.89990234375,10534.0498046875,4560.60986328125,18513.119140625,22878.23046875,3273.30908203125,8192.900390625,59507.0,15027.5,5500.2001953125
2016-12-02,2191.949951171875,5255.64990234375,6730.7001953125,10513.349609375,4528.81982421875,18426.080078125,22564.8203125,3243.843017578125,8086.7998046875,60316.0,15052.5,5444.0
2016-12-05,2204.7099609375,5308.89013671875,6746.7998046875,10684.830078125,4574.31982421875,18274.990234375,22505.55078125,3204.708984375,8128.75,59832.0,15095.2001953125,5400.39990234375
2016-12-06,2212.22998046875,5333.0,6779.7998046875,10775.3203125,4631.93994140625,18360.5390625,22675.150390625,3199.64697265625,8143.14990234375,61088.0,15125.7998046875,5428.7001953125
2016-12-07,2241.35009765625,5393.759765625,6902.2001953125,10986.6904296875,4694.72021484375,18496.689453125,22800.919921875,3222.241943359375,8102.0498046875,61414.0,15237.7998046875,5478.10009765625
2016-12-08,2246.18994140625,5417.35986328125,6931.60009765625,11179.419921875,4735.47998046875,18765.470703125,22861.83984375,3215.365966796875,8246.849609375,60677.0,15295.2001953125,5543.60009765625
2016-12-09,2259.530029296875,5444.5,6954.2001953125,11203.6298828125,4764.06982421875,18996.369140625,22760.98046875,3232.883056640625,8261.75,60501.0,15312.2001953125,5560.60009765625
2016-12-12,2256.9599609375,5412.5400390625,6890.39990234375,11190.2099609375,4760.77001953125,19155.029296875,22433.01953125,3152.969970703125,8170.7998046875,59179.0,15287.7001953125,5562.7998046875
2016-12-13,2271.719970703125,5463.830078125,6968.60009765625,11284.650390625,4803.8701171875,19250.51953125,22446.69921875,3155.037109375,8221.7998046875,59281.0,15385.2998046875,5545.0
2016-12-14,2253.280029296875,5436.669921875,6949.2001953125,11244.83984375,4769.240234375,19253.609375,22456.619140625,3140.531005859375,8182.4501953125,58212.0,15197.2001953125,5584.60009765625
2016-12-15,2262.030029296875,5456.85009765625,6999.0,11366.400390625,4819.22998046875,19273.7890625,22059.400390625,3117.677001953125,8153.60009765625,58396.0,15218.2998046875,5538.60009765625
2016-12-16,2258.070068359375,5437.16015625,7011.60009765625,11404.009765625,4833.27001953125,19401.150390625,22020.75,3122.98193359375,8139.4501953125,58389.0,15252.2001953125,5532.89990234375
2016-12-19,2262.530029296875,5457.43994140625,7017.2001953125,11426.7001953125,4822.77001953125,19391.599609375,21832.6796875,3118.0849609375,8104.35009765625,57111.0,15269.900390625,5562.10009765625
2016-12-20,2270.760009765625,5483.93994140625,7044.0,11464.740234375,4849.89013671875,19494.529296875,21729.060546875,3102.8759765625,8082.39990234375,57583.0,15293.0,5591.10009765625
2016-12-21,2265.179931640625,5471.43017578125,7041.39990234375,11468.6396484375,4833.81982421875,19444.490234375,21809.80078125,3137.429931640625,8061.2998046875,57647.0,15305.900390625,5613.5
2016-12-22,2260.9599609375,5447.419921875,7063.7001953125,11456.099609375,4834.6298828125,19427.669921875,21636.19921875,3139.55810546875,7979.10009765625,57255.0,15335.2001953125,5643.89990234375
2016-12-23,2263.7900390625,5462.68994140625,7068.2001953125,11449.9296875,4839.68017578125,,21574.759765625,3110.154052734375,7985.75,57937.0,15328.2001953125,5627.89990234375
2016-12-26,,,,,,19396.640625,,3122.569091796875,7908.25,58620.0,,
2016-12-27,2268.8798828125,5487.43994140625,,11472.240234375,4848.27978515625,19403.060546875,,3114.6640625,8032.85009765625,58697.0,,
2016-12-28,2249.919921875,5438.56005859375,7106.10009765625,11474.990234375,4848.009765625,19401.720703125,21754.740234375,3102.236083984375,8034.85009765625,59782.0,15361.099609375,5685.0
2016-12-29,2249.260009765625,5432.08984375,7120.2998046875,11451.0498046875,4838.47021484375,19145.140625,21790.91015625,3096.096923828125,8103.60009765625,60227.0,15422.099609375,5699.10009765625
2016-12-30,2238.830078125,5383.1201171875,7142.7998046875,11481.0595703125,4862.31005859375,19114.369140625,22000.560546875,3103.636962890625,8185.7998046875,,15287.599609375,5665.7998046875
2017-01-02,,,,11598.330078125,4882.3798828125,,,,8179.5,59589.0,,
2017-01-03,2257.830078125,5429.080078125,7177.89990234375,11584.240234375,4899.330078125,,22150.400390625,3135.9208984375,8192.25,61814.0,15403.0,5733.2001953125
2017-01-04,2270.75,5477.0,7189.7001953125,11584.3095703125,4899.39990234375,19594.16015625,22134.470703125,3158.7939453125,8190.5,61589.0,15516.7998046875,5736.39990234375
2017-01-05,2269.0,5487.93994140625,7195.2998046875,11584.9404296875,4900.64013671875,19520.689453125,22456.689453125,3165.410888671875,8273.7998046875,62071.0,15586.599609375,5753.2998046875
2017-01-06,2276.97998046875,5521.06005859375,7210.10009765625,11599.009765625,4909.83984375,19454.330078125,22503.009765625,3154.321044921875,8243.7998046875,61665.0,15496.099609375,5755.60009765625
2017-01-09,2268.89990234375,5531.81982421875,7237.7998046875,11563.990234375,4887.56982421875,,22558.689453125,3171.236083984375,8236.0498046875,61700.0,15389.0,5807.39990234375
2017-01-10,2268.89990234375,5551.81982421875,7275.5,11583.2998046875,4888.22998046875,19301.439453125,22744.849609375,3161.6708984375,8288.599609375,62132.0,15426.2998046875,5760.7001953125
2017-01-11,2275.320068359375,5563.64990234375,7290.5,11646.169921875,4888.7099609375,19364.669921875,22935.349609375,3136.75390625,8380.650390625,62446.0,15491.5,5771.5
2017-01-12,2270.43994140625,5547.490234375,7292.39990234375,11521.0400390625,4863.97021484375,19134.69921875,22829.01953125,3119.2890625,8407.2001953125,63954.0,15418.2001953125,5766.89990234375
2017-01-13,2274.639892578125,5574.1201171875,7337.7998046875,11629.1796875,4922.490234375,19287.279296875,22937.380859375,3112.763916015625,8400.349609375,63652.0,15497.2998046875,5721.10009765625
2017-01-16,,,7327.10009765625,11554.7099609375,4882.18017578125,19095.240234375,22718.150390625,3103.427978515625,8412.7998046875,63831.0,15479.2998046875,5748.39990234375
2017-01-17,2267.889892578125,5538.72998046875,7220.39990234375,11540.0,4859.68994140625,18813.529296875,22840.970703125,3108.77490234375,8398.0,64354.0,15441.400390625,5699.39990234375
2017-01-18,2271.889892578125,5555.64990234375,7247.60009765625,11599.3896484375,4853.39990234375,18894.369140625,23098.259765625,3113.011962890625,8417.0,64150.0,15397.900390625,5678.7998046875
2017-01-19,2263.68994140625,5540.080078125,7208.39990234375,11596.8896484375,4841.14013671875,19072.25,23049.9609375,3101.299072265625,8435.099609375,63951.0,15409.7998046875,5692.2001953125
2017-01-20,2271.31005859375,5555.330078125,7198.39990234375,11630.1298828125,4850.669921875,19137.91015625,22885.91015625,3123.138916015625,8349.349609375,64521.0,15547.900390625,5654.7998046875
2017-01-23,2265.199951171875,5552.93994140625,7151.2001953125,11545.75,4821.41015625,18891.029296875,22898.51953125,3136.77490234375,8391.5,65749.0,15480.099609375,5611.0
2017-01-24,2280.070068359375,5600.9599609375,7150.2998046875,11594.9404296875,4830.02978515625,18787.990234375,22949.859375,3142.552978515625,8475.7998046875,65840.0,15610.7001953125,5650.10009765625
2017-01-25,2298.3701171875,5656.33984375,7164.39990234375,11806.0498046875,4877.669921875,19057.5,23049.119140625,3149.554931640625,8602.75,,15643.7998046875,5671.5
2017-01-26,2296.679931640625,5655.18017578125,7161.5,11848.6298828125,4867.240234375,19402.390625,23374.169921875,3159.166015625,,66191.0,15615.5,
2017-01-27,2294.68994140625,5660.77978515625,7184.5,11814.26953125,4839.97998046875,19467.400390625,23360.779296875,,8641.25,66034.0,15575.7998046875,5714.0
2017-01-30,2280.89990234375,5613.7099609375,7118.5,11681.8896484375,4784.64013671875,19368.849609375,,,8632.75,64302.0,15405.099609375,5661.5
2017-01-31,2278.8701171875,5614.7900390625,7099.2001953125,11535.3095703125,4748.89990234375,19041.33984375,,,8561.2998046875,64671.0,15386.0,5620.89990234375
2017-02-01,2279.550048828125,5642.64990234375,7107.7001953125,11659.5,4794.580078125,19148.080078125,23318.390625,,8716.400390625,64836.0,15402.400390625,5653.2001953125
2017-02-02,2280.85009765625,5636.2001953125,7140.7998046875,11627.9501953125,4794.2900390625,18914.580078125,23184.51953125,,8734.25,64578.0,15399.099609375,5645.39990234375
2017-02-03,2297.419921875,5666.77001953125,7188.2998046875,11651.490234375,4825.419921875,18918.19921875,23129.2109375,3140.169921875,8740.9501953125,64954.0,15476.400390625,5621.60009765625
2017-02-06,2292.56005859375,5663.5498046875,7172.2001953125,11509.83984375,4778.080078125,18976.7109375,23348.240234375,3156.98388671875,8801.0498046875,63993.0,15456.900390625,5615.60009765625
2017-02-07,2293.080078125,5674.22021484375,7186.2001953125,11549.4404296875,4754.47021484375,18910.779296875,23331.5703125,3153.087890625,8768.2998046875,64199.0,15498.7998046875,5621.89990234375
2017-02-08,2294.669921875,5682.4501953125,7188.7998046875,11543.3798828125,4766.60009765625,19007.599609375,23485.130859375,3166.98193359375,8769.0498046875,64835.0,15554.0,5651.39990234375
2017-02-09,2307.8701171875,5715.18017578125,7229.5,11642.8603515625,4826.240234375,18907.669921875,23525.140625,3183.178955078125,8778.400390625,64965.0,15617.2998046875,5664.60009765625
2017-02-10,2316.10009765625,5734.1298828125,7258.7998046875,11666.9697265625,4828.31982421875,19378.9296875,23574.98046875,3196.698974609375,8793.5498046875,66125.0,15729.099609375,5720.60009765625
2017-02-13,2328.25,5763.9599609375,7278.89990234375,11774.4296875,4888.18994140625,19459.150390625,23710.98046875,3216.839111328125,8805.0498046875,66968.0,15756.599609375,5760.7001953125
2017-02-14,2337.580078125,5782.56982421875,7268.60009765625,11771.8095703125,4895.81982421875,19238.98046875,23703.009765625,3217.927978515625,8792.2998046875,66713.0,15786.0,5755.2001953125
2017-02-15,2349.25,5819.43994140625,7302.39990234375,11793.9296875,4924.85986328125,19437.98046875,23994.869140625,3212.986083984375,8724.7001953125,67976.0,15845.0,5809.10009765625
2017-02-16,2347.219970703125,5814.89990234375,7277.89990234375,11757.240234375,4899.4599609375,19347.529296875,24107.69921875,3229.617919921875,8778.0,67814.0,15864.2001953125,5816.2998046875
2017-02-17,2351.159912109375,5838.580078125,7300.0,11757.01953125,4867.580078125,19234.619140625,24033.740234375,3202.075927734375,8821.7001953125,67748.0,15838.599609375,5805.7998046875
2017-02-20,,,7299.89990234375,11827.6201171875,4864.990234375,19251.080078125,24146.080078125,3239.9609375,8879.2001953125,68533.0,,5795.10009765625
2017-02-21,2365.3798828125,5865.9501953125,7274.7998046875,11967.490234375,4888.759765625,19381.439453125,23963.630859375,3253.325927734375,8907.849609375,69052.0,15922.400390625,5791.0
2017-02-22,2362.820068359375,5860.6298828125,7302.2998046875,11998.58984375,4895.8798828125,19379.869140625,24201.9609375,3261.218017578125,8926.900390625,68590.0,15830.2001953125,5805.10009765625
2017-02-23,2363.81005859375,5835.509765625,7271.39990234375,11947.830078125,4891.2900390625,19371.4609375,24114.859375,3251.375,8939.5,67461.0,15781.2001953125,5784.7001953125
2017-02-24,2367.340087890625,5845.31005859375,7243.7001953125,11804.0302734375,4845.240234375,19283.5390625,23965.69921875,3253.43310546875,,66662.0,15533.5,5739.0
2017-02-27,2369.75,5861.89990234375,7253.0,11822.669921875,4845.18017578125,19107.470703125,23925.05078125,3228.659912109375,8896.7001953125,,15463.5,5724.2001953125
2017-02-28,2363.639892578125,5825.43994140625,7263.39990234375,11834.41015625,4858.580078125,19118.990234375,23740.73046875,3241.73291015625,8879.599609375,,15399.2001953125,5712.2001953125
2017-03-01,2395.9599609375,5904.02978515625,7382.89990234375,12067.1904296875,4960.830078125,19393.5390625,23776.490234375,3246.93408203125,8945.7998046875,66989.0,15599.7001953125,5704.7998046875
2017-03-02,2381.919921875,5861.22021484375,7382.39990234375,12059.5703125,4963.7998046875,19564.80078125,23728.0703125,3230.028076171875,8899.75,65855.0,15536.7001953125,5776.60009765625
2017-03-03,2383.1201171875,5870.75,7374.2998046875,12027.3603515625,4995.1298828125,19469.169921875,23552.720703125,3218.31201171875,8897.5498046875,66786.0,15608.5,5729.60009765625
2017-03-06,2375.31005859375,5849.18017578125,7350.10009765625,11958.400390625,4972.18994140625,19379.140625,23596.279296875,3233.865966796875,8963.4501953125,66341.0,15629.7998046875,5746.5
2017-03-07,2368.389892578125,5833.93017578125,7339.0,11966.1396484375,4955.0,19344.150390625,23681.0703125,3242.406005859375,8946.900390625,65742.0,15608.7998046875,5761.39990234375
2017-03-08,2362.97998046875,5837.5498046875,7334.60009765625,11967.3095703125,4960.47998046875,19254.029296875,23782.26953125,3240.6650390625,8924.2998046875,64718.0,15497.0,5759.7001953125
2017-03-09,2364.8701171875,5838.81005859375,7315.0,11978.3896484375,4981.509765625,19318.580078125,23501.560546875,3216.74609375,8927.0,64585.0,15496.7998046875,5741.2001953125
2017-03-10,2372.60009765625,5861.72998046875,7343.10009765625,11963.1796875,4993.31982421875,19604.609375,23568.669921875,3212.760009765625,8934.5498046875,64675.0,15506.7001953125,5775.60009765625
2017-03-13,2373.469970703125,5875.77978515625,7367.10009765625,11990.0302734375,4999.60009765625,19633.75,23829.669921875,3237.02392578125,,65534.0,15544.7998046875,5757.2998046875
2017-03-14,2365.449951171875,5856.81982421875,7357.89990234375,11988.7900390625,4974.259765625,19609.5,23827.94921875,3239.327880859375,9087.0,64699.0,15379.599609375,5759.10009765625
2017-03-15,2385.260009765625,5900.0498046875,7368.60009765625,12009.8701171875,4985.47998046875,19577.380859375,23792.849609375,3241.760009765625,9084.7998046875,66235.0,15520.900390625,5774.0
2017-03-16,2381.3798828125,5900.759765625,7416.0,12083.1796875,5013.3798828125,19590.140625,24288.279296875,3268.93505859375,9153.7001953125,65783.0,15562.400390625,5785.7998046875
2017-03-17,2378.25,5901.0,7425.0,12095.240234375,5029.240234375,19521.58984375,24309.9296875,3237.447021484375,9160.0498046875,64210.0,15490.5,5799.60009765625
2017-03-20,2373.469970703125,5901.52978515625,7429.7998046875,12052.900390625,5012.16015625,,24501.990234375,3250.80810546875,9126.849609375,64884.0,15442.2998046875,5778.89990234375
2017-03-21,2344.02001953125,5793.830078125,7378.2998046875,11962.1298828125,5002.43017578125,19455.880859375,24593.119140625,3261.611083984375,9121.5,62980.0,15313.099609375,5774.60009765625
2017-03-22,2348.449951171875,5821.64013671875,7324.7001953125,11904.1201171875,4994.7001953125,19041.380859375,24320.41015625,3245.219970703125,9030.4501953125,63521.0,15348.5,5684.5
2017-03-23,2345.9599609375,5817.68994140625,7340.7001953125,12039.6796875,5032.759765625,19085.310546875,24327.69921875,3248.550048828125,9086.2998046875,63531.0,15433.599609375,5708.0
2017-03-24,2343.97998046875,5828.740234375,7336.7998046875,12064.26953125,5020.89990234375,19262.529296875,24358.26953125,3269.445068359375,9108.0,63854.0,15442.7001953125,5753.5
2017-03-27,2341.590087890625,5840.3701171875,7293.5,11996.0703125,5017.43017578125,18985.58984375,24193.69921875,3266.955078125,9045.2001953125,64308.0,15506.2001953125,5746.7001953125
2017-03-28,2358.570068359375,5875.14013671875,7343.39990234375,12149.419921875,5046.2001953125,19202.869140625,24345.869140625,3252.947998046875,9100.7998046875,64640.0,15598.599609375,5821.2001953125
2017-03-29,2361.1298828125,5897.5498046875,7373.7001953125,12203.0,5069.0400390625,19217.48046875,24392.05078125,3241.31396484375,9143.7998046875,65528.0,15657.599609375,5873.5
2017-03-30,2368.06005859375,5914.33984375,7369.5,12256.4296875,5089.64013671875,19063.220703125,24301.08984375,3210.237060546875,9173.75,65266.0,15578.7998046875,5896.2001953125
2017-03-31,2362.719970703125,5911.740234375,7322.89990234375,12312.8701171875,5122.509765625,18909.259765625,24111.58984375,3222.513916015625,9173.75,64984.0,15547.7998046875,5864.89990234375
2017-04-03,2358.840087890625,5894.68017578125,7282.7001953125,12257.2001953125,5085.91015625,18983.23046875,24261.48046875,,9237.849609375,65211.0,15584.400390625,5872.7001953125
2017-04-04,2360.159912109375,5898.60986328125,7321.7998046875,12282.33984375,5101.1298828125,18810.25,,,,65769.0,15669.099609375,5856.60009765625
2017-04-05,2352.949951171875,5864.47998046875,7331.7001953125,12217.5400390625,5091.85009765625,18861.26953125,24400.80078125,3270.304931640625,9265.150390625,64775.0,15643.0,5876.2001953125
2017-04-06,2357.489990234375,5878.9501953125,7303.2001953125,12230.8896484375,5121.43994140625,18597.060546875,24273.720703125,3281.0048828125,9261.9501953125,64223.0,15697.2001953125,5856.2998046875
2017-04-07,2355.5400390625,5877.81005859375,7349.39990234375,12225.0595703125,5135.27978515625,18664.630859375,24267.30078125,3286.615966796875,9198.2998046875,64593.0,15667.099609375,5862.5
2017-04-10,2357.159912109375,5880.93017578125,7348.89990234375,12200.51953125,5107.4501953125,18797.880859375,24262.1796875,3269.39306640625,9181.4501953125,64650.0,15730.7998046875,5912.89990234375
2017-04-11,2353.780029296875,5866.77001953125,7365.5,12139.349609375,5101.85986328125,18747.869140625,24088.4609375,3288.966064453125,9237.0,64360.0,15727.099609375,5929.2998046875
2017-04-12,2344.929931640625,5836.16015625,7349.0,12154.7001953125,5101.10986328125,18552.609375,24313.5,3273.830078125,9203.4501953125,63892.0,15648.400390625,5934.0
2017-04-13,2328.949951171875,5805.14990234375,7327.60009765625,12109.0,5071.10009765625,18426.83984375,24261.66015625,3275.9599609375,9150.7998046875,62826.0,15535.5,5889.89990234375
2017-04-14,,,,,,18335.630859375,,3244.48291015625,,,,
2017-04-17,2349.010009765625,5856.7900390625,,,,18355.259765625,,3222.1669921875,9139.2998046875,64335.0,15684.900390625,
2017-04-18,2342.18994140625,5849.47021484375,7147.5,12000.4404296875,4990.25,18418.58984375,23924.5390625,3196.712890625,9105.150390625,64159.0,15622.599609375,5836.7001953125
2017-04-19,2338.169921875,5863.02978515625,7114.39990234375,12016.4501953125,5003.72998046875,18432.19921875,23825.880859375,3170.68701171875,9103.5,63407.0,15552.900390625,5804.0
2017-04-20,2355.840087890625,5916.77978515625,7118.5,12027.3203125,5077.91015625,18430.490234375,24056.98046875,3172.10009765625,9136.400390625,63761.0,15625.599609375,5821.39990234375
2017-04-21,2348.68994140625,5910.52001953125,7114.60009765625,12048.5703125,5059.2001953125,18620.75,24042.01953125,3173.15087890625,9119.400390625,,15614.5,5854.10009765625
2017-04-24,2374.14990234375,5983.81982421875,7264.7001953125,12454.98046875,5268.85009765625,18875.880859375,24139.48046875,3129.531005859375,9217.9501953125,64389.0,15712.5,5871.7998046875
2017-04-25,2388.610107421875,6025.490234375,7275.60009765625,12467.0400390625,5277.8798828125,19079.330078125,24455.939453125,3134.56689453125,9306.599609375,65148.0,15745.2001953125,
2017-04-26,2387.449951171875,6025.22998046875,7288.7001953125,12472.7998046875,5287.8798828125,19289.4296875,24578.4296875,3140.846923828125,9351.849609375,64862.0,15649.5,5912.0
2017-04-27,2388.77001953125,6048.93994140625,7237.2001953125,12443.7900390625,5271.7001953125,19251.869140625,24698.48046875,3152.18701171875,9342.150390625,64677.0,15506.5,5921.5
2017-04-28,2384.199951171875,6047.60986328125,7203.89990234375,12438.009765625,5267.330078125,19196.740234375,24615.130859375,3154.657958984375,9304.0498046875,65403.0,15586.099609375,5924.10009765625
2017-05-01,2388.330078125,6091.60009765625,,,,19310.51953125,,,,,15575.599609375,5956.39990234375
2017-05-02,2391.169921875,6095.3701171875,7250.10009765625,12507.900390625,5304.14990234375,19445.69921875,24696.130859375,3143.7119140625,9313.7998046875,66722.0,15619.7001953125,5950.39990234375
2017-05-03,2388.1298828125,6072.5498046875,7234.5,12527.83984375,5301.0,,,3135.345947265625,9311.9501953125,66094.0,15543.099609375,5892.2998046875
2017-05-04,2389.52001953125,6075.33984375,7248.10009765625,12647.7802734375,5372.419921875,,24683.880859375,3127.368896484375,9359.900390625,64863.0,15396.7001953125,5876.39990234375
2017-05-05,2399.2900390625,6100.759765625,7297.39990234375,12716.8896484375,5432.39990234375,,24476.349609375,3103.0380859375,9285.2998046875,65710.0,15582.0,5836.60009765625
2017-05-08,2399.3798828125,6102.66015625,7300.89990234375,12694.5498046875,5382.9501953125,19895.69921875,24577.91015625,3078.613037109375,9314.0498046875,65526.0,15652.099609375,5870.89990234375
2017-05-09,2396.919921875,6120.58984375,7342.2001953125,12749.1201171875,5398.009765625,19843.0,24889.029296875,3080.527099609375,9316.849609375,66278.0,15569.2001953125,5839.89990234375
2017-05-10,2399.6298828125,6129.14013671875,7385.2001953125,12757.4599609375,5400.4599609375,19900.08984375,25015.419921875,3052.784912109375,9407.2998046875,67350.0,15633.2001953125,5875.39990234375
2017-05-11,2394.43994140625,6115.9599609375,7386.60009765625,12711.0595703125,5383.419921875,19961.55078125,25125.55078125,3061.5,9422.400390625,67538.0,15550.599609375,5878.2998046875
2017-05-12,2390.89990234375,6121.22998046875,7435.39990234375,12770.41015625,5405.419921875,19883.900390625,25156.33984375,3083.512939453125,9400.900390625,68222.0,15537.900390625,5836.89990234375
2017-05-15,2402.320068359375,6149.669921875,7454.39990234375,12807.0400390625,5417.39990234375,19869.849609375,25371.58984375,3090.22900390625,9445.400390625,68474.0,15629.5,5838.39990234375
2017-05-16,2400.669921875,6169.8701171875,7522.0,12804.5302734375,5406.10009765625,19919.8203125,25335.939453125,3112.964111328125,9512.25,68684.0,15543.2998046875,5850.5
2017-05-17,2357.030029296875,6011.240234375,7503.5,12631.6103515625,5317.89013671875,19814.880859375,25293.630859375,3104.44189453125,9525.75,67540.0,15273.7001953125,5786.0
2017-05-18,2365.719970703125,6055.1298828125,7436.39990234375,12590.0595703125,5289.72998046875,19553.859375,25136.51953125,3090.138916015625,9429.4501953125,61597.0,15277.2001953125,5738.2998046875
2017-05-19,2381.72998046875,6083.7001953125,7470.7001953125,12638.6904296875,5324.39990234375,19590.759765625,25174.869140625,3090.631103515625,9427.900390625,62639.0,15458.5,5727.39990234375
2017-05-22,2394.02001953125,6133.6201171875,7496.2998046875,12619.4599609375,5322.8798828125,19678.279296875,25391.33984375,3075.676025390625,9438.25,61673.0,,5771.2001953125
2017-05-23,2398.419921875,6138.7099609375,7485.2998046875,12659.150390625,5348.16015625,19613.279296875,25403.150390625,3061.947021484375,9386.150390625,62662.0,15476.900390625,5760.2001953125
2017-05-24,2404.389892578125,6163.02001953125,7514.89990234375,12642.8701171875,5341.33984375,19742.98046875,25428.5,3064.075927734375,9360.5498046875,63257.0,15419.5,5769.0
2017-05-25,2415.070068359375,6205.259765625,7517.7001953125,12621.7197265625,5337.16015625,19813.130859375,25630.779296875,3107.8310546875,9509.75,63227.0,15410.7001953125,5789.60009765625
2017-05-26,2415.820068359375,6210.18994140625,7547.60009765625,12602.1796875,5336.64013671875,19686.83984375,25639.26953125,3110.05908203125,9595.099609375,64085.0,15416.900390625,5751.7001953125
2017-05-29,,,,12628.9501953125,5332.47021484375,19682.5703125,25701.630859375,,9604.900390625,63761.0,15421.900390625,5707.10009765625
2017-05-30,2412.909912109375,6203.18994140625,7526.5,12598.6796875,5305.93994140625,19677.849609375,,,9624.5498046875,63962.0,15372.400390625,5717.89990234375
2017-05-31,2411.800048828125,6198.52001953125,7520.0,12615.0595703125,5283.6298828125,19650.5703125,25660.650390625,3117.177978515625,9621.25,62711.0,15349.900390625,5724.60009765625
2017-06-01,2430.06005859375,6246.830078125,7543.7998046875,12664.919921875,5318.669921875,19860.029296875,25809.220703125,3102.623046875,9616.099609375,62289.0,15469.900390625,5738.10009765625
2017-06-02,2439.070068359375,6305.7998046875,7547.60009765625,12822.9404296875,5343.41015625,20177.279296875,25924.05078125,3105.5400390625,9653.5,62511.0,15442.7998046875,5788.10009765625
2017-06-05,2436.10009765625,6295.68017578125,7525.7998046875,,5307.89013671875,20170.8203125,25862.990234375,3091.656005859375,9675.099609375,62450.0,15409.7998046875,5754.89990234375
2017-06-06,2429.330078125,6275.06005859375,7525.0,12690.1201171875,5269.22021484375,19979.900390625,25997.140625,3102.1259765625,9637.150390625,62955.0,15464.599609375,5667.5
2017-06-07,2433.139892578125,6297.3798828125,7478.60009765625,12672.490234375,5265.52978515625,19984.619140625,25974.16015625,3140.324951171875,9663.900390625,63171.0,15372.099609375,5667.2001953125
2017-06-08,2433.7900390625,6321.759765625,7450.0,12713.580078125,5264.240234375,19909.259765625,26063.060546875,3150.333984375,9647.25,62756.0,15423.099609375,5676.60009765625
2017-06-09,2431.77001953125,6207.919921875,7527.2998046875,12815.7197265625,5299.7099609375,20013.259765625,26030.2890625,3158.39990234375,9668.25,62211.0,15473.2001953125,5677.7998046875
2017-06-12,2429.389892578125,6175.4599609375,7511.89990234375,12690.4404296875,5240.58984375,19908.580078125,25708.0390625,3139.876953125,9616.400390625,61700.0,15383.7998046875,
2017-06-13,2440.35009765625,6220.3701171875,7500.39990234375,12764.98046875,5261.740234375,19898.75,25852.099609375,3153.742919921875,9606.900390625,61829.0,15379.7998046875,5772.7998046875
2017-06-14,2437.919921875,6194.89013671875,7474.39990234375,12805.9501953125,5243.2900390625,19883.51953125,25875.900390625,3130.674072265625,9618.150390625,61923.0,15170.099609375,5833.89990234375
2017-06-15,2432.4599609375,6165.5,7419.39990234375,12691.8095703125,5216.8798828125,19831.8203125,25565.33984375,3132.486083984375,9578.0498046875,,15160.400390625,5763.2001953125
2017-06-16,2433.14990234375,6151.759765625,7463.5,12752.73046875,5263.31005859375,19943.259765625,25626.490234375,3123.166015625,9588.0498046875,61626.0,15192.5,5774.0
2017-06-19,2453.4599609375,6239.009765625,7523.7998046875,12888.9501953125,5310.72021484375,20067.75,25924.55078125,3144.3740234375,9657.5498046875,62014.0,15266.0,5805.2001953125
2017-06-20,2437.030029296875,6188.02978515625,7472.7001953125,12814.7900390625,5293.64990234375,20230.41015625,25843.0390625,3140.013916015625,9653.5,60766.0,15149.599609375,5757.2998046875
2017-06-21,2435.610107421875,6233.9501953125,7447.7998046875,12774.259765625,5274.259765625,20138.7890625,25694.580078125,3156.2119140625,9633.599609375,60762.0,15148.5,5665.7001953125
2017-06-22,2434.5,6236.68994140625,7439.2998046875,12794.0,5281.93017578125,20110.509765625,25674.529296875,3147.452880859375,9630.0,61272.0,15219.900390625,5706.0
2017-06-23,2438.300048828125,6265.25,7424.10009765625,12733.41015625,5266.1201171875,20132.669921875,25670.05078125,3157.873046875,9574.9501953125,61087.0,15319.599609375,5715.89990234375
2017-06-26,2439.070068359375,6247.14990234375,7446.7998046875,12770.830078125,5295.75,20153.349609375,25871.890625,3185.444091796875,,62188.0,15316.0,5720.2001953125
2017-06-27,2419.3798828125,6146.6201171875,7434.39990234375,12671.01953125,5258.580078125,20225.08984375,25839.990234375,3191.197021484375,9511.400390625,61675.0,15281.2001953125,5714.2001953125
2017-06-28,2440.68994140625,6234.41015625,7387.7998046875,12647.26953125,5252.89990234375,20130.41015625,25683.5,3173.200927734375,9491.25,62018.0,15355.599609375,5755.7001953125
2017-06-29,2419.699951171875,6144.35009765625,7350.2998046875,12416.1904296875,5154.35009765625,20220.30078125,25965.419921875,3188.06298828125,9504.099609375,62239.0,15213.400390625,5818.10009765625
2017-06-30,2423.409912109375,6140.419921875,7312.7001953125,12325.1201171875,5120.68017578125,20033.4296875,25764.580078125,3192.427001953125,9520.900390625,62900.0,15182.2001953125,5721.5
2017-07-03,2429.010009765625,6110.06005859375,7377.10009765625,12475.3095703125,5195.72021484375,20055.80078125,25784.169921875,3195.912109375,9615.0,63280.0,,5684.5
2017-07-04,,,7357.2001953125,12437.1298828125,5174.89990234375,20032.349609375,25389.009765625,3182.803955078125,9613.2998046875,63232.0,15130.599609375,5783.7998046875
2017-07-05,2432.5400390625,6150.85986328125,7367.60009765625,12453.6796875,5180.10009765625,20081.630859375,25521.970703125,3207.134033203125,9637.599609375,63154.0,15153.099609375,5763.2998046875
2017-07-06,2409.75,6089.4599609375,7337.2998046875,12381.25,5152.39990234375,19994.060546875,25465.220703125,3212.444091796875,9674.5498046875,62470.0,15078.0,5758.7998046875
2017-07-07,2425.179931640625,6153.080078125,7350.89990234375,12388.6796875,5145.16015625,19929.08984375,25340.849609375,3217.95703125,9665.7998046875,62322.0,15027.2001953125,5703.60009765625
2017-07-10,2427.429931640625,6176.39013671875,7370.0,12445.919921875,5165.64013671875,20080.98046875,25500.060546875,3212.632080078125,9771.0498046875,63025.0,15105.2998046875,5724.39990234375
2017-07-11,2425.530029296875,6193.2998046875,7329.7998046875,12437.01953125,5140.60009765625,20195.48046875,25877.640625,3203.0380859375,9786.0498046875,63832.0,15149.099609375,5728.89990234375
2017-07-12,2443.25,6261.169921875,7416.89990234375,12626.580078125,5222.1298828125,20098.380859375,26043.640625,3197.5439453125,9816.099609375,64836.0,15144.0,5673.7998046875
2017-07-13,2447.830078125,6274.43994140625,7413.39990234375,12641.330078125,5235.39990234375,20099.810546875,26346.169921875,3218.1630859375,9891.7001953125,65178.0,15135.0,5736.7998046875
2017-07-14,2459.27001953125,6312.47021484375,7378.39990234375,12631.7197265625,5235.31005859375,20118.859375,26389.23046875,3222.4169921875,9886.349609375,65436.0,15174.7998046875,5765.10009765625
2017-07-17,2459.139892578125,6314.43017578125,7404.10009765625,12587.16015625,5230.169921875,,26470.580078125,3176.465087890625,9915.9501953125,65212.0,15165.400390625,5755.5
2017-07-18,2460.610107421875,6344.31005859375,7390.2001953125,12430.3896484375,5173.27001953125,19999.91015625,26524.939453125,3187.56689453125,9827.150390625,65338.0,15149.599609375,5687.39990234375
2017-07-19,2473.830078125,6385.0400390625,7430.89990234375,12452.0498046875,5216.06982421875,20020.859375,26672.16015625,3230.97607421875,9899.599609375,65180.0,15244.7001953125,5732.10009765625
2017-07-20,2473.449951171875,6390.0,7487.89990234375,12447.25,5199.22021484375,20144.58984375,26740.2109375,3244.864990234375,9873.2998046875,64938.0,15264.599609375,5761.5
2017-07-21,2472.5400390625,6387.75,7452.89990234375,12240.0595703125,5117.66015625,20099.75,26706.08984375,3237.98193359375,9915.25,64684.0,15183.099609375,5722.7998046875
2017-07-24,2469.909912109375,6410.81005859375,7377.7001953125,12208.9501953125,5127.7001953125,19975.669921875,26846.830078125,3250.59912109375,9966.400390625,65100.0,15128.7001953125,5688.10009765625
2017-07-25,2477.1298828125,6412.169921875,7434.7998046875,12264.3095703125,5161.080078125,19955.19921875,26852.05078125,3243.68896484375,9964.5498046875,65668.0,15202.400390625,5726.60009765625
2017-07-26,2477.830078125,6422.75,7452.2998046875,12305.1103515625,5190.169921875,20050.16015625,26941.01953125,3247.675048828125,10020.650390625,65011.0,15171.400390625,5776.60009765625
2017-07-27,2475.419921875,6382.18994140625,7443.0,12212.0400390625,5186.9501953125,20079.640625,27131.169921875,3249.781005859375,10020.5498046875,65277.0,15191.400390625,5785.0
2017-07-28,2472.10009765625,6374.68017578125,7368.39990234375,12162.7001953125,5131.39013671875,19959.83984375,26979.390625,3253.239990234375,10014.5,65497.0,15128.7001953125,5702.7998046875
2017-07-31,2470.300048828125,6348.1201171875,7372.0,12118.25,5093.77001953125,19925.1796875,27323.990234375,3273.028076171875,10077.099609375,65920.0,15143.900390625,5720.60009765625
2017-08-01,2476.35009765625,6362.93994140625,7423.7001953125,12251.2900390625,5127.02978515625,19985.7890625,27540.23046875,3292.637939453125,10114.650390625,66516.0,15202.099609375,5772.39990234375
2017-08-02,2477.570068359375,6362.64990234375,7411.39990234375,12181.48046875,5107.25,20080.0390625,27607.380859375,3285.056884765625,10081.5,67136.0,15265.599609375,5744.2001953125
2017-08-03,2472.159912109375,6340.33984375,7474.7998046875,12154.7197265625,5130.490234375,20029.259765625,27531.009765625,3272.928955078125,10013.650390625,66777.0,15192.0,5735.10009765625
2017-08-04,2476.830078125,6351.56005859375,7511.7001953125,12297.7197265625,5203.43994140625,19952.330078125,27562.6796875,3262.0810546875,10066.400390625,66898.0,15258.0,5720.60009765625
2017-08-07,2480.909912109375,6383.77001953125,7531.89990234375,12257.169921875,5207.89013671875,20055.890625,27690.359375,3279.45703125,10057.400390625,67940.0,,5773.60009765625
2017-08-08,2474.919921875,6370.4599609375,7542.7001953125,12292.0498046875,5218.89013671875,19996.009765625,27854.91015625,3281.873046875,9978.5498046875,67899.0,15256.400390625,5743.7998046875
2017-08-09,2474.02001953125,6352.330078125,7498.10009765625,12154.0,5145.7001953125,19738.7109375,27757.08984375,3275.572998046875,9908.0498046875,67671.0,15217.2998046875,5765.7001953125
2017-08-10,2438.2099609375,6216.8701171875,7389.89990234375,12014.2998046875,5115.22998046875,19729.740234375,27444.0,3261.7490234375,9820.25,66992.0,15074.2998046875,5760.89990234375
2017-08-11,2441.320068359375,6256.56005859375,7310.0,12014.0595703125,5060.919921875,,26883.509765625,3208.541015625,9710.7998046875,67359.0,15033.400390625,5693.10009765625
2017-08-14,2465.840087890625,6340.22998046875,7353.89990234375,12165.1201171875,5121.669921875,19537.099609375,27250.23046875,3237.360107421875,9794.150390625,68285.0,15119.900390625,5730.39990234375
2017-08-15,2464.610107421875,6333.009765625,7383.89990234375,12177.0400390625,5140.25,19753.310546875,27174.9609375,3251.261962890625,,68355.0,15097.7998046875,5757.5
2017-08-16,2468.110107421875,6345.10986328125,7433.0,12263.8603515625,5176.60986328125,19729.279296875,27409.0703125,3246.450927734375,9897.2998046875,68594.0,15082.2001953125,5785.10009765625
2017-08-17,2430.010009765625,6221.91015625,7387.89990234375,12203.4599609375,5146.85009765625,19702.630859375,27344.220703125,3268.429931640625,9904.150390625,67977.0,15033.599609375,5779.2001953125
2017-08-18,2425.550048828125,6216.52978515625,7324.0,12165.1904296875,5114.14990234375,19470.41015625,27047.5703125,3268.72412109375,9837.400390625,68715.0,14952.2998046875,5747.10009765625
2017-08-21,2428.3701171875,6213.1298828125,7318.89990234375,12065.990234375,5087.58984375,19393.130859375,27154.6796875,3286.906005859375,9754.349609375,68635.0,14951.900390625,5725.89990234375
2017-08-22,2452.510009765625,6297.47998046875,7381.7001953125,12229.33984375,5131.85986328125,19383.83984375,27401.669921875,3290.22607421875,9765.5498046875,70011.0,14985.0,5750.10009765625
2017-08-23,2444.0400390625,6278.41015625,7382.7001953125,12174.2998046875,5115.39013671875,19434.640625,,3287.705078125,9852.5,70478.0,15063.2001953125,5737.2001953125
2017-08-24,2438.969970703125,6271.330078125,7407.10009765625,12180.830078125,5113.1298828125,19353.76953125,27518.599609375,3271.511962890625,9857.0498046875,71133.0,15076.2001953125,5745.5
2017-08-25,2443.050048828125,6265.64013671875,7401.5,12167.9404296875,5104.330078125,19452.609375,27848.16015625,3331.52197265625,,71074.0,15056.0,5743.89990234375
2017-08-28,2444.239990234375,6283.02001953125,,12123.4697265625,5079.75,19449.900390625,27863.2890625,3362.65087890625,9912.7998046875,71017.0,15052.0,5709.89990234375
2017-08-29,2446.300048828125,6301.89013671875,7337.39990234375,11945.8798828125,5031.919921875,19362.55078125,27765.009765625,3365.22607421875,9796.0498046875,71330.0,15082.7001953125,5669.0
2017-08-30,2457.590087890625,6368.31005859375,7365.2998046875,12002.4697265625,5056.33984375,19506.5390625,28094.609375,3363.626953125,9884.400390625,70886.0,15133.099609375,5669.7001953125
2017-08-31,2471.64990234375,6428.66015625,7430.60009765625,12055.83984375,5085.58984375,19646.240234375,27970.30078125,3360.81005859375,9917.900390625,70835.0,15211.900390625,5714.5
2017-09-01,2476.550048828125,6435.330078125,7438.5,12142.6396484375,5123.259765625,19691.470703125,27953.16015625,3367.118896484375,9974.400390625,71923.0,15191.599609375,5724.60009765625
2017-09-04,,,7411.5,12102.2099609375,5103.97021484375,19508.25,27740.259765625,3379.8359375,9912.849609375,72129.0,,
2017-09-05,2457.85009765625,6375.56982421875,7372.89990234375,12123.7099609375,5086.56005859375,19385.810546875,27741.349609375,3384.31689453125,9952.2001953125,72151.0,15090.2001953125,5706.2001953125
2017-09-06,2465.5400390625,6393.31005859375,7354.10009765625,12214.5400390625,5101.41015625,19357.970703125,27613.759765625,3385.388916015625,9916.2001953125,73412.0,15059.7998046875,5689.7001953125
2017-09-07,2465.10009765625,6397.8701171875,7397.0,12296.6298828125,5114.6201171875,19396.51953125,27522.919921875,3365.4970703125,9929.900390625,,15024.5,5689.89990234375
2017-09-08,2461.429931640625,6360.18994140625,7377.60009765625,12303.98046875,5113.490234375,19274.8203125,27668.470703125,3365.242919921875,9934.7998046875,73079.0,14985.2998046875,5672.60009765625
2017-09-11,2488.110107421875,6432.259765625,7413.60009765625,12475.240234375,5176.7099609375,19545.76953125,27955.130859375,3376.4189453125,10006.0498046875,74319.0,15040.2998046875,5713.10009765625
2017-09-12,2496.47998046875,6454.27978515625,7400.7001953125,12524.76953125,5209.009765625,19776.619140625,27972.240234375,3379.488037109375,10093.0498046875,74539.0,15143.400390625,5746.39990234375
2017-09-13,2498.3701171875,6460.18994140625,7379.7001953125,12553.5703125,5217.58984375,19865.8203125,27894.080078125,3384.14697265625,10079.2998046875,74788.0,15126.7998046875,5744.2998046875
2017-09-14,2495.6201171875,6429.080078125,7295.39990234375,12540.4501953125,5225.2001953125,19807.439453125,27777.19921875,3371.426025390625,10086.599609375,74657.0,15172.7001953125,5738.7001953125
2017-09-15,2500.22998046875,6448.47021484375,7215.5,12518.8095703125,5213.91015625,19909.5,27807.58984375,3353.618896484375,10085.400390625,75757.0,15173.0,5695.0
2017-09-18,2503.8701171875,6454.64013671875,7253.2998046875,12559.3896484375,5229.31982421875,,28159.76953125,3362.85888671875,10153.099609375,75990.0,15236.7001953125,5720.60009765625
2017-09-19,2506.64990234375,6461.31982421875,7275.2998046875,12561.7900390625,5237.43994140625,20299.380859375,28051.41015625,3356.844970703125,10147.5498046875,75974.0,15293.0,5713.60009765625
2017-09-20,2508.239990234375,6456.0400390625,7272.0,12569.169921875,5241.66015625,20310.4609375,28127.80078125,3365.99609375,10141.150390625,76004.0,15389.599609375,5709.10009765625
2017-09-21,2500.60009765625,6422.68994140625,7263.89990234375,12600.0302734375,5267.2900390625,20347.48046875,28110.330078125,3357.81201171875,10121.900390625,75604.0,15454.900390625,5655.39990234375
2017-09-22,2502.219970703125,6426.919921875,7310.60009765625,12592.349609375,5281.2900390625,20296.44921875,27880.529296875,3352.529052734375,9964.400390625,75390.0,15454.2001953125,5682.10009765625
2017-09-25,2496.659912109375,6370.58984375,7301.2998046875,12594.8095703125,5267.1298828125,20397.580078125,27500.33984375,3341.549072265625,9872.599609375,74443.0,15516.2001953125,5683.7001953125
2017-09-26,2496.840087890625,6380.16015625,7285.7001953125,12605.2001953125,5268.759765625,20330.189453125,27513.009765625,3343.5830078125,9871.5,74319.0,15474.099609375,5671.0
2017-09-27,2507.0400390625,6453.259765625,7313.5,12657.41015625,5281.9599609375,20267.05078125,27642.4296875,3345.27197265625,9735.75,73797.0,15609.7001953125,5664.2998046875
2017-09-28,2510.06005859375,6453.4501953125,7322.7998046875,12704.650390625,5293.77001953125,20363.109375,27421.599609375,3339.64208984375,9768.9501953125,73567.0,15618.2998046875,5670.39990234375
2017-09-29,2519.360107421875,6495.9599609375,7372.7998046875,12828.8603515625,5329.81005859375,20356.279296875,27554.30078125,3348.943115234375,9788.599609375,74294.0,15634.900390625,5681.60009765625
2017-10-02,2529.1201171875,6516.72021484375,7438.7998046875,12902.650390625,5350.43994140625,20400.779296875,,,,74360.0,15705.0,5729.2998046875
2017-10-03,2534.580078125,6531.7099609375,7468.10009765625,,5367.41015625,20614.0703125,28173.2109375,,9859.5,76763.0,15728.5,5701.39990234375
2017-10-04,2537.739990234375,6534.6298828125,7467.60009765625,12970.51953125,5363.22998046875,20626.66015625,28379.1796875,,9914.900390625,76591.0,15721.0,5652.10009765625
2017-10-05,2552.070068359375,6585.35986328125,7508.0,12968.0498046875,5379.2099609375,20628.560546875,,,9888.7001953125,76618.0,15776.2998046875,5651.7998046875
2017-10-06,2549.330078125,6590.18017578125,7522.89990234375,12955.9404296875,5359.89990234375,20690.7109375,28458.0390625,,9979.7001953125,76055.0,15728.2998046875,5710.7001953125
2017-10-09,2544.72998046875,6579.72998046875,7507.89990234375,12976.400390625,5365.830078125,,28326.58984375,3374.3779296875,9988.75,75727.0,,5739.2998046875
2017-10-10,2550.639892578125,6587.25,7538.2998046875,12949.25,5363.64990234375,20823.509765625,28490.830078125,3382.988037109375,10016.9501953125,76897.0,15770.400390625,5738.10009765625
2017-10-11,2555.239990234375,6603.5498046875,7533.7998046875,12970.6796875,5362.41015625,20881.26953125,28389.5703125,3388.283935546875,9984.7998046875,76660.0,15800.400390625,5772.10009765625
2017-10-12,2550.929931640625,6591.509765625,7556.2001953125,12982.8896484375,5360.81005859375,20954.720703125,28459.029296875,3386.10009765625,10096.400390625,,15742.2001953125,5794.5
2017-10-13,2553.169921875,6605.7998046875,7535.39990234375,12991.8701171875,5351.740234375,21155.1796875,28476.4296875,3390.52294921875,10167.4501953125,76990.0,15807.2001953125,5814.2001953125
2017-10-16,2557.639892578125,6624.0,7527.0,13003.7001953125,5362.8798828125,21255.560546875,28692.80078125,3378.469970703125,10230.849609375,76892.0,15802.7001953125,5846.7998046875
2017-10-17,2559.360107421875,6623.66015625,7516.2001953125,12995.0595703125,5361.3701171875,21336.119140625,28697.490234375,3372.041015625,10234.4501953125,76201.0,15816.900390625,5889.60009765625
2017-10-18,2561.260009765625,6624.22021484375,7542.89990234375,13043.0302734375,5383.81005859375,21363.05078125,28711.759765625,3381.7939453125,10210.849609375,76591.0,15782.2001953125,5890.5
2017-10-19,2562.10009765625,6605.06982421875,7523.0,12990.099609375,5368.2900390625,21448.51953125,28159.08984375,3370.172119140625,10146.5498046875,76283.0,15818.0,5896.10009765625
2017-10-20,2575.2099609375,6629.0498046875,7523.2001953125,12991.2802734375,5372.3798828125,21457.640625,28487.240234375,3378.64794921875,,76391.0,15857.2001953125,5907.0
2017-10-23,2564.97998046875,6586.830078125,7524.5,13003.1396484375,5386.81005859375,21696.650390625,28305.880859375,3380.698974609375,10184.849609375,75413.0,15855.7998046875,5894.0
2017-10-24,2569.1298828125,6598.43017578125,7526.5,13013.1904296875,5394.7998046875,21805.169921875,28154.970703125,3388.248046875,10207.7001953125,76350.0,15905.099609375,5897.60009765625
2017-10-25,2557.14990234375,6563.89013671875,7447.2001953125,12953.41015625,5374.89013671875,21707.619140625,28302.890625,3396.89794921875,10295.349609375,76671.0,15854.7998046875,5905.60009765625
2017-10-26,2560.39990234375,6556.77001953125,7486.5,13133.2802734375,5455.39990234375,21739.779296875,28202.380859375,3407.56689453125,10343.7998046875,75896.0,15891.599609375,5916.2998046875
2017-10-27,2581.070068359375,6701.259765625,7505.0,13217.5400390625,5494.1298828125,22008.44921875,28438.849609375,3416.81201171875,10323.0498046875,75976.0,15953.5,5903.2001953125
2017-10-30,2572.830078125,6698.9599609375,7487.7998046875,13229.5703125,5493.6298828125,22011.669921875,28336.189453125,3390.3369140625,10363.650390625,74800.0,16002.7998046875,5919.10009765625
2017-10-31,2575.260009765625,6727.669921875,7493.10009765625,,5503.2900390625,22011.609375,28245.5390625,3393.342041015625,10335.2998046875,74308.0,16025.599609375,5909.0
2017-11-01,2579.360107421875,6716.52978515625,7488.0,13465.509765625,5514.2900390625,22420.080078125,28594.060546875,3395.9130859375,10440.5,73824.0,16029.2998046875,5937.7998046875
2017-11-02,2579.85009765625,6714.93994140625,7555.2998046875,13440.9296875,5510.5,22539.119140625,28518.640625,3383.31005859375,10423.7998046875,,16015.0,5931.7001953125
2017-11-03,2587.840087890625,6764.43994140625,7560.39990234375,13478.8603515625,5517.97021484375,,28603.609375,3371.743896484375,10452.5,73915.0,16020.2001953125,5959.89990234375
2017-11-06,2591.1298828125,6786.43994140625,7562.2998046875,13468.7900390625,5507.25,22548.349609375,28596.80078125,3388.174072265625,10451.7998046875,74311.0,16092.2001953125,5953.7998046875
2017-11-07,2590.639892578125,6767.77978515625,7513.10009765625,13379.26953125,5480.64013671875,22937.599609375,28994.33984375,3413.574951171875,10350.150390625,72415.0,16131.7998046875,6014.2998046875
2017-11-08,2594.3798828125,6789.1201171875,7529.7001953125,13382.419921875,5471.43017578125,22913.8203125,28907.599609375,3415.4599609375,10303.150390625,74363.0,16105.400390625,6016.2998046875
2017-11-09,2584.6201171875,6750.0498046875,7484.10009765625,13182.5595703125,5407.75,22868.7109375,29136.5703125,3427.794921875,10308.9501953125,72931.0,16082.099609375,6049.39990234375
2017-11-10,2582.300048828125,6750.93994140625,7433.0,13127.4697265625,5380.72021484375,22681.419921875,29120.919921875,3432.673095703125,10321.75,72166.0,16039.2998046875,6029.39990234375
2017-11-13,2584.840087890625,6757.60009765625,7415.2001953125,13074.419921875,5341.6298828125,22380.990234375,29182.1796875,3447.8359375,10224.9501953125,72475.0,16026.2998046875,6021.7998046875
2017-11-14,2578.8701171875,6737.8701171875,7414.39990234375,13033.48046875,5315.580078125,22380.009765625,29152.119140625,3429.548095703125,10186.599609375,70827.0,15913.099609375,5966.0
2017-11-15,2564.6201171875,6706.2099609375,7372.60009765625,12976.3701171875,5301.25,22028.3203125,28851.689453125,3402.52490234375,10118.0498046875,,15878.5,5934.2001953125
2017-11-16,2585.639892578125,6793.2900390625,7386.89990234375,13047.2197265625,5336.39013671875,22351.119140625,29018.759765625,3399.25,10214.75,72512.0,15935.400390625,5943.5
2017-11-17,2578.85009765625,6782.7900390625,7380.7001953125,12993.73046875,5319.169921875,22396.80078125,29199.0390625,3382.907958984375,10283.599609375,73437.0,15998.599609375,5957.2998046875
2017-11-20,2582.139892578125,6790.7099609375,7389.5,13058.66015625,5340.4501953125,22261.759765625,29260.310546875,3392.39892578125,10298.75,,16004.400390625,5945.7001953125
2017-11-21,2599.030029296875,6862.47998046875,7411.2998046875,13167.5400390625,5366.14990234375,22416.48046875,29818.0703125,3410.498046875,10326.900390625,74595.0,16076.7001953125,5963.5
2017-11-22,2597.080078125,6867.35986328125,7419.0,13015.0400390625,5352.759765625,22523.150390625,30003.490234375,3430.464111328125,10342.2998046875,74519.0,16073.599609375,5986.39990234375
2017-11-23,,,7417.2001953125,13008.5498046875,5379.5400390625,,29707.939453125,3352.989013671875,10348.75,74487.0,16074.2998046875,5960.60009765625
2017-11-24,2602.419921875,6889.16015625,7409.60009765625,13059.83984375,5390.4599609375,22550.849609375,29866.3203125,3353.821044921875,10389.7001953125,74157.0,16108.099609375,5982.60009765625
2017-11-27,2601.419921875,6878.52001953125,7383.89990234375,13000.2001953125,5360.08984375,22495.990234375,29686.189453125,3322.22998046875,10399.5498046875,74059.0,16042.099609375,5988.7998046875
2017-11-28,2627.0400390625,6912.35986328125,7460.7001953125,13059.5302734375,5390.47998046875,22486.240234375,29680.849609375,3333.656982421875,10370.25,74140.0,16029.599609375,5984.2998046875
2017-11-29,2626.070068359375,6824.39013671875,7393.60009765625,13061.8701171875,5398.0498046875,22597.19921875,29623.830078125,3337.862060546875,10361.2998046875,72700.0,15967.7001953125,6011.10009765625
2017-11-30,2647.580078125,6873.97021484375,7326.7001953125,13023.98046875,5372.7900390625,22724.9609375,29177.349609375,3317.18798828125,10226.5498046875,71971.0,16067.5,5969.89990234375
2017-12-01,2642.219970703125,6847.58984375,7300.5,12861.490234375,5316.89013671875,22819.029296875,29074.240234375,3317.616943359375,10121.7998046875,72264.0,16039.0,5989.7998046875
2017-12-04,2639.43994140625,6775.3701171875,7339.0,13058.5498046875,5389.2900390625,22707.16015625,29138.279296875,3309.617919921875,10127.75,73090.0,15969.0,5985.60009765625
2017-12-05,2629.570068359375,6762.2099609375,7327.5,13048.5400390625,5375.52978515625,22622.380859375,28842.80078125,3303.675048828125,10118.25,72546.0,15915.7001953125,5971.7001953125
2017-12-06,2629.27001953125,6776.3798828125,7348.0,12998.849609375,5374.35009765625,22177.0390625,28224.80078125,3293.965087890625,10044.099609375,73268.0,15908.7998046875,5946.10009765625
2017-12-07,2636.97998046875,6812.83984375,7320.7998046875,13045.150390625,5383.85986328125,22498.029296875,28303.189453125,3272.053955078125,10166.7001953125,72487.0,16015.7001953125,5977.7001953125
2017-12-08,2651.5,6840.080078125,7394.0,13153.7001953125,5399.08984375,22811.080078125,28639.849609375,3289.991943359375,10265.650390625,72732.0,16096.099609375,5994.39990234375
2017-12-11,2659.989990234375,6875.080078125,7453.5,13123.650390625,5386.830078125,22938.73046875,28965.2890625,3322.196044921875,10322.25,72800.0,16103.5,5998.2998046875
2017-12-12,2664.110107421875,6862.31982421875,7500.39990234375,13183.5302734375,5427.18994140625,22866.169921875,28793.880859375,3280.81396484375,10240.150390625,73814.0,16114.0,6013.2001953125
2017-12-13,2662.85009765625,6875.7998046875,7496.5,13125.6396484375,5399.4501953125,22758.0703125,29222.099609375,3303.037109375,10192.9501953125,72914.0,16136.599609375,6021.7998046875
2017-12-14,2652.010009765625,6856.52978515625,7448.10009765625,13068.080078125,5357.14013671875,22694.44921875,29166.380859375,3292.43896484375,10252.099609375,72429.0,16016.5,6011.2998046875
2017-12-15,2675.81005859375,6936.580078125,7490.60009765625,13103.5595703125,5349.2998046875,22553.220703125,28848.109375,3266.136962890625,10333.25,72608.0,16042.0,5997.0
2017-12-18,2690.159912109375,6994.759765625,7537.0,13312.2998046875,5420.580078125,22901.76953125,29050.41015625,3267.922119140625,10388.75,73115.0,16131.599609375,6038.89990234375
2017-12-19,2681.469970703125,6963.85009765625,7544.10009765625,13215.7900390625,5382.91015625,22868.0,29253.66015625,3296.5380859375,10463.2001953125,72680.0,16133.400390625,6071.7998046875
2017-12-20,2679.25,6960.9599609375,7525.2001953125,13069.169921875,5352.77001953125,22891.720703125,29234.08984375,3287.60595703125,10444.2001953125,73367.0,16159.7001953125,6075.60009765625
2017-12-21,2684.570068359375,6965.35986328125,7604.0,13109.740234375,5385.97021484375,22866.099609375,29367.060546875,3300.05908203125,10440.2998046875,75133.0,16182.599609375,6060.39990234375
2017-12-22,2683.340087890625,6959.9599609375,7592.7001953125,13072.7900390625,5364.72021484375,22902.759765625,29578.009765625,3297.06298828125,10493.0,75187.0,16165.2998046875,6069.7001953125
2017-12-25,,,,,,22939.1796875,,3280.839111328125,,,,
2017-12-26,2680.5,6936.25,,,,22892.689453125,,3306.125,10531.5,75688.0,,
2017-12-27,2682.6201171875,6939.33984375,7620.7001953125,13070.01953125,5368.83984375,22911.2109375,29597.66015625,3275.782958984375,10490.75,76073.0,16203.099609375,6069.89990234375
2017-12-28,2687.5400390625,6950.16015625,7622.89990234375,12979.9404296875,5339.419921875,22783.98046875,29863.7109375,3296.385009765625,10477.900390625,76402.0,16222.0,6088.10009765625
2017-12-29,2673.610107421875,6903.39013671875,7687.7998046875,12917.6396484375,5312.56005859375,22764.939453125,29919.150390625,3307.172119140625,10530.7001953125,76402.0,16209.099609375,6065.10009765625
2018-01-02,2695.81005859375,7006.89990234375,7648.10009765625,12871.3896484375,5288.60009765625,,30515.310546875,3348.325927734375,10442.2001953125,77891.0,16310.0,6061.2998046875
2018-01-03,2713.06005859375,7065.52978515625,7671.10009765625,12978.2099609375,5331.27978515625,,30560.94921875,3369.10791015625,10443.2001953125,77995.0,16371.599609375,6070.39990234375
2018-01-04,2723.989990234375,7077.91015625,7695.89990234375,13167.8896484375,5413.68994140625,23506.330078125,30736.48046875,3385.7099609375,10504.7998046875,78647.0,16412.900390625,6077.10009765625
2018-01-05,2743.14990234375,7136.56005859375,7724.2001953125,13319.6396484375,5470.75,23714.529296875,30814.640625,3391.75,10558.849609375,79071.0,16349.400390625,6122.2998046875
2018-01-08,2747.7099609375,7157.39013671875,7696.5,13367.7802734375,5487.419921875,,30899.529296875,3409.47998046875,10623.599609375,79379.0,16317.7001953125,6130.39990234375
2018-01-09,2751.2900390625,7163.580078125,7731.0,13385.58984375,5523.93994140625,23849.990234375,31011.41015625,3413.89990234375,10637.0,78864.0,16319.2001953125,6135.7998046875
2018-01-10,2748.22998046875,7153.56982421875,7748.5,13281.33984375,5504.68017578125,23788.19921875,31073.720703125,3421.833984375,10632.2001953125,78201.0,16248.0,6096.7001953125
2018-01-11,2767.56005859375,7211.77978515625,7762.89990234375,13202.900390625,5488.5498046875,23710.4296875,31120.390625,3425.344970703125,10651.2001953125,79365.0,16286.900390625,6067.60009765625
2018-01-12,2786.239990234375,7261.06005859375,7778.60009765625,13245.0302734375,5517.06005859375,23653.8203125,31412.5390625,3428.94091796875,10681.25,79349.0,16308.2001953125,6070.10009765625
2018-01-15,,,7769.10009765625,13200.509765625,5509.68994140625,23714.880859375,31338.869140625,3410.488037109375,10741.5498046875,79752.0,16371.7998046875,6077.10009765625
2018-01-16,2776.419921875,7223.68994140625,7755.89990234375,13246.330078125,5513.81982421875,23951.810546875,31904.75,3436.593994140625,10700.4501953125,79832.0,16298.900390625,6048.60009765625
2018-01-17,2802.56005859375,7298.27978515625,7725.39990234375,13183.9599609375,5493.990234375,23868.33984375,31983.41015625,3444.6708984375,10788.5498046875,81189.0,16326.7001953125,6015.7998046875
2018-01-18,2798.030029296875,7296.0498046875,7701.0,13281.4296875,5494.830078125,23763.369140625,32121.939453125,3474.75390625,10817.0,80963.0,16284.5,6014.60009765625
2018-01-19,2810.300048828125,7336.3798828125,7730.7998046875,13434.4501953125,5526.509765625,23808.060546875,32254.890625,3487.864013671875,10894.7001953125,81220.0,16353.5,6005.7998046875
2018-01-22,2832.969970703125,7408.02978515625,7715.39990234375,13463.6904296875,5541.990234375,23816.330078125,32393.41015625,3501.362060546875,10966.2001953125,81675.0,16348.0,5991.89990234375
2018-01-23,2839.1298828125,7460.2900390625,7731.7998046875,13559.599609375,5535.259765625,24124.150390625,32930.69921875,3546.5048828125,11083.7001953125,80678.0,16357.599609375,6037.0
2018-01-24,2837.5400390625,7415.06005859375,7643.39990234375,13414.740234375,5495.16015625,23940.779296875,32958.69140625,3559.465087890625,11086.0,83680.0,16284.2001953125,6054.7001953125
2018-01-25,2839.25,7411.16015625,7615.7998046875,13298.3603515625,5481.2099609375,23669.490234375,32654.44921875,3548.306884765625,11069.650390625,,16204.0,6050.0
2018-01-26,2872.8701171875,7505.77001953125,7665.5,13340.169921875,5529.14990234375,23631.880859375,33154.12109375,3558.12890625,,85531.0,16239.2001953125,
2018-01-29,2853.530029296875,7466.509765625,7671.5,13324.48046875,5521.58984375,23629.33984375,32966.890625,3523.0009765625,11130.400390625,84698.0,16094.7001953125,6075.39990234375
2018-01-30,2822.429931640625,7402.47998046875,7588.0,13197.7099609375,5473.77978515625,23291.970703125,32607.2890625,3488.009033203125,11049.650390625,84482.0,15955.5,6022.7998046875
2018-01-31,2823.81005859375,7411.47998046875,7533.60009765625,13189.48046875,5481.93017578125,23098.2890625,32887.26953125,3480.8330078125,11027.7001953125,84913.0,15951.7001953125,6037.7001953125
2018-02-01,2821.97998046875,7385.85986328125,7490.39990234375,13003.900390625,5454.5498046875,23486.109375,32642.08984375,3446.97998046875,11016.900390625,85495.0,15860.900390625,6090.10009765625
2018-02-02,2762.1298828125,7240.9501953125,7443.39990234375,12785.16015625,5364.97998046875,23274.529296875,32601.779296875,3462.0810546875,10760.599609375,84041.0,15606.0,6121.39990234375
2018-02-05,2648.93994140625,6967.52978515625,7335.0,12687.490234375,5285.830078125,22682.080078125,32245.220703125,3487.4970703125,10666.5498046875,81861.0,15334.7998046875,6026.2001953125
2018-02-06,2695.139892578125,7115.8798828125,7141.39990234375,12392.66015625,5161.81005859375,21610.240234375,30595.419921875,3370.652099609375,10498.25,83894.0,15363.900390625,5833.2998046875
2018-02-07,2681.659912109375,7051.97998046875,7279.39990234375,12590.4296875,5255.89990234375,21645.369140625,30323.19921875,3309.260009765625,10476.7001953125,82767.0,15330.599609375,5876.7998046875
2018-02-08,2581.0,6777.16015625,7170.7001953125,12260.2900390625,5151.68017578125,21890.859375,30451.26953125,3262.050048828125,10576.849609375,81533.0,15065.599609375,5890.7001953125
2018-02-09,2619.550048828125,6874.490234375,7092.39990234375,12107.48046875,5079.2099609375,21382.619140625,29507.419921875,3129.85107421875,10454.9501953125,80899.0,15034.5,5838.0
2018-02-12,2656.0,6981.9599609375,7177.10009765625,12282.76953125,5140.06005859375,,29459.630859375,3154.125,10539.75,,15241.900390625,5820.7001953125
2018-02-13,2662.93994140625,7013.509765625,7168.0,12196.5,5109.240234375,21244.6796875,29839.529296875,3184.958984375,,,15216.5,5855.89990234375
2018-02-14,2698.6298828125,7143.6201171875,7214.0,12339.16015625,5165.259765625,21154.169921875,30515.599609375,3199.158935546875,10500.900390625,83543.0,15328.2998046875,5841.2001953125
2018-02-15,2731.199951171875,7256.43017578125,7234.7998046875,12346.169921875,5222.52001953125,21464.98046875,31115.4296875,,10545.5,84291.0,15407.7001953125,5909.0
2018-02-16,2732.219970703125,7239.47021484375,7294.7001953125,12451.9599609375,5281.580078125,21720.25,,,10452.2998046875,84525.0,15452.599609375,5904.0
2018-02-19,,,7247.7001953125,12385.599609375,5256.18017578125,22149.2109375,,,10378.400390625,84793.0,,5941.60009765625
2018-02-20,2716.260009765625,7234.31005859375,7246.7998046875,12487.900390625,5289.85986328125,21925.099609375,30873.630859375,,10360.400390625,85804.0,15439.400390625,5940.89990234375
2018-02-21,2701.330078125,7218.22998046875,7281.60009765625,12470.490234375,5302.169921875,21970.810546875,31431.890625,,10397.4501953125,86052.0,15524.0,5943.7001953125
2018-02-22,2703.9599609375,7210.08984375,7252.39990234375,12461.91015625,5309.22998046875,21736.439453125,30965.6796875,3268.55908203125,10382.7001953125,86686.0,15508.2001953125,5950.89990234375
2018-02-23,2747.300048828125,7337.39013671875,7244.39990234375,12483.7900390625,5317.3701171875,21892.779296875,31267.169921875,3289.02392578125,10491.0498046875,87293.0,15638.5,5999.7998046875
2018-02-26,2779.60009765625,7421.4599609375,7289.60009765625,12527.0400390625,5344.259765625,22153.630859375,31498.599609375,3329.573974609375,10582.599609375,87653.0,15714.7001953125,6042.2001953125
2018-02-27,2744.280029296875,7330.35009765625,7282.5,12490.73046875,5343.93017578125,22389.859375,31268.66015625,3292.068115234375,10554.2998046875,86935.0,15671.2001953125,6056.89990234375
2018-02-28,2713.830078125,7273.009765625,7231.89990234375,12435.849609375,5320.490234375,22068.240234375,30844.720703125,3259.407958984375,10492.849609375,85481.0,15442.7001953125,6016.0
2018-03-01,2677.669921875,7180.56005859375,7175.60009765625,12190.9404296875,5262.56005859375,21724.470703125,31044.25,3273.7548828125,10458.349609375,85378.0,15394.0,5973.2998046875
2018-03-02,2691.25,7257.8701171875,7069.89990234375,11913.7099609375,5136.580078125,21181.640625,30583.44921875,3254.528076171875,,85761.0,15384.599609375,5928.89990234375
2018-03-05,2720.93994140625,7330.7099609375,7116.0,12090.8701171875,5167.22998046875,21042.08984375,29886.390625,3256.926025390625,10358.849609375,86023.0,15541.2998046875,5959.5
2018-03-06,2728.1201171875,7372.009765625,7146.7998046875,12113.8701171875,5170.22998046875,21417.759765625,30510.73046875,3289.64208984375,10249.25,85653.0,15545.2001953125,5962.39990234375
2018-03-07,2726.800048828125,7396.64990234375,7157.7998046875,12245.3603515625,5187.830078125,21252.720703125,30196.919921875,3271.66796875,10154.2001953125,85484.0,15472.599609375,5902.0
2018-03-08,2738.969970703125,7427.9501953125,7203.2001953125,12355.5703125,5254.10009765625,21368.0703125,30654.51953125,3288.406005859375,10242.650390625,84985.0,15538.7001953125,5942.89990234375
2018-03-09,2786.570068359375,7560.81005859375,7224.5,12346.6796875,5274.39990234375,21469.19921875,30996.2109375,3307.166015625,10226.849609375,86371.0,15577.7998046875,5963.2001953125
2018-03-12,2783.02001953125,7588.31982421875,7214.7998046875,12418.3896484375,5276.7099609375,21824.029296875,31594.330078125,3326.698974609375,10421.400390625,86900.0,15604.7998046875,5996.10009765625
2018-03-13,2765.31005859375,7511.009765625,7138.7998046875,12221.0302734375,5242.7900390625,21968.099609375,31601.44921875,3310.239013671875,10426.849609375,86384.0,15647.099609375,5974.7001953125
2018-03-14,2749.47998046875,7496.81005859375,7132.7001953125,12237.740234375,5233.35986328125,21777.2890625,31435.009765625,3291.382080078125,10410.900390625,86051.0,15653.599609375,5935.2998046875
2018-03-15,2747.330078125,7481.740234375,7139.7998046875,12345.5595703125,5267.259765625,21803.94921875,31541.099609375,3291.112060546875,10360.150390625,84928.0,15670.599609375,5920.7998046875
2018-03-16,2752.010009765625,7481.990234375,7164.10009765625,12389.580078125,5282.75,21676.509765625,31501.970703125,3269.882080078125,10195.150390625,84886.0,15711.2998046875,5949.39990234375
2018-03-19,2712.919921875,7344.240234375,7042.89990234375,12217.01953125,5222.83984375,21480.900390625,31513.759765625,3279.251953125,10094.25,83913.0,15589.400390625,5959.39990234375
2018-03-20,2716.93994140625,7364.2998046875,7061.2998046875,12307.330078125,5252.43017578125,21380.970703125,31549.9296875,3290.639892578125,10124.349609375,84164.0,15616.400390625,5936.39990234375
2018-03-21,2711.929931640625,7345.2900390625,7039.0,12309.150390625,5239.740234375,,31414.51953125,3280.951904296875,10155.25,84977.0,15675.2998046875,5950.2998046875
2018-03-22,2643.68994140625,7166.68017578125,6952.60009765625,12100.080078125,5167.2099609375,21591.990234375,31071.05078125,3263.47998046875,10114.75,84768.0,15399.900390625,5937.2001953125
2018-03-23,2588.260009765625,6992.669921875,6921.89990234375,11886.3095703125,5095.22021484375,20617.859375,30309.2890625,3152.760986328125,9998.0498046875,84377.0,15223.7001953125,5820.7001953125
2018-03-26,2658.550048828125,7220.5400390625,6888.7001953125,11787.259765625,5066.27978515625,20766.099609375,30548.76953125,3133.721923828125,10130.650390625,85088.0,15298.599609375,5790.5
2018-03-27,2612.6201171875,7008.81005859375,7000.10009765625,11970.830078125,5115.740234375,21317.3203125,30790.830078125,3166.64892578125,10184.150390625,83808.0,15216.2001953125,5832.2998046875
2018-03-28,2605.0,6949.22998046875,7044.7001953125,11940.7099609375,5130.43994140625,21031.310546875,30022.529296875,3122.2900390625,10113.7001953125,83874.0,15169.900390625,5789.5
2018-03-29,2640.8701171875,7063.4501953125,7056.60009765625,12096.73046875,5167.2998046875,21159.080078125,30093.380859375,3160.531005859375,,85366.0,15367.2998046875,5759.39990234375
2018-03-30,,,,,,21454.30078125,,3168.89697265625,,,,
2018-04-02,2581.8798828125,6870.1201171875,,,,21388.580078125,,3163.178955078125,10211.7998046875,84666.0,15213.5,
2018-04-03,2614.449951171875,6941.27978515625,7030.5,12002.4501953125,5152.1201171875,21292.2890625,30180.099609375,3136.633056640625,10245.0,84623.0,15180.7998046875,5751.89990234375
2018-04-04,2644.68994140625,7042.10986328125,7034.0,11957.900390625,5141.7998046875,21319.55078125,29518.689453125,3131.111083984375,10128.400390625,84360.0,15164.400390625,5761.39990234375
2018-04-05,2662.840087890625,7076.5498046875,7199.5,12305.1904296875,5276.669921875,21645.419921875,,,10325.150390625,85210.0,15356.099609375,5788.7998046875
2018-04-06,2604.469970703125,6915.10986328125,7183.60009765625,12241.26953125,5258.240234375,21567.51953125,29844.939453125,,10331.599609375,84820.0,15207.400390625,5788.7001953125
2018-04-09,2613.159912109375,6950.33984375,7194.7998046875,12261.75,5263.39013671875,21678.259765625,30229.580078125,3138.2939453125,10379.349609375,83307.0,15227.7001953125,5808.7001953125
2018-04-10,2656.8701171875,7094.2998046875,7266.7998046875,12397.3203125,5307.56005859375,21794.3203125,30728.740234375,3190.322021484375,10402.25,84510.0,15262.099609375,5857.0
2018-04-11,2642.18994140625,7069.02978515625,7257.10009765625,12293.9697265625,5277.93994140625,21687.099609375,30897.7109375,3208.08203125,10417.150390625,85246.0,15257.900390625,5828.7001953125
2018-04-12,2663.989990234375,7140.25,7258.2998046875,12415.009765625,5309.22021484375,21660.279296875,30831.279296875,3180.157958984375,10458.650390625,85444.0,15269.2998046875,5815.5
2018-04-13,2656.300048828125,7106.64990234375,7264.60009765625,12442.400390625,5315.02001953125,21778.740234375,30808.380859375,3159.052001953125,10480.599609375,84334.0,15274.0,5829.10009765625
2018-04-16,2677.840087890625,7156.27978515625,7198.2001953125,12391.41015625,5312.9599609375,21835.529296875,30315.58984375,3110.64892578125,10528.349609375,82862.0,15300.400390625,5841.2998046875
2018-04-17,2706.389892578125,7281.10009765625,7226.10009765625,12585.5703125,5353.5400390625,21847.58984375,30062.75,3066.797119140625,10548.7001953125,84086.0,15353.2998046875,5841.5
2018-04-18,2708.639892578125,7295.240234375,7317.2998046875,12590.830078125,5380.169921875,22158.19921875,30284.25,3091.39892578125,10526.2001953125,85776.0,15530.0,5861.39990234375
2018-04-19,2693.1298828125,7238.06005859375,7328.89990234375,12567.419921875,5391.64013671875,22191.1796875,30708.439453125,3117.3759765625,10565.2998046875,85824.0,15454.400390625,5881.0
2018-04-20,2670.139892578125,7146.1298828125,7368.2001953125,12540.5,5412.830078125,22162.240234375,30418.330078125,3071.54296875,10564.0498046875,85550.0,15484.2998046875,5868.7998046875
2018-04-23,2670.2900390625,7128.60009765625,7398.89990234375,12572.3896484375,5438.5498046875,22088.0390625,30254.400390625,3068.011962890625,10584.7001953125,85602.0,15552.099609375,5886.0
2018-04-24,2634.56005859375,7007.35009765625,7425.39990234375,12550.8203125,5444.16015625,22278.119140625,30636.240234375,3128.927001953125,10614.349609375,85469.0,15477.0,5921.60009765625
2018-04-25,2639.39990234375,7003.740234375,7379.2998046875,12422.2998046875,5413.2998046875,22215.3203125,30328.150390625,3117.97412109375,10570.5498046875,85044.0,15509.7998046875,
2018-04-26,2666.93994140625,7118.68017578125,7421.39990234375,12500.4697265625,5453.580078125,22319.609375,30007.6796875,3075.030029296875,10617.7998046875,86383.0,15637.599609375,5910.7998046875
2018-04-27,2669.909912109375,7119.7998046875,7502.2001953125,12580.8701171875,5483.18994140625,22467.869140625,30280.669921875,3082.23193359375,10692.2998046875,86445.0,15668.900390625,5953.60009765625
2018-04-30,2648.050048828125,7066.27001953125,7509.2998046875,12612.1103515625,5520.5,,30808.44921875,,10739.349609375,86115.0,15607.900390625,5982.7001953125
2018-05-01,2654.800048828125,7130.7001953125,7520.39990234375,,,22508.029296875,,,,,15618.900390625,6015.2001953125
2018-05-02,2635.669921875,7100.89990234375,7543.2001953125,12802.25,5529.22021484375,22472.779296875,30723.880859375,3081.177001953125,10718.0498046875,84547.0,15627.900390625,6050.2001953125
2018-05-03,2629.72998046875,7088.14990234375,7502.7001953125,12690.150390625,5501.66015625,,30313.369140625,3100.85888671875,10679.650390625,83288.0,15621.5,6098.2998046875
2018-05-04,2663.419921875,7209.6201171875,7567.10009765625,12819.599609375,5516.0498046875,,29926.5,3091.032958984375,10618.25,83118.0,15729.400390625,6062.89990234375
2018-05-07,2672.6298828125,7265.2099609375,,12948.1396484375,5531.419921875,22467.16015625,29994.259765625,3136.64501953125,10715.5,82714.0,15808.599609375,6084.5
2018-05-08,2671.919921875,7266.89990234375,7565.7998046875,12912.2099609375,5521.93017578125,22508.689453125,30402.810546875,3161.498046875,10717.7998046875,82956.0,15842.7001953125,6091.89990234375
2018-05-09,2697.7900390625,7339.91015625,7662.5,12943.0595703125,5534.6298828125,22408.880859375,30536.140625,3159.14990234375,10741.7001953125,84265.0,15910.7998046875,6108.0
2018-05-10,2723.070068359375,7404.97021484375,7701.0,13022.8701171875,5545.9501953125,22497.1796875,30809.220703125,3174.4130859375,10716.5498046875,85861.0,15959.5,6118.7001953125
2018-05-11,2727.719970703125,7402.8798828125,7724.60009765625,13001.240234375,5541.93994140625,22758.48046875,31122.060546875,3163.262939453125,10806.5,85220.0,15983.2998046875,6116.2001953125
2018-05-14,2730.1298828125,7411.31982421875,7711.0,12977.7099609375,5540.68017578125,22865.859375,31541.080078125,3174.031982421875,10806.599609375,85232.0,16085.599609375,6135.2998046875
2018-05-15,2711.449951171875,7351.6298828125,7723.0,12970.0400390625,5553.16015625,22818.01953125,31152.029296875,3192.117919921875,10801.849609375,85130.0,16097.7998046875,6097.7998046875
2018-05-16,2722.4599609375,7398.2998046875,7734.2001953125,12996.330078125,5567.5400390625,22717.23046875,31110.19921875,3169.56494140625,10741.099609375,86537.0,16108.099609375,6107.0
2018-05-17,2720.1298828125,7382.47021484375,7788.0,13114.6103515625,5621.919921875,22838.369140625,30942.150390625,3154.282958984375,10682.7001953125,83622.0,16143.599609375,6094.2998046875
2018-05-18,2712.969970703125,7354.33984375,7778.7998046875,13077.7197265625,5614.509765625,22930.359375,31047.91015625,3193.302978515625,10596.400390625,83082.0,16162.2998046875,6087.39990234375
2018-05-21,2733.010009765625,7394.0400390625,7859.2001953125,,5637.509765625,23002.369140625,31234.349609375,3213.840087890625,10516.7001953125,81815.0,,6084.5
2018-05-22,2724.43994140625,7378.4599609375,7877.5,13169.919921875,5640.10009765625,22960.33984375,,3214.35009765625,10536.7001953125,82739.0,16144.7998046875,6041.89990234375
2018-05-23,2733.2900390625,7425.9599609375,7788.39990234375,12976.83984375,5565.85009765625,22689.740234375,30665.640625,3168.964111328125,10430.349609375,80867.0,16133.7998046875,6032.5
2018-05-24,2727.760009765625,7424.43017578125,7716.7001953125,12855.08984375,5548.4501953125,22437.009765625,30760.41015625,3154.65087890625,10513.849609375,80122.0,16113.599609375,6037.10009765625
2018-05-25,2721.330078125,7433.85009765625,7730.2998046875,12938.009765625,5542.5498046875,22450.7890625,30588.0390625,3141.302978515625,10605.150390625,78898.0,16075.7001953125,6032.7998046875
2018-05-28,,,,12863.4599609375,5508.93017578125,22481.08984375,30792.259765625,3135.08203125,10688.650390625,75356.0,16016.099609375,6004.0
2018-05-29,2689.860107421875,7396.58984375,7632.60009765625,12666.509765625,5438.06005859375,22358.4296875,30484.580078125,3120.4609375,10633.2998046875,76072.0,15922.599609375,6013.60009765625
2018-05-30,2724.010009765625,7462.4501953125,7689.60009765625,12783.759765625,5427.35009765625,22018.51953125,30056.7890625,3041.443115234375,10614.349609375,76754.0,16048.7001953125,5984.7001953125
2018-05-31,2705.27001953125,7442.1201171875,7678.2001953125,12604.8896484375,5398.39990234375,22201.8203125,30468.560546875,3095.47412109375,10736.150390625,,16061.5,6011.89990234375
2018-06-01,2734.6201171875,7554.330078125,7701.7998046875,12724.26953125,5465.52978515625,22171.349609375,30492.91015625,3075.136962890625,10696.2001953125,77240.0,16043.5,5990.39990234375
2018-06-04,2746.8701171875,7606.4599609375,7741.2998046875,12770.75,5472.91015625,22475.939453125,30997.98046875,3091.19091796875,10628.5,78596.0,16052.2001953125,6025.5
2018-06-05,2748.800048828125,7637.85986328125,7686.7998046875,12787.1298828125,5460.9501953125,22539.5390625,31093.44921875,3114.2060546875,10593.150390625,76642.0,16122.2998046875,5994.89990234375
2018-06-06,2772.35009765625,7689.240234375,7712.39990234375,12830.0703125,5457.56005859375,22625.73046875,31259.099609375,3115.179931640625,10684.650390625,76117.0,16183.900390625,6025.10009765625
2018-06-07,2770.3701171875,7635.06982421875,7704.39990234375,12811.0498046875,5448.35986328125,22823.259765625,31512.630859375,3109.4990234375,10768.349609375,73851.0,16192.7998046875,6057.2998046875
2018-06-08,2779.030029296875,7645.509765625,7681.10009765625,12766.5498046875,5450.22021484375,22694.5,30958.2109375,3067.14794921875,10767.650390625,72942.0,16202.7001953125,6045.2001953125
2018-06-11,2782.0,7659.93017578125,7737.39990234375,12842.91015625,5473.91015625,22804.0390625,31063.69921875,3052.782958984375,10786.9501953125,72308.0,16263.2998046875,
2018-06-12,2786.85009765625,7703.7900390625,7703.7998046875,12842.2998046875,5453.3701171875,22878.349609375,31103.060546875,3079.802001953125,10842.849609375,72754.0,16289.0,6054.39990234375
2018-06-13,2775.6298828125,7695.7001953125,7703.7001953125,12890.580078125,5452.72998046875,22966.380859375,30725.150390625,3049.797119140625,10856.7001953125,72122.0,16265.7998046875,6023.5
2018-06-14,2782.489990234375,7761.0400390625,7765.7998046875,13107.099609375,5528.4599609375,22738.609375,30440.169921875,3044.159912109375,10808.0498046875,71421.0,16329.0,6016.60009765625
2018-06-15,2779.659912109375,7746.3798828125,7633.89990234375,13010.5498046875,5501.8798828125,22851.75,30309.490234375,3021.90087890625,10817.7001953125,70758.0,16314.400390625,6094.0
2018-06-18,2773.75,7747.02978515625,7631.2998046875,12834.1103515625,5450.47998046875,22680.330078125,,,10799.849609375,69815.0,16383.599609375,6104.10009765625
2018-06-19,2762.590087890625,7725.58984375,7603.89990234375,12677.9697265625,5390.6298828125,22278.48046875,29468.150390625,2907.822021484375,10710.4501953125,71394.0,16316.5,6102.10009765625
2018-06-20,2767.320068359375,7781.509765625,7627.39990234375,12695.16015625,5372.31005859375,22555.4296875,29696.169921875,2915.73095703125,10772.0498046875,72123.0,16421.0,6172.60009765625
2018-06-21,2749.760009765625,7712.9501953125,7556.39990234375,12511.91015625,5316.009765625,22693.0390625,29296.05078125,2875.81005859375,10741.099609375,70075.0,16335.2001953125,6232.10009765625
2018-06-22,2754.8798828125,7692.81982421875,7682.2998046875,12579.7197265625,5387.3798828125,22516.830078125,29338.69921875,2889.760009765625,10821.849609375,70641.0,16450.099609375,6225.2001953125
2018-06-25,2717.070068359375,7532.009765625,7509.7998046875,12270.330078125,5283.85986328125,22338.150390625,28961.390625,2859.3359375,10762.4501953125,70953.0,16184.0,6210.39990234375
2018-06-26,2723.06005859375,7561.6298828125,7537.89990234375,12234.33984375,5281.2900390625,22342.0,28881.400390625,2844.508056640625,10769.150390625,71405.0,16280.099609375,6197.60009765625
2018-06-27,2699.6298828125,7445.080078125,7621.7001953125,12348.6103515625,5327.2001953125,22271.76953125,28356.259765625,2813.177978515625,10671.400390625,70609.0,16231.2998046875,6195.89990234375
2018-06-28,2716.31005859375,7503.68017578125,7615.60009765625,12177.23046875,5275.64013671875,22270.390625,28497.3203125,2786.89697265625,10589.099609375,71767.0,16179.900390625,6215.39990234375
2018-06-29,2718.3701171875,7510.2998046875,7636.89990234375,12306.0,5323.52978515625,22304.509765625,28955.109375,2847.41796875,10714.2998046875,72763.0,16277.7001953125,6194.60009765625
2018-07-02,2726.7099609375,7567.68994140625,7547.89990234375,12238.169921875,5276.759765625,21811.9296875,,2775.556884765625,10657.2998046875,72840.0,,6177.7998046875
2018-07-03,2713.219970703125,7502.669921875,7593.2998046875,12349.1396484375,5316.77001953125,21785.5390625,28545.5703125,2786.887939453125,10699.900390625,73668.0,16263.2001953125,6210.2001953125
2018-07-04,,,7573.10009765625,12317.6103515625,5320.5,21717.0390625,28241.669921875,2759.1259765625,10769.900390625,74743.0,16304.7001953125,6183.39990234375
2018-07-05,2736.610107421875,7586.43017578125,7603.2001953125,12464.2900390625,5366.31982421875,21546.990234375,28182.08984375,2733.882080078125,10749.75,74553.0,16266.599609375,6215.5
2018-07-06,2759.820068359375,7688.39013671875,7617.7001953125,12496.169921875,5375.77001953125,21788.140625,28315.619140625,2747.22900390625,10772.650390625,75010.0,16371.7998046875,6272.2998046875
2018-07-09,2784.169921875,7756.2001953125,7688.0,12543.8896484375,5398.10986328125,22052.1796875,28688.5,2815.110107421875,10852.900390625,,16452.30078125,6286.0
2018-07-10,2793.840087890625,7759.2001953125,7692.0,12609.849609375,5434.35986328125,22196.890625,28682.25,2827.625,10947.25,74862.0,16548.69921875,6258.10009765625
2018-07-11,2774.02001953125,7716.60986328125,7592.0,12417.1298828125,5353.93017578125,21932.2109375,28311.689453125,2777.77099609375,10948.2998046875,74399.0,16417.30078125,6215.60009765625
2018-07-12,2798.2900390625,7823.919921875,7651.2998046875,12492.9697265625,5405.89990234375,22187.9609375,28480.830078125,2837.658935546875,11023.2001953125,75856.0,16567.400390625,6268.2998046875
2018-07-13,2801.31005859375,7825.97998046875,7661.89990234375,12540.73046875,5429.2001953125,22597.349609375,28525.439453125,2831.18408203125,11018.900390625,76594.0,16561.099609375,6268.39990234375
2018-07-16,2798.429931640625,7805.72021484375,7600.5,12561.01953125,5409.43017578125,22597.349609375,28539.66015625,2814.0419921875,10936.849609375,76653.0,16494.69921875,6241.5
2018-07-17,2809.550048828125,7855.1201171875,7626.2998046875,12661.5400390625,5422.5400390625,22697.359375,28181.6796875,2798.1259765625,11008.0498046875,78130.0,16519.19921875,6203.60009765625
2018-07-18,2815.6201171875,7854.43994140625,7676.2998046875,12765.9404296875,5447.43994140625,22794.189453125,28117.419921875,2787.257080078125,10980.4501953125,77363.0,16477.400390625,6245.10009765625
2018-07-19,2804.489990234375,7825.2998046875,7684.0,12686.2900390625,5417.06982421875,22764.6796875,28010.859375,2772.544921875,10957.099609375,77487.0,16543.0,6262.7001953125
2018-07-20,2801.830078125,7820.2001953125,7678.7998046875,12561.419921875,5398.31982421875,22697.880859375,28224.48046875,2829.27099609375,11010.2001953125,78571.0,16435.5,6285.89990234375
2018-07-23,2806.97998046875,7841.8701171875,7655.7998046875,12548.5703125,5378.25,22396.990234375,28256.119140625,2859.5419921875,11084.75,77996.0,16420.80078125,6227.60009765625
2018-07-24,2820.39990234375,7840.77001953125,7709.10009765625,12689.3896484375,5434.18994140625,22510.48046875,28662.5703125,2905.56201171875,11134.2998046875,79155.0,16390.099609375,6265.7998046875
2018-07-25,2846.070068359375,7932.240234375,7658.2998046875,12579.330078125,5426.41015625,22614.25,28920.900390625,2903.64697265625,11132.0,80218.0,16420.80078125,6247.60009765625
2018-07-26,2837.43994140625,7852.18017578125,7663.2001953125,12809.23046875,5480.5498046875,22586.869140625,28781.140625,2882.22509765625,11167.2998046875,79405.0,16455.69921875,6244.5
2018-07-27,2818.820068359375,7737.419921875,7701.2998046875,12860.400390625,5511.759765625,22712.75,28804.279296875,2873.593994140625,11278.349609375,79866.0,16394.0,6300.2001953125
2018-07-30,2802.60009765625,7630.0,7700.89990234375,12798.2001953125,5491.22021484375,22544.83984375,28733.130859375,2869.050048828125,11319.5498046875,80276.0,16345.5,6278.39990234375
2018-07-31,2816.2900390625,7671.7900390625,7748.7998046875,12805.5,5511.2998046875,22553.720703125,28583.009765625,2876.40087890625,11356.5,79220.0,16434.0,6280.2001953125
2018-08-01,2813.360107421875,7707.2900390625,7652.89990234375,12737.0498046875,5498.3701171875,22746.69921875,28340.740234375,2824.533935546875,11346.2001953125,79302.0,16376.7998046875,6275.7001953125
2018-08-02,2827.219970703125,7802.68994140625,7575.89990234375,12546.330078125,5460.97998046875,22512.529296875,27714.560546875,2768.02392578125,11244.7001953125,79637.0,16409.19921875,6240.89990234375
2018-08-03,2840.35009765625,7812.009765625,7659.10009765625,12615.759765625,5478.97998046875,22525.1796875,27676.3203125,2740.443115234375,11360.7998046875,81435.0,16420.19921875,6234.7998046875
2018-08-06,2850.39990234375,7859.68017578125,7663.7998046875,12598.2099609375,5477.18017578125,22507.3203125,27819.560546875,2705.156982421875,11387.099609375,81051.0,,6273.0
2018-08-07,2858.449951171875,7883.66015625,7718.5,12648.1904296875,5521.31005859375,22662.740234375,28248.880859375,2779.3740234375,11389.4501953125,80347.0,16286.2998046875,6253.89990234375
2018-08-08,2857.699951171875,7888.330078125,7776.7001953125,12633.5400390625,5501.89990234375,22644.310546875,28359.140625,2744.070068359375,11450.0,79152.0,16315.099609375,6268.5
2018-08-09,2853.580078125,7891.77978515625,7741.7998046875,12676.1103515625,5502.25,22598.390625,28607.30078125,2794.382080078125,11470.7001953125,78768.0,16417.0,6297.7001953125
2018-08-10,2833.280029296875,7839.10986328125,7667.0,12424.349609375,5414.68017578125,22298.080078125,28366.619140625,2795.31005859375,11429.5,76514.0,16326.5,6278.39990234375
2018-08-13,2821.929931640625,7819.7099609375,7642.5,12358.740234375,5412.31982421875,21857.4296875,27936.5703125,2785.8720703125,11355.75,77496.0,16250.7998046875,6252.2001953125
2018-08-14,2839.9599609375,7870.89013671875,7611.60009765625,12358.8701171875,5403.41015625,22356.080078125,27752.9296875,2780.965087890625,11435.099609375,78602.0,16330.7001953125,6299.60009765625
2018-08-15,2818.3701171875,7774.1201171875,7497.89990234375,12163.009765625,5305.22021484375,22204.220703125,27323.58984375,2723.258056640625,,77078.0,16148.5,6329.0
2018-08-16,2840.68994140625,7806.52001953125,7556.39990234375,12237.169921875,5349.02001953125,22192.0390625,27100.060546875,2705.19189453125,11385.0498046875,76819.0,16225.7001953125,6328.2998046875
2018-08-17,2850.1298828125,7816.330078125,7558.60009765625,12210.5498046875,5344.93017578125,22270.380859375,27213.41015625,2668.966064453125,11470.75,76029.0,16323.7001953125,6339.2001953125
2018-08-20,2857.050048828125,7821.009765625,7591.2998046875,12331.2998046875,5379.64990234375,22199.0,27598.01953125,2698.466064453125,11551.75,76328.0,16331.0,6345.0
2018-08-21,2862.9599609375,7859.169921875,7565.7001953125,12384.490234375,5408.60009765625,22219.73046875,27752.7890625,2733.825927734375,11570.900390625,75180.0,16297.0,6284.39990234375
2018-08-22,2861.820068359375,7889.10009765625,7574.2001953125,12385.7001953125,5420.60986328125,22362.55078125,27927.580078125,2714.60791015625,,76902.0,16347.2998046875,6266.0
2018-08-23,2856.97998046875,7878.4599609375,7563.2001953125,12365.580078125,5419.330078125,22410.8203125,27790.4609375,2724.6240234375,11582.75,75634.0,16326.7998046875,6244.39990234375
2018-08-24,2874.68994140625,7945.97998046875,7577.5,12394.51953125,5432.5,22601.76953125,27671.869140625,2729.430908203125,11557.099609375,76262.0,16356.099609375,6247.2998046875
2018-08-27,2896.739990234375,8017.89990234375,,12538.3095703125,5479.10009765625,22799.640625,28271.26953125,2780.89892578125,11691.9501953125,77930.0,16444.400390625,6268.89990234375
2018-08-28,2897.52001953125,8030.0400390625,7617.2001953125,12527.419921875,5484.990234375,22813.470703125,28351.619140625,2777.98095703125,11738.5,77473.0,16355.5,6304.7001953125
2018-08-29,2914.0400390625,8109.68994140625,7563.2001953125,12561.6796875,5501.330078125,22848.220703125,28416.439453125,2769.294921875,11691.900390625,78389.0,16390.30078125,6352.2001953125
2018-08-30,2901.1298828125,8088.35986328125,7516.0,12494.240234375,5478.06005859375,22869.5,28164.05078125,2737.737060546875,11676.7998046875,76404.0,16371.599609375,6351.7998046875
2018-08-31,2901.52001953125,8109.5400390625,7432.39990234375,12364.0595703125,5406.85009765625,22865.150390625,27888.55078125,2725.25,11680.5,76678.0,16262.900390625,6319.5
2018-09-03,,,7504.60009765625,12346.41015625,5413.7998046875,22707.380859375,27712.5390625,2720.73388671875,11582.349609375,76193.0,,6310.89990234375
2018-09-04,2896.719970703125,8091.25,7457.89990234375,12210.2099609375,5342.7001953125,22696.900390625,27973.33984375,2750.580078125,11520.2998046875,74712.0,16161.2998046875,6293.10009765625
2018-09-05,2888.60009765625,7995.169921875,7383.2998046875,12040.4599609375,5260.22021484375,22580.830078125,27243.849609375,2704.3369140625,11476.9501953125,75092.0,16137.599609375,6230.39990234375
2018-09-06,2878.050048828125,7922.72998046875,7319.0,11955.25,5243.83984375,22487.939453125,26974.8203125,2691.593017578125,11536.900390625,76416.0,16100.900390625,6160.39990234375
2018-09-07,2871.679931640625,7902.5400390625,7277.7001953125,11959.6298828125,5252.22021484375,22307.060546875,26973.470703125,2702.301025390625,11589.099609375,,16090.2998046875,6143.7998046875
2018-09-10,2877.1298828125,7924.16015625,7279.2998046875,11986.33984375,5269.6298828125,22373.08984375,26613.419921875,2669.485107421875,11438.099609375,76436.0,16057.099609375,6141.7001953125
2018-09-11,2887.889892578125,7972.47021484375,7273.5,11970.26953125,5283.7900390625,22664.689453125,26422.55078125,2664.800048828125,11287.5,74657.0,16094.2998046875,6179.7001953125
2018-09-12,2888.919921875,7954.22998046875,7313.39990234375,12032.2998046875,5332.1298828125,22604.609375,26345.0390625,2656.110107421875,11369.900390625,75125.0,16049.0,6175.89990234375
2018-09-13,2904.179931640625,8013.7099609375,7281.60009765625,12055.5498046875,5328.1201171875,22821.3203125,27014.490234375,2686.577880859375,,74687.0,16001.7001953125,6128.7001953125
2018-09-14,2904.97998046875,8010.0400390625,7304.0,12124.330078125,5352.56982421875,23094.669921875,27286.41015625,2681.64306640625,11515.2001953125,75429.0,16013.5,6165.2998046875
2018-09-17,2888.800048828125,7895.7900390625,7302.10009765625,12096.41015625,5348.8701171875,,26932.849609375,2651.7890625,11377.75,76789.0,16082.2998046875,6185.0
2018-09-18,2904.31005859375,7956.10986328125,7300.2001953125,12157.669921875,5363.7900390625,23420.5390625,27084.66015625,2699.949951171875,11278.900390625,78314.0,16196.0,6161.5
2018-09-19,2907.949951171875,7950.0400390625,7331.10009765625,12219.01953125,5393.740234375,23672.51953125,27407.369140625,2730.85009765625,11234.349609375,78169.0,16149.900390625,6190.0
2018-09-20,2930.75,8028.22998046875,7367.2998046875,12326.48046875,5451.58984375,23674.9296875,27477.669921875,2729.243896484375,,78116.0,16214.7998046875,6169.5
2018-09-21,2929.669921875,7986.9599609375,7490.2001953125,12430.8798828125,5494.169921875,23869.9296875,27953.580078125,2797.485107421875,11143.099609375,79444.0,16224.099609375,6194.60009765625
2018-09-24,2919.3701171875,7993.25,7458.39990234375,12350.8203125,5476.169921875,,27499.390625,,10967.400390625,77984.0,16207.2998046875,6186.89990234375
2018-09-25,2915.56005859375,8007.47021484375,7507.60009765625,12374.66015625,5479.10009765625,23940.259765625,,2781.138916015625,11067.4501953125,78630.0,16159.5,6185.89990234375
2018-09-26,2905.969970703125,7990.3701171875,7511.5,12385.8896484375,5512.72998046875,24033.7890625,27816.869140625,2806.81298828125,11053.7998046875,78656.0,16169.2998046875,6192.2998046875
2018-09-27,2914.0,8041.97021484375,7545.39990234375,12435.58984375,5540.41015625,23796.740234375,27715.669921875,2791.77490234375,10977.5498046875,80000.0,16204.599609375,6181.2001953125
2018-09-28,2913.97998046875,8046.35009765625,7510.2001953125,12246.73046875,5493.490234375,24120.0390625,27788.51953125,2821.35009765625,10930.4501953125,79342.0,16073.099609375,6207.60009765625
2018-10-01,2924.590087890625,8037.2998046875,7495.7001953125,12339.0302734375,5506.81982421875,24245.759765625,,,11008.2998046875,78624.0,16104.400390625,6172.2998046875
2018-10-02,2923.429931640625,7999.5498046875,7474.60009765625,12287.580078125,5467.89013671875,24270.619140625,27126.380859375,,,81612.0,16017.2001953125,6126.2001953125
2018-10-03,2925.510009765625,8025.08984375,7510.2998046875,,5491.39990234375,24110.9609375,27091.259765625,,10858.25,83273.0,16072.099609375,6146.10009765625
2018-10-04,2901.610107421875,7879.509765625,7418.2998046875,12244.1396484375,5410.85009765625,23975.619140625,26623.869140625,,10599.25,82953.0,16006.7001953125,6176.2998046875
2018-10-05,2885.570068359375,7788.4501953125,7318.5,12111.900390625,5359.35986328125,23783.720703125,26572.5703125,,10316.4501953125,82322.0,15946.2001953125,6185.5
2018-10-08,2884.429931640625,7735.9501953125,7233.2998046875,11947.16015625,5300.25,,26202.5703125,2716.510009765625,10348.0498046875,86084.0,,6100.2998046875
2018-10-09,2880.340087890625,7738.02001953125,7237.60009765625,11977.2197265625,5318.5498046875,23469.390625,26172.91015625,2721.012939453125,10301.0498046875,86088.0,15854.099609375,6041.10009765625
2018-10-10,2785.679931640625,7422.0498046875,7145.7001953125,11712.5,5206.22021484375,23506.0390625,26193.0703125,2725.8369140625,10460.099609375,83679.0,15517.400390625,6049.7998046875
2018-10-11,2728.3701171875,7329.06005859375,7006.89990234375,11539.349609375,5106.3701171875,22590.859375,25266.369140625,2583.4580078125,10234.650390625,82921.0,15317.099609375,5883.7998046875
2018-10-12,2767.1298828125,7496.89013671875,6995.89990234375,11523.8095703125,5095.97998046875,22694.66015625,25801.490234375,2606.9130859375,10472.5,,15414.2998046875,5895.7001953125
2018-10-15,2750.7900390625,7430.740234375,7029.2001953125,11614.16015625,5095.06982421875,22271.30078125,25445.060546875,2568.097900390625,10512.5,83360.0,15409.5,5837.10009765625
2018-10-16,2809.919921875,7645.490234375,7059.39990234375,11776.5498046875,5173.0498046875,22549.240234375,25462.259765625,2546.330078125,10584.75,85718.0,15579.7001953125,5869.89990234375
2018-10-17,2809.2099609375,7642.7001953125,7054.60009765625,11715.0302734375,5144.9501953125,22841.119140625,,2561.614013671875,10453.0498046875,85764.0,15529.900390625,5939.10009765625
2018-10-18,2768.780029296875,7485.14013671875,7027.0,11589.2099609375,5116.7900390625,22658.16015625,25454.55078125,2486.4189453125,,83847.0,15404.099609375,5942.39990234375
2018-10-19,2767.780029296875,7449.02978515625,7049.7998046875,11553.830078125,5084.66015625,22532.080078125,25561.400390625,2550.465087890625,10303.5498046875,84220.0,15470.099609375,5939.5
2018-10-22,2755.8798828125,7468.6298828125,7042.7998046875,11524.33984375,5053.31005859375,22614.8203125,26153.150390625,2654.8759765625,10245.25,85597.0,15412.7001953125,5904.89990234375
2018-10-23,2740.68994140625,7437.5400390625,6955.2001953125,11274.2802734375,4967.68994140625,22010.779296875,25346.55078125,2594.825927734375,10146.7998046875,85300.0,15285.2001953125,5843.10009765625
2018-10-24,2656.10009765625,7108.39990234375,6963.0,11191.6298828125,4953.08984375,22091.1796875,25249.779296875,2603.294921875,10224.75,83064.0,14909.099609375,5829.0
2018-10-25,2705.570068359375,7318.33984375,7004.10009765625,11307.1201171875,5032.2998046875,21268.73046875,24994.4609375,2603.800048828125,10124.900390625,84084.0,14924.099609375,5664.10009765625
2018-10-26,2658.68994140625,7167.2099609375,6939.60009765625,11200.6201171875,4967.3701171875,21184.599609375,24717.630859375,2598.846923828125,10030.0,85720.0,14888.2998046875,5665.2001953125
2018-10-29,2641.25,7050.2900390625,7026.2998046875,11335.48046875,4989.35009765625,21149.80078125,24812.0390625,2542.10302734375,10250.849609375,83797.0,14721.7998046875,5728.2001953125
2018-10-30,2682.6298828125,7161.64990234375,7035.89990234375,11287.3896484375,4978.52978515625,21457.2890625,24585.529296875,2568.048095703125,10198.400390625,86886.0,14894.5,5805.10009765625
2018-10-31,2711.739990234375,7305.89990234375,7128.10009765625,11447.509765625,5093.43994140625,21920.4609375,24979.689453125,2602.782958984375,10386.599609375,87424.0,15027.2998046875,5830.2998046875
2018-11-01,2740.3701171875,7434.06005859375,7114.7001953125,11468.5400390625,5085.77978515625,21687.650390625,25416.0,2606.237060546875,10380.4501953125,88419.0,15150.2001953125,5840.7998046875
2018-11-02,2723.06005859375,7356.990234375,7094.10009765625,11518.990234375,5102.1298828125,22243.66015625,26486.349609375,2676.47607421875,10553.0,,15119.2998046875,5849.2001953125
2018-11-05,2738.31005859375,7328.85009765625,7103.7998046875,11494.9599609375,5101.39013671875,21898.990234375,25934.390625,2665.430908203125,10524.0,89598.0,15217.7001953125,5818.10009765625
2018-11-06,2755.449951171875,7375.9599609375,7040.7001953125,11484.33984375,5075.18994140625,22147.75,26120.9609375,2659.35595703125,10530.0,88669.0,15292.7001953125,5875.2001953125
2018-11-07,2813.889892578125,7570.75,7117.2998046875,11579.099609375,5137.93994140625,22085.80078125,26147.689453125,2641.342041015625,10598.400390625,87714.0,15369.400390625,5896.89990234375
2018-11-08,2806.830078125,7530.8798828125,7140.7001953125,11527.3203125,5131.4501953125,22486.919921875,26227.720703125,2635.632080078125,,85620.0,15357.5,5928.2001953125
2018-11-09,2781.010009765625,7406.89990234375,7105.2998046875,11529.16015625,5106.75,22250.25,25601.919921875,2598.8720703125,10585.2001953125,85641.0,15274.400390625,5921.7998046875
2018-11-12,2726.219970703125,7200.8701171875,7053.10009765625,11325.4404296875,5059.08984375,22269.880859375,25633.1796875,2630.52001953125,10482.2001953125,85525.0,15156.400390625,5941.2998046875
2018-11-13,2722.179931640625,7200.8701171875,7053.7998046875,11472.2197265625,5101.85009765625,21810.51953125,25792.869140625,2654.8798828125,10582.5,84914.0,15131.7998046875,5834.2001953125
2018-11-14,2701.580078125,7136.39013671875,7033.7998046875,11412.5302734375,5068.85009765625,21846.48046875,25654.4296875,2632.242919921875,10576.2998046875,85973.0,15133.099609375,5732.7998046875
2018-11-15,2730.199951171875,7259.02978515625,7038.0,11353.669921875,5033.6201171875,21803.619140625,26103.33984375,2668.169921875,10616.7001953125,,15144.900390625,5736.0
2018-11-16,2736.27001953125,7247.8701171875,7013.89990234375,11341.0,5025.2001953125,21680.33984375,26183.529296875,2679.110107421875,10682.2001953125,88515.0,15155.5,5730.60009765625
2018-11-19,2690.72998046875,7028.47998046875,7000.89990234375,11244.5400390625,4985.4501953125,21821.16015625,26372.0,2703.511962890625,10763.400390625,87901.0,15071.0,5693.7001953125
2018-11-20,2641.889892578125,6908.81982421875,6947.89990234375,11066.41015625,4924.89013671875,21583.119140625,25840.33984375,2645.85498046875,10656.2001953125,,14877.0,5671.7998046875
2018-11-21,2649.929931640625,6972.25,7050.2001953125,11244.169921875,4975.5,21507.5390625,25971.470703125,2651.5048828125,10600.0498046875,87269.0,15095.0,5642.7998046875
2018-11-22,,,6960.2998046875,11138.490234375,4938.14013671875,21646.55078125,26019.41015625,2645.43408203125,10526.75,87477.0,15091.599609375,5691.2998046875
2018-11-23,2632.56005859375,6938.97998046875,6952.89990234375,11192.6904296875,4946.9501953125,,25927.6796875,2579.48291015625,,86230.0,15010.7001953125,5716.2001953125
2018-11-26,2673.449951171875,7081.85009765625,7036.0,11354.7197265625,4994.97998046875,21812.0,26376.1796875,2575.81005859375,10628.599609375,85547.0,15012.7001953125,5671.60009765625
2018-11-27,2682.169921875,7082.7001953125,7016.89990234375,11309.1103515625,4983.14990234375,21952.400390625,26331.9609375,2574.678955078125,10685.599609375,87891.0,14944.099609375,5728.2998046875
2018-11-28,2743.7900390625,7291.58984375,7004.5,11298.8798828125,4983.240234375,22177.01953125,26682.560546875,2601.737060546875,10728.849609375,89251.0,15171.2998046875,5725.10009765625
2018-11-29,2737.800048828125,7273.080078125,7039.0,11298.23046875,5006.25,22262.599609375,26451.029296875,2567.443115234375,10858.7001953125,89710.0,15194.0,5758.39990234375
2018-11-30,2760.169921875,7330.5400390625,6980.2001953125,11257.240234375,5003.919921875,22351.060546875,26506.75,2588.18798828125,10876.75,89504.0,15197.7998046875,5667.2001953125
2018-12-03,2790.3701171875,7441.509765625,7062.39990234375,11465.4599609375,5053.97998046875,22574.759765625,27182.0390625,2654.798095703125,10883.75,89820.0,15275.0,5771.2001953125
2018-12-04,2700.06005859375,7158.43017578125,7022.7998046875,11335.3203125,5012.66015625,22036.05078125,27260.439453125,2665.9580078125,10869.5,88624.0,15063.599609375,5713.10009765625
2018-12-05,,,6921.7998046875,11200.240234375,4944.3701171875,21919.330078125,26819.6796875,2649.804931640625,10782.900390625,89040.0,15182.599609375,5668.39990234375
2018-12-06,2695.949951171875,7188.259765625,6704.10009765625,10810.98046875,4780.4599609375,21501.619140625,26156.380859375,2605.180908203125,10601.150390625,88846.0,14937.0,5657.60009765625
2018-12-07,2633.080078125,6969.25,6778.10009765625,10788.08984375,4813.1298828125,21678.6796875,26063.759765625,2605.887939453125,10693.7001953125,88115.0,14795.099609375,5681.5
2018-12-10,2637.719970703125,7020.52001953125,6721.5,10622.0703125,4742.3798828125,21219.5,25752.380859375,2584.58203125,10488.4501953125,85915.0,14728.2998046875,5552.5
2018-12-11,2636.780029296875,7031.830078125,6806.89990234375,10780.509765625,4806.2001953125,21148.01953125,25771.669921875,2594.087890625,10549.150390625,86420.0,14667.7998046875,5575.89990234375
2018-12-12,2651.070068359375,7098.31005859375,6880.2001953125,10929.4296875,4909.4501953125,21602.75,26186.7109375,2602.153076171875,10737.599609375,86977.0,14783.099609375,5653.5
2018-12-13,2650.5400390625,7070.330078125,6877.5,10924.7001953125,4896.919921875,21816.189453125,26524.349609375,2634.049072265625,10791.5498046875,87838.0,14750.400390625,5661.60009765625
2018-12-14,2599.949951171875,6910.66015625,6845.2001953125,10865.76953125,4853.7001953125,21374.830078125,26094.7890625,2593.740966796875,10805.4501953125,87450.0,14595.099609375,5602.0
2018-12-17,2545.93994140625,6753.72998046875,6773.2001953125,10772.2001953125,4799.8701171875,21506.880859375,26087.98046875,2597.97412109375,10888.349609375,86400.0,14362.7001953125,5658.2998046875
2018-12-18,2546.159912109375,6783.91015625,6701.60009765625,10740.8896484375,4754.080078125,21115.44921875,25814.25,2576.64990234375,10908.7001953125,86610.0,14416.900390625,5589.5
2018-12-19,2506.9599609375,6636.830078125,6765.89990234375,10766.2099609375,4777.4501953125,20987.919921875,25865.390625,2549.56298828125,10967.2998046875,85674.0,14264.099609375,5580.60009765625
2018-12-20,2467.419921875,6528.41015625,6711.89990234375,10611.099609375,4692.4599609375,20392.580078125,25623.529296875,2536.26806640625,10951.7001953125,85269.0,14141.7998046875,5505.7998046875
2018-12-21,2416.6201171875,6332.990234375,6721.2001953125,10633.8203125,4694.3798828125,20166.189453125,25753.419921875,2516.2509765625,10754.0,85697.0,13935.400390625,5467.60009765625
2018-12-24,2351.10009765625,6192.919921875,6686.0,,4626.39013671875,,25651.380859375,2527.007080078125,10663.5,,13780.2001953125,5493.7998046875
2018-12-25,,,,,,19155.740234375,,2504.819091796875,,,,
2018-12-26,2467.699951171875,6554.35986328125,,,,19327.060546875,,2498.2939453125,10729.849609375,85136.0,,
2018-12-27,2488.830078125,6579.490234375,6584.7001953125,10381.509765625,4598.60986328125,20077.619140625,25478.880859375,2483.0859375,10779.7998046875,85460.0,14165.2001953125,5597.2001953125
2018-12-28,2485.739990234375,6584.52001953125,6734.0,10558.9599609375,4678.740234375,20014.76953125,25504.19921875,2493.89599609375,10859.900390625,87887.0,14222.0,5654.2998046875
2018-12-31,2506.85009765625,6635.27978515625,6728.10009765625,,4730.68994140625,,25845.69921875,,10862.5498046875,,14322.900390625,5646.39990234375
2019-01-02,2510.030029296875,6665.93994140625,6734.2001953125,10580.1904296875,4689.39013671875,,25130.349609375,2465.291015625,10792.5,91012.0,14347.2001953125,5557.7998046875
2019-01-03,2447.889892578125,6463.5,6692.7001953125,10416.66015625,4611.490234375,,25064.359375,2464.363037109375,10672.25,91564.0,14212.7998046875,5633.39990234375
2019-01-04,2531.93994140625,6738.85986328125,6837.39990234375,10767.6904296875,4737.1201171875,19561.9609375,25626.029296875,2514.867919921875,10727.349609375,91841.0,14426.599609375,5619.39990234375
2019-01-07,2549.68994140625,6823.47021484375,6810.89990234375,10747.8095703125,4719.169921875,20038.970703125,25835.69921875,2533.089111328125,10771.7998046875,91699.0,14504.099609375,5683.2001953125
2019-01-08,2574.409912109375,6897.0,6861.60009765625,10803.98046875,4773.27001953125,20204.0390625,25875.44921875,2526.4619140625,10802.150390625,92032.0,14605.2001953125,5722.39990234375
2019-01-09,2584.9599609375,6957.080078125,6906.60009765625,10893.3203125,4813.580078125,20427.060546875,26462.3203125,2544.344970703125,10855.150390625,93613.0,14804.7001953125,5778.2998046875
2019-01-10,2596.639892578125,6986.06982421875,6942.89990234375,10921.58984375,4805.66015625,20163.80078125,26521.4296875,2535.09912109375,10821.599609375,93806.0,14903.5,5795.2998046875
2019-01-11,2596.260009765625,6971.47998046875,6918.2001953125,10887.4599609375,4781.33984375,20359.69921875,26667.26953125,2553.8310546875,10794.9501953125,93658.0,14939.2001953125,5774.60009765625
2019-01-14,2582.610107421875,6905.919921875,6855.0,10855.91015625,4762.75,,26298.330078125,2535.764892578125,10737.599609375,94474.0,14975.5,5773.39990234375
2019-01-15,2610.300048828125,7023.830078125,6895.0,10891.7900390625,4786.169921875,20555.2890625,26830.2890625,2570.344970703125,10886.7998046875,94056.0,15046.2998046875,5814.60009765625
2019-01-16,2616.10009765625,7034.68994140625,6862.7001953125,10931.240234375,4810.740234375,20442.75,26902.099609375,2570.422119140625,10890.2998046875,94393.0,15111.2998046875,5835.2001953125
2019-01-17,2635.9599609375,7084.4599609375,6834.89990234375,10918.6201171875,4794.3701171875,20402.26953125,26755.630859375,2559.636962890625,10905.2001953125,95351.0,15211.2001953125,5850.10009765625
2019-01-18,2670.7099609375,7157.22998046875,6968.2998046875,11205.5400390625,4875.93017578125,20666.0703125,27090.810546875,2596.006103515625,10906.9501953125,96097.0,15303.7998046875,5879.60009765625
2019-01-21,,,6970.60009765625,11136.2001953125,4867.77978515625,20719.330078125,27196.5390625,2610.509033203125,10961.849609375,96010.0,15354.2001953125,5890.39990234375
2019-01-22,2632.89990234375,7020.35986328125,6901.39990234375,11090.1103515625,4847.52978515625,20622.91015625,27005.44921875,2579.7041015625,10922.75,95103.0,15233.7998046875,5858.7998046875
2019-01-23,2638.699951171875,7025.77001953125,6842.89990234375,11071.5400390625,4840.3798828125,20593.720703125,27008.19921875,2581.00390625,10831.5,96558.0,15208.2998046875,5843.7001953125
2019-01-24,2642.330078125,7073.4599609375,6819.0,11130.1796875,4871.9599609375,20574.630859375,27120.98046875,2591.694091796875,10849.7998046875,97677.0,15280.7998046875,5865.7001953125
2019-01-25,2664.760009765625,7164.85986328125,6809.2001953125,11281.7900390625,4925.81982421875,20773.560546875,27569.189453125,2601.722900390625,10780.5498046875,,15366.099609375,5905.60009765625
2019-01-28,2643.85009765625,7085.68017578125,6747.10009765625,11210.3095703125,4888.580078125,20649.0,27576.9609375,2596.97705078125,10661.5498046875,95444.0,15378.599609375,
2019-01-29,2640.0,7028.2900390625,6833.89990234375,11218.830078125,4928.18017578125,20664.640625,27531.6796875,2594.25390625,10652.2001953125,95639.0,15463.099609375,5874.2001953125
2019-01-30,2681.050048828125,7183.080078125,6941.60009765625,11181.66015625,4974.759765625,20556.5390625,27642.849609375,2575.575927734375,10651.7998046875,96996.0,15484.599609375,5886.7001953125
2019-01-31,2704.10009765625,7281.740234375,6968.89990234375,11173.099609375,4992.72021484375,20773.490234375,27942.470703125,2584.572021484375,10830.9501953125,97394.0,15540.599609375,5864.7001953125
2019-02-01,2706.530029296875,7263.8701171875,7020.2001953125,11180.66015625,5019.259765625,20788.390625,27930.740234375,2618.23193359375,10893.650390625,97861.0,15506.2998046875,5862.7998046875
2019-02-04,2724.8701171875,7347.5400390625,7034.10009765625,11176.580078125,5000.18994140625,20883.76953125,27990.2109375,,10912.25,98589.0,15602.2998046875,5891.2001953125
2019-02-05,2737.699951171875,7402.080078125,7177.39990234375,11367.98046875,5083.33984375,20844.44921875,,,10934.349609375,98311.0,15702.7001953125,6005.89990234375
2019-02-06,2731.610107421875,7375.27978515625,7173.10009765625,11324.7197265625,5079.0498046875,20874.060546875,,,11062.4501953125,94636.0,15712.2998046875,6026.10009765625
2019-02-07,2706.050048828125,7288.35009765625,7093.60009765625,11022.01953125,4985.56005859375,20751.279296875,,,11069.400390625,94406.0,15703.400390625,6092.5
2019-02-08,2707.8798828125,7298.2001953125,7071.2001953125,10906.7802734375,4961.64013671875,20333.169921875,27946.3203125,,10943.599609375,95343.0,15633.2998046875,6071.5
2019-02-11,2709.800048828125,7307.89990234375,7129.10009765625,11014.58984375,5014.47021484375,,28143.83984375,2653.89599609375,10888.7998046875,94413.0,15568.900390625,6060.7998046875
2019-02-12,2744.72998046875,7414.6201171875,7133.10009765625,11126.080078125,5056.35009765625,20864.2109375,28171.330078125,2671.89404296875,10831.400390625,96168.0,15642.099609375,6079.10009765625
2019-02-13,2753.030029296875,7420.3798828125,7190.7998046875,11167.2197265625,5074.27001953125,21144.48046875,28497.58984375,2721.068115234375,,95842.0,15626.7001953125,6063.60009765625
2019-02-14,2745.72998046875,7426.9501953125,7197.0,11089.7900390625,5062.52001953125,21139.7109375,28432.05078125,2719.699951171875,10746.0498046875,98015.0,15696.0,6059.39990234375
2019-02-15,2775.60009765625,7472.41015625,7236.7001953125,11299.7998046875,5153.18994140625,20900.630859375,27900.83984375,2682.385009765625,10724.400390625,97526.0,15838.2001953125,6066.10009765625
2019-02-18,,,7219.5,11299.2001953125,5168.5400390625,21281.849609375,28347.009765625,2754.35693359375,10640.9501953125,96510.0,,6089.7998046875
2019-02-19,2779.760009765625,7486.77001953125,7179.2001953125,11309.2099609375,5160.52001953125,21302.650390625,28228.130859375,2755.64599609375,10604.349609375,97659.0,15937.400390625,6106.89990234375
2019-02-20,2784.699951171875,7489.06982421875,7228.60009765625,11401.9697265625,5195.9501953125,21431.490234375,28514.05078125,2761.218994140625,10735.4501953125,96545.0,16031.2001953125,6096.5
2019-02-21,2774.8798828125,7459.7099609375,7167.39990234375,11423.2802734375,5196.10986328125,21464.23046875,28629.919921875,2751.801025390625,10789.849609375,96932.0,16000.900390625,6139.2001953125
2019-02-22,2792.669921875,7527.5400390625,7178.60009765625,11457.7001953125,5215.85009765625,21425.509765625,28816.30078125,2804.22607421875,10791.650390625,97886.0,16013.0,6167.2998046875
2019-02-25,2796.110107421875,7554.4599609375,7183.7001953125,11505.3896484375,5231.85009765625,21528.23046875,28959.30078125,2961.282958984375,10880.099609375,97240.0,16057.0,6186.2998046875
2019-02-26,2793.89990234375,7549.2998046875,7151.10009765625,11540.7900390625,5238.72021484375,21449.390625,28772.060546875,2941.51611328125,10835.2998046875,97603.0,16067.900390625,6128.39990234375
2019-02-27,2792.3798828125,7554.509765625,7107.2001953125,11487.330078125,5225.35009765625,21556.509765625,28757.439453125,2953.823974609375,10806.650390625,97307.0,16074.2998046875,6150.2998046875
2019-02-28,2784.489990234375,7532.52978515625,7074.7001953125,11515.6396484375,5240.52978515625,21385.16015625,28633.1796875,2940.9541015625,10792.5,95584.0,15999.0,6169.0
2019-03-01,2803.68994140625,7595.35009765625,7106.7001953125,11601.6796875,5265.18994140625,21602.689453125,28812.169921875,2994.0048828125,10863.5,94604.0,16068.2998046875,6192.7001953125
2019-03-04,2792.81005859375,7577.56982421875,7134.39990234375,11592.66015625,5286.56982421875,21822.0390625,28959.58984375,3027.575927734375,,,16038.099609375,6217.39990234375
2019-03-05,2789.64990234375,7576.35986328125,7183.39990234375,11620.740234375,5297.52001953125,21726.279296875,28961.599609375,3054.2470703125,10987.4501953125,,16086.5,6199.2998046875
2019-03-06,2771.449951171875,7505.919921875,7196.0,11587.6298828125,5288.81005859375,21596.810546875,29037.599609375,3102.09912109375,11053.0,94217.0,16092.099609375,6245.60009765625
2019-03-07,2748.929931640625,7421.4599609375,7157.60009765625,11517.7998046875,5267.919921875,21456.009765625,28779.44921875,3106.41796875,11058.2001953125,94340.0,16056.5,6263.89990234375
2019-03-08,2743.070068359375,7408.14013671875,7104.2998046875,11457.83984375,5231.22021484375,21025.560546875,28228.419921875,2969.861083984375,11035.400390625,95365.0,15996.2001953125,6203.7998046875
2019-03-11,2783.300048828125,7558.06005859375,7130.60009765625,11543.48046875,5265.9599609375,21125.08984375,28503.30078125,3026.992919921875,11168.0498046875,98027.0,16106.2001953125,6180.2001953125
2019-03-12,2791.52001953125,7591.02978515625,7151.2001953125,11524.169921875,5270.25,21503.689453125,28920.869140625,3060.306884765625,11301.2001953125,97828.0,16136.7001953125,6174.7998046875
2019-03-13,2810.919921875,7643.41015625,7159.2001953125,11572.41015625,5306.3798828125,21290.240234375,28807.44921875,3026.950927734375,11341.7001953125,98904.0,16150.0,6161.2001953125
2019-03-14,2808.47998046875,7630.91015625,7185.39990234375,11587.4697265625,5349.77978515625,21287.01953125,28851.390625,2990.68505859375,11343.25,98605.0,16087.599609375,6179.60009765625
2019-03-15,2822.47998046875,7688.52978515625,7228.2998046875,11685.6904296875,5405.31982421875,21450.849609375,29012.259765625,3021.7509765625,11426.849609375,99137.0,16140.400390625,6175.2001953125
2019-03-18,2832.93994140625,7714.47998046875,7299.2001953125,11657.0595703125,5412.830078125,21584.5,29409.009765625,3096.41796875,11462.2001953125,99994.0,16251.400390625,6190.5
2019-03-19,2832.570068359375,7723.9501953125,7324.0,11788.41015625,5425.89990234375,21566.849609375,29466.279296875,3090.97509765625,11532.400390625,99588.0,16188.099609375,6184.7998046875
2019-03-20,2824.22998046875,7728.97021484375,7291.0,11603.8896484375,5382.66015625,21608.919921875,29320.970703125,3090.639892578125,11521.0498046875,98041.0,16167.599609375,6165.2998046875
2019-03-21,2854.8798828125,7838.9599609375,7355.2998046875,11549.9599609375,5378.85009765625,,29071.560546875,3101.455078125,,96729.0,16244.599609375,6167.2001953125
2019-03-22,2800.7099609375,7642.669921875,7207.60009765625,11364.169921875,5269.919921875,21627.33984375,29113.359375,3104.14892578125,11456.900390625,93735.0,16089.2998046875,6195.2001953125
2019-03-25,2798.360107421875,7637.5400390625,7177.60009765625,11346.650390625,5260.64013671875,20977.109375,28523.349609375,3043.031005859375,11354.25,93662.0,16065.900390625,6126.2001953125
2019-03-26,2818.4599609375,7691.52001953125,7196.2998046875,11419.48046875,5307.3798828125,21428.390625,28566.91015625,2997.094970703125,11483.25,95307.0,16155.2001953125,6130.60009765625
2019-03-27,2805.3701171875,7643.3798828125,7194.2001953125,11419.0400390625,5301.240234375,21378.73046875,28728.25,3022.719970703125,11445.0498046875,91903.0,16132.5,6136.0
2019-03-28,2815.43994140625,7669.169921875,7234.2998046875,11428.16015625,5296.5400390625,21033.759765625,28775.2109375,2994.943115234375,11570.0,94389.0,16155.5,6176.10009765625
2019-03-29,2834.39990234375,7729.31982421875,7279.2001953125,11526.0400390625,5350.52978515625,21205.810546875,29051.359375,3090.758056640625,,95415.0,16102.099609375,6180.7001953125
2019-04-01,2867.18994140625,7828.91015625,7317.39990234375,11681.990234375,5405.52978515625,21509.029296875,29562.01953125,3170.361083984375,11669.150390625,96054.0,16228.099609375,6217.0
2019-04-02,2867.239990234375,7848.68994140625,7391.10009765625,11754.7900390625,5423.47021484375,21505.310546875,29624.669921875,3176.822998046875,11713.2001953125,95387.0,16263.900390625,6242.39990234375
2019-04-03,2873.39990234375,7895.5498046875,7418.2998046875,11954.400390625,5468.91015625,21713.2109375,29986.390625,3216.294921875,11643.9501953125,94491.0,16279.900390625,6285.0
2019-04-04,2879.389892578125,7891.77978515625,7401.89990234375,11988.009765625,5463.7998046875,21724.94921875,29936.3203125,3246.571044921875,11598.0,96313.0,16311.599609375,6232.7998046875
2019-04-05,2892.739990234375,7938.68994140625,7446.89990234375,12009.75,5476.2001953125,21807.5,,,11665.9501953125,97108.0,16396.19921875,6181.2998046875
2019-04-08,2895.77001953125,7953.8798828125,7451.89990234375,11963.400390625,5471.77978515625,21761.650390625,30077.150390625,3244.81005859375,11604.5,97369.0,16407.30078125,6221.39990234375
2019-04-09,2878.199951171875,7909.27978515625,7425.60009765625,11850.5703125,5436.419921875,21802.58984375,30157.490234375,3239.6640625,11671.9501953125,96292.0,16336.5,6221.7998046875
2019-04-10,2888.2099609375,7964.240234375,7421.89990234375,11905.91015625,5449.8798828125,21687.5703125,30119.560546875,3241.929931640625,11584.2998046875,95953.0,16396.30078125,6223.5
2019-04-11,2888.320068359375,7947.35986328125,7418.0,11935.2001953125,5485.72021484375,21711.380859375,29839.44921875,3189.9619140625,11596.7001953125,94755.0,16399.5,6198.7001953125
2019-04-12,2907.409912109375,7984.16015625,7437.10009765625,11999.9296875,5502.7001953125,21870.560546875,29909.759765625,3188.6259765625,11643.4501953125,92875.0,16480.5,6251.2998046875
2019-04-15,2905.580078125,7976.009765625,7436.89990234375,12020.2802734375,5508.72998046875,22169.109375,29810.720703125,3177.787109375,11690.349609375,93083.0,16515.5,6251.39990234375
2019-04-16,2907.06005859375,8000.22998046875,7469.89990234375,12101.3203125,5528.669921875,22221.66015625,30129.869140625,3253.597900390625,11787.150390625,94333.0,16502.19921875,6277.39990234375
2019-04-17,2900.449951171875,7996.080078125,7471.2998046875,12153.0703125,5563.08984375,22277.970703125,30124.6796875,3263.117919921875,,93285.0,16544.19921875,6256.39990234375
2019-04-18,2905.030029296875,7998.06005859375,7459.89990234375,12222.3896484375,5580.3798828125,22090.119140625,29963.259765625,3250.200927734375,11752.7998046875,94578.0,16612.80078125,6259.7998046875
2019-04-19,,,,,,22200.560546875,,3270.797119140625,,,,
2019-04-22,2907.969970703125,8015.27001953125,,,,22217.900390625,,3215.04296875,11594.4501953125,94588.0,16577.30078125,
2019-04-23,2933.679931640625,8120.81982421875,7523.10009765625,12235.509765625,5591.68994140625,22259.740234375,29963.240234375,3198.593994140625,11575.9501953125,95923.0,16669.400390625,6319.39990234375
2019-04-24,2927.25,8102.009765625,7471.7998046875,12313.16015625,5576.06005859375,22200.0,29805.830078125,3201.614013671875,11726.150390625,95045.0,16586.5,6382.10009765625
2019-04-25,2926.169921875,8118.68017578125,7434.10009765625,12282.599609375,5557.669921875,22307.580078125,29549.80078125,3123.825927734375,11641.7998046875,96552.0,16576.099609375,
2019-04-26,2939.8798828125,8146.39990234375,7428.2001953125,12315.1796875,5569.35986328125,22258.73046875,29605.009765625,3086.39892578125,11754.650390625,96236.0,16613.5,6385.60009765625
2019-04-29,2943.030029296875,8161.85009765625,7440.7001953125,12328.01953125,5580.97998046875,,29892.810546875,,,96188.0,16600.400390625,6359.5
2019-04-30,2945.830078125,8095.39013671875,7418.2001953125,12344.080078125,5586.41015625,,29699.109375,,11748.150390625,96353.0,16580.69921875,6325.5
2019-05-01,2923.72998046875,8049.64013671875,7385.2998046875,,,,,,,,16502.80078125,6375.89990234375
2019-05-02,2917.52001953125,8036.77001953125,7351.2998046875,12345.419921875,5538.85986328125,,29944.1796875,,11724.75,95528.0,16410.900390625,6338.39990234375
2019-05-03,2945.639892578125,8164.0,7380.60009765625,12412.75,5548.83984375,,30081.55078125,,11712.25,96008.0,16494.400390625,6335.7998046875
2019-05-06,2932.469970703125,8123.2900390625,,12286.8798828125,5483.52001953125,,29209.8203125,2906.464111328125,11598.25,95009.0,16493.5,6283.7001953125
2019-05-07,2884.050048828125,7963.759765625,7260.5,12092.740234375,5395.75,21923.720703125,29363.01953125,2926.39111328125,11497.900390625,94389.0,16357.7998046875,6295.7001953125
2019-05-08,2879.419921875,7943.31982421875,7271.0,12179.9296875,5417.58984375,21602.58984375,29003.19921875,2893.757080078125,11359.4501953125,95597.0,16397.400390625,6269.10009765625
2019-05-09,2870.719970703125,7910.58984375,7207.39990234375,11973.919921875,5313.16015625,21402.130859375,28311.0703125,2850.9541015625,11301.7998046875,94808.0,16321.7998046875,6295.2998046875
2019-05-10,2881.39990234375,7916.93994140625,7203.2998046875,12059.830078125,5327.43994140625,21344.919921875,28550.240234375,2939.2109375,11278.900390625,94258.0,16297.599609375,6310.89990234375
2019-05-13,2811.8701171875,7647.02001953125,7163.7001953125,11876.650390625,5262.56982421875,21191.279296875,,2903.712890625,11148.2001953125,91727.0,16193.400390625,6297.60009765625
2019-05-14,2834.409912109375,7734.490234375,7241.60009765625,11991.6201171875,5341.35009765625,21067.23046875,28122.01953125,2883.611083984375,11222.0498046875,92092.0,16284.5,6239.89990234375
2019-05-15,2850.9599609375,7822.14990234375,7297.0,12099.5703125,5374.259765625,21188.560546875,28268.7109375,2938.677978515625,11157.0,91623.0,16318.099609375,6284.2001953125
2019-05-16,2876.320068359375,7898.0498046875,7353.5,12310.3701171875,5448.10986328125,21062.98046875,28275.0703125,2955.7109375,11257.099609375,90024.0,16443.900390625,6327.7998046875
2019-05-17,2859.530029296875,7816.27978515625,7348.60009765625,12238.9404296875,5438.22998046875,21250.08984375,27946.4609375,2882.2958984375,11407.150390625,89993.0,16401.80078125,6365.2998046875
2019-05-20,2840.22998046875,7702.3798828125,7310.89990234375,12041.2900390625,5358.58984375,21301.73046875,27787.609375,2870.60498046875,11828.25,91946.0,,6476.10009765625
2019-05-21,2864.360107421875,7785.72021484375,7328.89990234375,12143.4697265625,5385.4599609375,21272.44921875,27657.240234375,2905.968994140625,11709.099609375,94485.0,16426.5,6500.10009765625
2019-05-22,2856.27001953125,7750.83984375,7334.2001953125,12168.740234375,5378.97998046875,21283.369140625,27705.939453125,2891.705078125,11737.900390625,94361.0,16327.400390625,6510.7001953125
2019-05-23,2822.239990234375,7628.27978515625,7231.0,11952.41015625,5281.3701171875,21151.140625,27267.130859375,2852.514892578125,11657.0498046875,93910.0,16164.599609375,6491.7998046875
2019-05-24,2826.06005859375,7637.009765625,7277.7001953125,12011.0400390625,5316.509765625,21117.220703125,27353.9296875,2852.9951171875,11844.099609375,93628.0,16230.0,6456.0
2019-05-27,,,,12071.1796875,5336.18994140625,21182.580078125,27288.08984375,2892.3779296875,11924.75,94864.0,16346.7001953125,6451.89990234375
2019-05-28,2802.389892578125,7607.35009765625,7269.0,12027.0498046875,5312.68994140625,21260.140625,27390.810546875,2909.910888671875,11928.75,96393.0,16297.5,6484.7998046875
2019-05-29,2783.02001953125,7547.31005859375,7185.2998046875,11837.8095703125,5222.1201171875,21003.369140625,27235.7109375,2914.696044921875,11861.099609375,96567.0,16131.5,6440.0
2019-05-30,2788.860107421875,7567.72021484375,7218.2001953125,11902.080078125,5248.91015625,20942.529296875,27114.880859375,2905.804931640625,11945.900390625,97457.0,16089.2001953125,6392.10009765625
2019-05-31,2752.06005859375,7453.14990234375,7161.7001953125,11726.83984375,5207.6298828125,20601.189453125,26901.08984375,2898.696044921875,11922.7998046875,97030.0,16037.5,6396.89990234375
2019-06-03,2744.449951171875,7333.02001953125,7184.7998046875,11792.8095703125,5241.4599609375,20410.880859375,26893.859375,2890.0810546875,12088.5498046875,97020.0,16015.900390625,6320.5
2019-06-04,2803.27001953125,7527.1201171875,7214.2998046875,11971.169921875,5268.259765625,20408.5390625,26761.51953125,2862.280029296875,12021.650390625,97380.0,16166.2001953125,6332.39990234375
2019-06-05,2826.14990234375,7575.47998046875,7220.2001953125,11980.8095703125,5292.0,20776.099609375,26895.439453125,2861.41796875,,95999.0,16212.7001953125,6358.5
2019-06-06,2843.489990234375,7615.5498046875,7259.89990234375,11953.1396484375,5278.43017578125,20774.0390625,26965.279296875,2827.798095703125,11843.75,97205.0,16227.7998046875,6383.0
2019-06-07,2873.340087890625,7742.10009765625,7331.89990234375,12045.3798828125,5364.0498046875,20884.7109375,,,11870.650390625,97821.0,16231.0,6443.89990234375
2019-06-10,2886.72998046875,7823.169921875,7375.5,,5382.5,21134.419921875,27578.640625,2852.1298828125,11922.7001953125,97467.0,16216.2998046875,
2019-06-11,2885.719970703125,7822.56982421875,7398.5,12155.8095703125,5408.4501953125,21204.279296875,27789.33984375,2925.716064453125,11965.599609375,98960.0,16248.7998046875,6546.2998046875
2019-06-12,2879.840087890625,7792.72021484375,7367.60009765625,12115.6796875,5374.919921875,21129.720703125,27308.4609375,2909.3798828125,11906.2001953125,98321.0,16227.2001953125,6543.7001953125
2019-06-13,2891.639892578125,7837.1298828125,7368.60009765625,12169.0498046875,5375.6298828125,21032.0,27294.7109375,2910.740966796875,11914.0498046875,98774.0,16239.2998046875,6542.39990234375
2019-06-14,2886.97998046875,7796.66015625,7345.7998046875,12096.400390625,5367.6201171875,21116.890625,27118.349609375,2881.97412109375,11823.2998046875,98040.0,16301.900390625,6554.0
2019-06-17,2889.669921875,7845.02001953125,7357.2998046875,12085.8203125,5390.9501953125,21124.0,27227.16015625,2887.6220703125,11672.150390625,97623.0,16353.5,6530.89990234375
2019-06-18,2917.75,7953.8798828125,7443.0,12331.75,5509.72998046875,20972.7109375,27498.76953125,2890.157958984375,11691.5,99404.0,16503.400390625,6570.0
2019-06-19,2926.4599609375,7987.31982421875,7403.5,12308.5302734375,5518.4501953125,21333.869140625,28202.140625,2917.802978515625,11691.4501953125,100303.0,16511.80078125,6648.10009765625
2019-06-20,2954.179931640625,8051.33984375,7424.39990234375,12355.3896484375,5535.56982421875,21462.859375,28550.4296875,2987.118896484375,11831.75,,16574.80078125,6687.39990234375
2019-06-21,2950.4599609375,8031.7099609375,7407.5,12339.919921875,5528.330078125,21258.640625,28473.7109375,3001.97998046875,11724.099609375,102013.0,16525.400390625,6650.7998046875
2019-06-24,2945.35009765625,8005.7001953125,7416.7001953125,12274.5703125,5521.7099609375,21285.990234375,28513.0,3008.14794921875,11699.650390625,102062.0,16523.5,6665.39990234375
2019-06-25,2917.3798828125,7884.72021484375,7422.39990234375,12228.4404296875,5514.56982421875,21193.810546875,28185.98046875,2982.073974609375,11796.4501953125,100093.0,16371.2998046875,6658.0
2019-06-26,2913.780029296875,7909.97021484375,7416.39990234375,12245.3203125,5500.72021484375,21086.58984375,28221.98046875,2976.283935546875,11847.5498046875,100689.0,16312.2001953125,6640.5
2019-06-27,2924.919921875,7967.759765625,7402.2998046875,12271.0302734375,5493.60986328125,21338.169921875,28621.419921875,2996.79296875,11841.5498046875,100724.0,16307.7001953125,6666.2998046875
2019-06-28,2941.760009765625,8006.240234375,7425.60009765625,12398.7998046875,5538.97021484375,21275.919921875,28542.619140625,2978.8779296875,11788.849609375,100967.0,16382.2001953125,6618.7998046875
2019-07-01,2964.330078125,8091.16015625,7497.5,12521.3798828125,5567.91015625,21729.970703125,,3044.903076171875,11865.599609375,101340.0,,6648.10009765625
2019-07-02,2973.010009765625,8109.08984375,7559.2001953125,12526.7197265625,5576.81982421875,21754.26953125,28875.560546875,3043.943115234375,11910.2998046875,100605.0,16471.30078125,6653.2001953125
2019-07-03,2995.820068359375,8170.22998046875,7609.2998046875,12616.240234375,5618.81005859375,21638.16015625,28855.140625,3015.262939453125,11916.75,102043.0,16576.19921875,6685.5
2019-07-04,,,7603.60009765625,12629.900390625,5620.72998046875,21702.44921875,28795.76953125,3005.2490234375,11946.75,103636.0,16588.900390625,6718.0
2019-07-05,2990.409912109375,8161.7900390625,7553.10009765625,12568.5302734375,5593.72021484375,21746.380859375,28774.830078125,3011.05908203125,11811.150390625,104089.0,16542.0,6751.2998046875
2019-07-08,2975.949951171875,8098.3798828125,7549.2998046875,12543.509765625,5589.18994140625,21534.349609375,28331.689453125,2933.363037109375,11558.599609375,104530.0,16463.0,6672.2001953125
2019-07-09,2979.6298828125,8141.72998046875,7536.5,12436.5498046875,5572.10009765625,21565.150390625,28116.279296875,2928.22998046875,11555.900390625,,16545.19921875,6665.7001953125
2019-07-10,2993.070068359375,8202.5302734375,7530.7001953125,12373.41015625,5567.58984375,21533.48046875,28204.689453125,2915.302001953125,11498.900390625,105817.0,16563.30078125,6689.7998046875
2019-07-11,2999.909912109375,8196.0400390625,7509.7998046875,12332.1201171875,5551.9501953125,21643.529296875,28431.80078125,2917.760986328125,11582.900390625,105146.0,16527.900390625,6716.10009765625
2019-07-12,3013.77001953125,8244.1396484375,7506.0,12323.3203125,5572.85986328125,21685.900390625,28471.619140625,2930.550048828125,11552.5,103906.0,16488.099609375,6696.5
2019-07-15,3014.300048828125,8258.1904296875,7531.7001953125,12387.33984375,5578.2099609375,,28554.880859375,2942.18994140625,11588.349609375,103803.0,16510.80078125,6653.0
2019-07-16,3004.0400390625,8222.7998046875,7577.2001953125,12430.9697265625,5614.3798828125,21535.25,28619.619140625,2937.6201171875,11662.599609375,103775.0,16502.400390625,6641.0
2019-07-17,2984.419921875,8185.2099609375,7535.5,12341.0302734375,5571.7099609375,21469.1796875,28593.169921875,2931.68994140625,11687.5,103856.0,16484.19921875,6673.2998046875
2019-07-18,2995.110107421875,8207.240234375,7493.10009765625,12227.849609375,5550.5498046875,21046.240234375,28461.66015625,2901.179931640625,11596.900390625,104717.0,16494.19921875,6649.10009765625
2019-07-19,2976.610107421875,8146.490234375,7508.7001953125,12260.0703125,5552.33984375,21466.990234375,28765.400390625,2924.199951171875,11419.25,103452.0,16485.900390625,6700.2998046875
2019-07-22,2985.030029296875,8204.1396484375,7514.89990234375,12289.400390625,5567.02001953125,21416.7890625,28371.259765625,2886.97412109375,11346.2001953125,103949.0,16518.900390625,6691.2001953125
2019-07-23,3005.469970703125,8251.400390625,7556.89990234375,12490.740234375,5618.16015625,21620.880859375,28466.48046875,2899.93994140625,11331.0498046875,103704.0,16572.69921875,6724.60009765625
2019-07-24,3019.56005859375,8321.5,7501.5,12522.8896484375,5605.8701171875,21709.5703125,28524.0390625,2923.280029296875,11271.2998046875,104120.0,16611.80078125,6776.7001953125
2019-07-25,3003.669921875,8238.5400390625,7489.10009765625,12362.099609375,5578.0498046875,21756.55078125,28594.30078125,2937.360107421875,11252.150390625,102655.0,16488.19921875,6818.0
2019-07-26,3025.860107421875,8330.2099609375,7549.10009765625,12419.900390625,5610.0498046875,21658.150390625,28397.740234375,2944.5400390625,11284.2998046875,102819.0,16531.0,6793.39990234375
2019-07-29,3020.969970703125,8293.330078125,7686.60009765625,12417.4697265625,5601.10009765625,21616.80078125,28106.41015625,2941.010009765625,11189.2001953125,103483.0,16492.19921875,6825.7998046875
2019-07-30,3013.179931640625,8273.6103515625,7646.7998046875,12147.240234375,5511.06982421875,21709.310546875,28146.5,2952.340087890625,11085.400390625,102933.0,16466.099609375,6845.10009765625
2019-07-31,2980.3798828125,8175.419921875,7586.7998046875,12189.0400390625,5518.89990234375,21521.529296875,27777.75,2932.510009765625,11118.0,101812.0,16406.599609375,6812.60009765625
2019-08-01,2953.56005859375,8111.1201171875,7584.89990234375,12253.150390625,5557.41015625,21540.990234375,27565.69921875,2908.77001953125,10980.0,102126.0,16377.0,6788.89990234375
2019-08-02,2932.050048828125,8004.06982421875,7407.10009765625,11872.4404296875,5359.0,21087.16015625,26918.580078125,2867.840087890625,10997.349609375,102674.0,16271.7001953125,6768.60009765625
2019-08-05,2844.739990234375,7726.0400390625,7223.89990234375,11658.509765625,5241.5498046875,20720.2890625,26151.3203125,2821.5,10862.599609375,100098.0,,6640.2998046875
2019-08-06,2881.77001953125,7833.27001953125,7171.7001953125,11567.9599609375,5234.64990234375,20585.310546875,25976.240234375,2777.555908203125,10948.25,102164.0,16149.5,6478.10009765625
2019-08-07,2883.97998046875,7862.830078125,7198.7001953125,11650.150390625,5266.509765625,20516.560546875,25997.029296875,2768.679931640625,10855.5,102782.0,16265.2001953125,6519.5
2019-08-08,2938.090087890625,8039.16015625,7285.89990234375,11845.41015625,5387.9599609375,20593.349609375,26120.76953125,2794.552001953125,11032.4501953125,104115.0,16404.5,6568.10009765625
2019-08-09,2918.64990234375,7959.14013671875,7253.89990234375,11693.7998046875,5327.919921875,20684.8203125,25939.30078125,2774.75,11109.650390625,103996.0,16341.2998046875,6584.39990234375
2019-08-12,2882.699951171875,7863.41015625,7226.7001953125,11679.6796875,5310.31005859375,,25824.720703125,2814.989990234375,,101915.0,16237.7998046875,6590.2998046875
2019-08-13,2926.320068359375,8016.35986328125,7250.89990234375,11750.1298828125,5363.06982421875,20455.439453125,25281.30078125,2797.260009765625,10925.849609375,103299.0,16350.7998046875,6568.5
2019-08-14,2840.60009765625,7773.93994140625,7147.89990234375,11492.66015625,5251.2998046875,20655.130859375,25302.279296875,2808.909912109375,11029.400390625,100258.0,16045.900390625,6595.89990234375
2019-08-15,2847.60009765625,7766.6201171875,7067.0,11412.669921875,5236.93017578125,20405.650390625,25495.4609375,2815.800048828125,,99057.0,16012.5,6408.10009765625
2019-08-16,2888.679931640625,7895.990234375,7117.2001953125,11562.740234375,5300.7900390625,20418.810546875,25734.220703125,2823.820068359375,11047.7998046875,99806.0,16149.7998046875,6405.5
2019-08-19,2923.64990234375,8002.81005859375,7189.7001953125,11715.3701171875,5371.56005859375,20563.16015625,26291.83984375,2883.10009765625,11053.900390625,99469.0,16304.099609375,6467.39990234375
2019-08-20,2900.510009765625,7948.56005859375,7125.0,11651.1796875,5344.64013671875,20677.220703125,26231.5390625,2880.0,11017.0,99222.0,16213.2998046875,6545.0
2019-08-21,2924.429931640625,8020.2099609375,7204.0,11802.849609375,5435.47998046875,20618.5703125,26270.0390625,2880.330078125,10918.7001953125,101202.0,16309.2001953125,6483.2998046875
2019-08-22,2922.949951171875,7991.39013671875,7128.2001953125,11747.0400390625,5388.25,20628.009765625,26048.720703125,2883.43994140625,10741.349609375,100011.0,16253.5,6501.7998046875
2019-08-23,2847.110107421875,7751.77001953125,7095.0,11611.509765625,5326.8701171875,20710.91015625,26179.330078125,2897.429931640625,10829.349609375,97667.0,16037.599609375,6523.10009765625
2019-08-26,2878.3798828125,7853.740234375,,11658.0400390625,5351.02001953125,20261.0390625,25680.330078125,2863.570068359375,11057.849609375,96430.0,16098.7998046875,6440.10009765625
2019-08-27,2869.159912109375,7826.9501953125,7089.60009765625,11730.01953125,5387.08984375,20456.080078125,25664.0703125,2902.18994140625,11105.349609375,97276.0,16183.599609375,6471.2001953125
2019-08-28,2887.93994140625,7856.8798828125,7114.7001953125,11701.01953125,5368.7998046875,20479.419921875,25615.48046875,2893.760009765625,11046.099609375,98194.0,16271.7001953125,6500.60009765625
2019-08-29,2924.580078125,7973.39013671875,7184.2998046875,11838.8798828125,5449.97021484375,20460.9296875,25703.5,2890.919921875,10948.2998046875,100524.0,16384.5,6507.39990234375
2019-08-30,2926.4599609375,7962.8798828125,7207.2001953125,11939.2802734375,5480.47998046875,20704.369140625,25724.73046875,2886.239990234375,11023.25,101135.0,16442.099609375,6604.2001953125
2019-09-02,,,7281.89990234375,11953.7802734375,5493.0400390625,20620.189453125,25626.55078125,2924.10595703125,,100626.0,,6579.39990234375
2019-09-03,2906.27001953125,7874.16015625,7268.2001953125,11910.8603515625,5466.06982421875,20625.16015625,25527.849609375,2930.14990234375,10797.900390625,99681.0,16399.19921875,6573.39990234375
2019-09-04,2937.780029296875,7976.8798828125,7311.2998046875,12025.0400390625,5532.06982421875,20649.140625,26523.23046875,2957.409912109375,10844.650390625,101201.0,16448.80078125,6553.0
2019-09-05,2976.0,8116.830078125,7271.2001953125,12126.7802734375,5593.3701171875,21085.939453125,26515.529296875,2985.860107421875,10847.900390625,102243.0,16574.80078125,6613.2001953125
2019-09-06,2978.7099609375,8103.06982421875,7282.2998046875,12191.73046875,5603.990234375,21199.5703125,26690.759765625,2999.60009765625,10946.2001953125,102935.0,16535.30078125,6647.2998046875
2019-09-09,2978.429931640625,8087.43994140625,7235.7998046875,12226.099609375,5588.9501953125,21318.419921875,26681.400390625,3024.739990234375,11003.0498046875,103181.0,16495.099609375,6648.0
2019-09-10,2979.389892578125,8084.16015625,7268.0,12268.7099609375,5593.2099609375,21392.099609375,26683.6796875,3021.199951171875,,103032.0,16537.30078125,6614.10009765625
2019-09-11,3000.929931640625,8169.68017578125,7338.0,12359.0703125,5618.06005859375,21597.759765625,27159.060546875,3008.81005859375,11035.7001953125,103446.0,16611.099609375,6638.0
2019-09-12,3009.570068359375,8194.4697265625,7344.7001953125,12410.25,5642.85986328125,21759.609375,27087.630859375,3031.239990234375,10982.7998046875,104371.0,16643.30078125,6654.89990234375
2019-09-13,3007.389892578125,8176.7099609375,7367.5,12468.5302734375,5655.4599609375,21988.2890625,27352.689453125,,11075.900390625,103501.0,16682.400390625,6669.2001953125
2019-09-16,2997.9599609375,8153.5400390625,7321.39990234375,12380.3095703125,5602.22998046875,,27124.55078125,3030.75,11003.5,103680.0,16751.30078125,6673.5
2019-09-17,3005.699951171875,8186.02001953125,7320.39990234375,12372.6103515625,5615.509765625,22001.3203125,26790.240234375,2978.1201171875,10817.599609375,104617.0,16834.80078125,6695.2998046875
2019-09-18,3006.72998046875,8177.39013671875,7314.10009765625,12389.6201171875,5620.64990234375,21960.7109375,26754.119140625,2985.659912109375,10840.650390625,104532.0,16800.30078125,6681.60009765625
2019-09-19,3006.7900390625,8182.8798828125,7356.39990234375,12457.7001953125,5659.080078125,22044.44921875,26468.94921875,2999.280029296875,10704.7998046875,104339.0,16858.400390625,6717.5
2019-09-20,2992.070068359375,8117.669921875,7344.89990234375,12468.009765625,5690.77978515625,22079.08984375,26435.669921875,3006.449951171875,11274.2001953125,104817.0,16899.69921875,6730.7998046875
2019-09-23,2991.780029296875,8112.4599609375,7326.10009765625,12342.330078125,5630.759765625,,26222.400390625,2977.080078125,11600.2001953125,104638.0,16867.19921875,6749.7001953125
2019-09-24,2966.60009765625,7993.6298828125,7291.39990234375,12307.150390625,5628.330078125,22098.83984375,26281.0,2985.340087890625,11588.2001953125,103876.0,16798.30078125,6748.89990234375
2019-09-25,2984.8701171875,8077.3798828125,7290.0,12234.1796875,5583.7998046875,22020.150390625,25945.349609375,2955.429931640625,11440.2001953125,104481.0,16784.30078125,6710.2001953125
2019-09-26,2977.6201171875,8030.66015625,7351.10009765625,12288.5400390625,5620.56982421875,22048.240234375,26041.9296875,2929.090087890625,11571.2001953125,105319.0,16790.400390625,6677.60009765625
2019-09-27,2961.7900390625,7939.6298828125,7426.2001953125,12380.9404296875,5640.580078125,21878.900390625,25954.810546875,2932.169921875,11512.400390625,105078.0,16694.30078125,6716.10009765625
2019-09-30,2976.739990234375,7999.33984375,7408.2001953125,12428.080078125,5677.7900390625,21755.83984375,26092.26953125,2905.18994140625,11474.4501953125,104745.0,16658.599609375,6688.2998046875
2019-10-01,2940.25,7908.68017578125,7360.2998046875,12263.830078125,5597.6298828125,21885.240234375,,,11359.900390625,104053.0,16447.69921875,6742.7998046875
2019-10-02,2887.610107421875,7785.25,7122.5,11925.25,5422.77001953125,21778.609375,26042.689453125,,,101031.0,16311.0,6639.89990234375
2019-10-03,2910.6298828125,7872.259765625,7077.60009765625,,5438.77001953125,21341.740234375,26110.310546875,,11314.0,101516.0,16369.0,
2019-10-04,2952.010009765625,7982.47021484375,7155.39990234375,12012.8095703125,5488.31982421875,21410.19921875,25821.029296875,,11174.75,102551.0,16449.400390625,6517.10009765625
2019-10-07,2938.7900390625,7956.2900390625,7197.89990234375,12097.4296875,5521.60986328125,21375.25,,,11126.400390625,100573.0,16421.80078125,6563.60009765625
2019-10-08,2893.06005859375,7823.77978515625,7143.2001953125,11970.2001953125,5456.6201171875,21587.779296875,25893.400390625,2913.570068359375,,99981.0,16294.0,6593.39990234375
2019-10-09,2919.39990234375,7903.740234375,7166.5,12094.259765625,5499.14013671875,21456.380859375,25682.810546875,2924.860107421875,11313.2998046875,101249.0,16379.900390625,6546.7001953125
2019-10-10,2938.1298828125,7950.77978515625,7186.39990234375,12164.2001953125,5569.0498046875,21551.98046875,25707.9296875,2947.7099609375,11234.5498046875,101817.0,16422.69921875,6547.10009765625
2019-10-11,2970.27001953125,8057.0400390625,7247.10009765625,12511.650390625,5665.47998046875,21798.869140625,26308.439453125,2973.659912109375,11305.0498046875,103832.0,16415.19921875,6606.7998046875
2019-10-14,2966.14990234375,8048.64990234375,7213.5,12486.5595703125,5643.080078125,,26521.849609375,3007.8798828125,11341.150390625,104302.0,,6642.60009765625
2019-10-15,2995.679931640625,8148.7099609375,7211.60009765625,12629.7900390625,5702.0498046875,22207.2109375,26503.9296875,2991.050048828125,11428.2998046875,104490.0,16418.400390625,6652.0
2019-10-16,2989.68994140625,8124.18017578125,7168.0,12670.1103515625,5696.89990234375,22472.919921875,26664.279296875,2978.7099609375,11464.0,105423.0,16427.19921875,6736.5
2019-10-17,2997.949951171875,8156.85009765625,7182.2998046875,12654.9501953125,5673.06982421875,22451.859375,26848.490234375,2977.330078125,11586.349609375,105016.0,16426.30078125,6684.7001953125
2019-10-18,2986.199951171875,8089.5400390625,7150.60009765625,12633.599609375,5636.25,22492.6796875,26719.580078125,2938.139892578125,11661.849609375,104729.0,16377.099609375,6649.7001953125
2019-10-21,3006.719970703125,8162.990234375,7163.60009765625,12747.9599609375,5648.35009765625,22548.900390625,26725.6796875,2939.6201171875,,106022.0,16418.5,6652.5
2019-10-22,2995.989990234375,8104.2998046875,7212.5,12754.6904296875,5657.68994140625,,26786.19921875,2954.3798828125,11588.349609375,107381.0,16391.5,6672.2001953125
2019-10-23,3004.52001953125,8119.7900390625,7260.7001953125,12798.1904296875,5653.43994140625,22625.380859375,26566.73046875,2941.6201171875,11604.099609375,107544.0,16335.900390625,6673.10009765625
2019-10-24,3010.2900390625,8185.7998046875,7328.2998046875,12872.099609375,5684.330078125,22750.599609375,26797.94921875,2940.919921875,11582.599609375,106986.0,16369.2998046875,6693.60009765625
2019-10-25,3022.550048828125,8243.1201171875,7324.5,12894.509765625,5722.14990234375,22799.810546875,26667.390625,2954.929931640625,11583.900390625,107364.0,16404.5,6739.2001953125
2019-10-28,3039.419921875,8325.990234375,7331.2998046875,12941.7099609375,5730.56982421875,22867.26953125,26891.259765625,2980.050048828125,,108187.0,16387.5,6740.7001953125
2019-10-29,3036.889892578125,8276.849609375,7306.2998046875,12939.6201171875,5740.14013671875,22974.130859375,26786.759765625,2954.179931640625,11786.849609375,107556.0,16418.099609375,6745.39990234375
2019-10-30,3046.77001953125,8303.98046875,7330.7998046875,12910.23046875,5765.8701171875,22843.119140625,26667.7109375,2939.320068359375,11844.099609375,108408.0,16501.400390625,6689.5
2019-10-31,3037.56005859375,8292.3603515625,7248.39990234375,12866.7900390625,5729.85986328125,22927.0390625,26906.720703125,2929.06005859375,11877.4501953125,107220.0,16483.19921875,6663.39990234375
2019-11-01,3066.909912109375,8386.400390625,7302.39990234375,12961.0498046875,5761.89013671875,22850.76953125,27100.759765625,2958.199951171875,11890.599609375,108196.0,16594.099609375,6669.10009765625
2019-11-04,3078.27001953125,8433.2001953125,7369.7001953125,13136.2802734375,5824.2998046875,,27547.30078125,2975.489990234375,11941.2998046875,108601.0,16669.80078125,6686.89990234375
2019-11-05,3074.6201171875,8434.6796875,7388.10009765625,13148.5,5846.89013671875,23251.990234375,27683.400390625,2991.56005859375,11917.2001953125,108451.0,16681.900390625,6697.10009765625
2019-11-06,3076.780029296875,8410.6298828125,7396.7001953125,13179.8896484375,5866.740234375,23303.8203125,27688.640625,2978.60009765625,11966.0498046875,108336.0,16745.599609375,6660.2001953125
2019-11-07,3085.179931640625,8434.51953125,7406.39990234375,13289.4599609375,5890.990234375,23330.3203125,27847.23046875,2978.7099609375,12012.0498046875,109581.0,16805.80078125,6726.60009765625
2019-11-08,3093.080078125,8475.3095703125,7359.39990234375,13228.5595703125,5889.7001953125,23391.869140625,27651.140625,2964.179931640625,11908.150390625,107629.0,16877.400390625,6724.10009765625
2019-11-11,3087.010009765625,8464.2802734375,7328.5,13198.3701171875,5893.81982421875,23331.83984375,26926.55078125,2909.969970703125,11913.4501953125,108215.0,16882.80078125,6772.5
2019-11-12,3091.840087890625,8486.08984375,7365.39990234375,13283.509765625,5919.75,23520.009765625,27065.279296875,2914.820068359375,,106785.0,16909.400390625,6753.0
2019-11-13,3094.0400390625,8482.099609375,7351.2001953125,13230.0703125,5907.08984375,23319.869140625,26571.4609375,2905.239990234375,11840.4501953125,105914.0,16958.0,6698.39990234375
2019-11-14,3096.6298828125,8479.01953125,7292.7998046875,13180.23046875,5901.080078125,23141.55078125,26323.689453125,2909.8701171875,11872.099609375,106557.0,16972.19921875,6735.10009765625
2019-11-15,3120.4599609375,8540.830078125,7302.89990234375,13241.75,5939.27001953125,23303.3203125,26326.66015625,2891.340087890625,11895.4501953125,,17028.5,6793.7001953125
2019-11-18,3122.030029296875,8549.9404296875,7307.7001953125,13207.009765625,5929.7900390625,23416.759765625,26681.08984375,2909.199951171875,11884.5,106347.0,17025.099609375,6766.7998046875
2019-11-19,3120.179931640625,8570.66015625,7323.7998046875,13221.1201171875,5909.0498046875,23292.650390625,27093.80078125,2933.989990234375,11940.099609375,105618.0,17011.400390625,6814.2001953125
2019-11-20,3108.4599609375,8526.73046875,7262.5,13158.1396484375,5894.02978515625,23148.5703125,26889.609375,2911.050048828125,11999.099609375,,17005.80078125,6722.39990234375
2019-11-21,3103.5400390625,8506.2099609375,7238.60009765625,13137.7001953125,5881.2099609375,23038.580078125,26466.880859375,2903.639892578125,11968.400390625,107497.0,16999.19921875,6672.89990234375
2019-11-22,3110.2900390625,8519.8798828125,7326.7998046875,13163.8798828125,5893.1298828125,23112.880859375,26595.080078125,2885.2900390625,11914.400390625,108692.0,16954.80078125,6709.7998046875
2019-11-25,3133.639892578125,8632.490234375,7396.2998046875,13246.4501953125,5924.85986328125,23292.810546875,26993.0390625,2906.169921875,12073.75,108424.0,17032.900390625,6731.39990234375
2019-11-26,3140.52001953125,8647.9296875,7403.10009765625,13236.419921875,5929.6201171875,23373.3203125,26913.919921875,2907.06005859375,12037.7001953125,107059.0,17035.900390625,6787.5
2019-11-27,3153.6298828125,8705.1796875,7429.7998046875,13287.0703125,5926.83984375,23437.76953125,26954.0,2903.18994140625,12100.7001953125,107708.0,17100.599609375,6850.60009765625
2019-11-28,,,7416.39990234375,13245.580078125,5912.72021484375,23409.140625,26893.73046875,2889.693115234375,12151.150390625,108290.0,17114.5,6864.0
2019-11-29,3140.97998046875,8665.4697265625,7346.5,13236.3798828125,5905.169921875,23293.91015625,26346.490234375,2871.97998046875,12056.0498046875,108233.0,17040.19921875,6846.0
2019-12-02,3113.8701171875,8567.990234375,7285.89990234375,12964.6796875,5786.740234375,23529.5,26444.720703125,2875.81005859375,12048.2001953125,109061.0,16981.5,6862.2998046875
2019-12-03,3093.199951171875,8520.6396484375,7158.7998046875,12989.2900390625,5727.22021484375,23379.810546875,26391.30078125,2884.699951171875,11994.2001953125,108956.0,16892.19921875,6712.2998046875
2019-12-04,3112.760009765625,8566.669921875,7188.5,13140.5703125,5799.68017578125,23135.23046875,26062.560546875,2878.115966796875,12043.2001953125,110301.0,16897.30078125,6606.5
2019-12-05,3117.429931640625,8570.7001953125,7137.89990234375,13054.7998046875,5801.5498046875,23300.08984375,26217.0390625,2899.468994140625,12018.400390625,110622.0,16854.900390625,6683.0
2019-12-06,3145.909912109375,8656.5302734375,7239.7001953125,13166.580078125,5871.91015625,23354.400390625,26498.369140625,2912.013916015625,11921.5,111126.0,16997.0,6707.0
2019-12-09,3135.9599609375,8621.830078125,7233.89990234375,13105.6103515625,5837.25,23430.69921875,26494.73046875,2914.47802734375,11937.5,110977.0,16950.900390625,6730.0
2019-12-10,3132.52001953125,8616.1796875,7213.7998046875,13070.7197265625,5848.02978515625,23410.189453125,26436.619140625,2917.31591796875,11856.7998046875,110672.0,16950.69921875,6706.89990234375
2019-12-11,3141.6298828125,8654.0498046875,7216.2998046875,13146.740234375,5860.8798828125,23391.859375,26645.4296875,2924.4169921875,11910.150390625,110964.0,16939.599609375,6752.60009765625
2019-12-12,3168.570068359375,8717.3203125,7273.5,13221.6396484375,5884.259765625,23424.810546875,26994.140625,2915.697998046875,11971.7998046875,112200.0,16946.900390625,6708.7998046875
2019-12-13,3168.800048828125,8734.8798828125,7353.39990234375,13282.7197265625,5919.02001953125,24023.099609375,27687.759765625,2967.676025390625,12086.7001953125,112565.0,17003.099609375,6739.7001953125
2019-12-16,3191.449951171875,8814.23046875,7519.10009765625,13407.66015625,5991.66015625,23952.349609375,27508.08984375,2984.39306640625,12053.9501953125,111896.0,17056.400390625,6849.7001953125
2019-12-17,3192.52001953125,8823.3603515625,7525.2998046875,13287.830078125,5968.259765625,24066.119140625,27843.7109375,3022.422119140625,12165.0,112616.0,17075.19921875,6847.2998046875
2019-12-18,3191.139892578125,8827.740234375,7540.7998046875,13222.16015625,5959.60009765625,23934.4296875,27884.2109375,3017.0439453125,12221.650390625,114315.0,17032.0,6851.39990234375
2019-12-19,3205.3701171875,8887.2197265625,7573.7998046875,13211.9599609375,5972.27978515625,23864.849609375,27800.490234375,3017.06591796875,12259.7001953125,115131.0,17064.0,6833.10009765625
2019-12-20,3221.219970703125,8924.9599609375,7582.5,13318.900390625,6021.52978515625,23816.630859375,27871.349609375,3004.93798828125,12271.7998046875,115121.0,17118.400390625,6816.2998046875
2019-12-23,3224.010009765625,8945.650390625,7623.60009765625,13300.98046875,6029.3701171875,23821.109375,27906.41015625,2962.7509765625,12262.75,115863.0,17128.69921875,6785.10009765625
2019-12-24,3223.3798828125,8952.8798828125,7632.2001953125,,6029.5498046875,23830.580078125,27864.2109375,2982.680908203125,12214.5498046875,,17180.19921875,6794.2001953125
2019-12-25,,,,,,23782.869140625,,2981.881103515625,,,,
2019-12-26,3239.909912109375,9022.3896484375,,,,23924.919921875,,3007.35498046875,12126.5498046875,117203.0,,
2019-12-27,3240.02001953125,9006.6201171875,7644.89990234375,13337.1103515625,6037.39013671875,23837.720703125,28225.419921875,3005.035888671875,12245.7998046875,116534.0,17168.19921875,6821.7001953125
2019-12-30,3221.2900390625,8945.990234375,7587.10009765625,13249.009765625,5982.22021484375,23656.619140625,28319.390625,3040.02392578125,12255.849609375,115964.0,17098.599609375,6804.89990234375
2019-12-31,3230.780029296875,8972.599609375,7542.39990234375,,5978.06005859375,,28189.75,3050.1240234375,12168.4501953125,,17063.400390625,6684.10009765625
2020-01-01,,,,,,,,,12182.5,,,
2020-01-02,3257.85009765625,9092.1904296875,7604.2998046875,13385.9296875,6041.5,,28543.51953125,3085.197998046875,12282.2001953125,118573.0,17100.0,6690.60009765625
2020-01-03,3234.85009765625,9020.76953125,7622.39990234375,13219.1396484375,6044.16015625,,28451.5,3083.785888671875,12226.650390625,117707.0,17066.099609375,6733.5
2020-01-06,3246.280029296875,9071.4697265625,7575.2998046875,13126.990234375,6013.58984375,23204.859375,28226.189453125,3083.407958984375,11993.0498046875,116878.0,17105.5,6735.7001953125
2020-01-07,3237.179931640625,9068.580078125,7573.89990234375,13226.830078125,6012.35009765625,23575.720703125,28322.060546875,3104.802001953125,12052.9501953125,116662.0,17168.099609375,6826.39990234375
2020-01-08,3253.050048828125,9129.240234375,7574.89990234375,13320.1796875,6031.0,23204.759765625,28087.919921875,3066.89306640625,12025.349609375,116247.0,17167.80078125,6817.60009765625
2020-01-09,3274.699951171875,9203.4296875,7598.10009765625,13495.0595703125,6042.5498046875,23739.869140625,28561.0,3094.882080078125,12215.900390625,115947.0,17235.599609375,6874.2001953125
2020-01-10,3265.35009765625,9178.8603515625,7587.89990234375,13483.3095703125,6037.10986328125,23850.5703125,28638.19921875,3092.291015625,12256.7998046875,115503.0,17234.5,6929.0
2020-01-13,3288.1298828125,9273.9296875,7617.60009765625,13451.51953125,6036.14013671875,,28954.939453125,3115.570068359375,12329.5498046875,117325.0,17293.400390625,6903.7001953125
2020-01-14,3283.14990234375,9251.330078125,7622.39990234375,13456.490234375,6040.89013671875,24025.169921875,28885.140625,3106.820068359375,12362.2998046875,117632.0,17352.900390625,6962.2001953125
2020-01-15,3289.2900390625,9258.7001953125,7642.7998046875,13432.2998046875,6032.60986328125,23916.580078125,28773.58984375,3090.0400390625,12343.2998046875,116414.0,17415.19921875,6994.7998046875
2020-01-16,3316.81005859375,9357.1298828125,7609.7998046875,13429.4296875,6039.02978515625,23933.130859375,28883.0390625,3074.0810546875,12355.5,116704.0,17484.80078125,7041.7998046875
2020-01-17,3329.6201171875,9388.9404296875,7674.60009765625,13526.1298828125,6100.72021484375,24041.259765625,29056.419921875,3075.49609375,12352.349609375,118478.0,17559.0,7064.10009765625
2020-01-20,,,7651.39990234375,13548.9404296875,6078.5400390625,24083.509765625,28795.91015625,3095.787109375,12224.5498046875,118862.0,17597.400390625,7079.5
2020-01-21,3320.7900390625,9370.8095703125,7610.7001953125,13555.8701171875,6045.990234375,23864.560546875,27985.330078125,3052.139892578125,12169.849609375,117026.0,17572.30078125,7066.2998046875
2020-01-22,3321.75,9383.76953125,7571.89990234375,13515.75,6010.97998046875,24031.349609375,28341.0390625,3060.7548828125,12106.900390625,118391.0,17599.900390625,7132.7001953125
2020-01-23,3325.5400390625,9402.48046875,7507.7001953125,13388.419921875,5971.7900390625,23795.439453125,27909.119140625,2976.528076171875,12180.349609375,119528.0,17621.80078125,7088.0
2020-01-24,3295.469970703125,9314.91015625,7586.0,13576.6796875,6024.259765625,23827.1796875,27949.640625,,12248.25,118376.0,17565.30078125,7090.5
2020-01-27,3243.6298828125,9139.3095703125,7412.10009765625,13204.76953125,5863.02001953125,23343.509765625,,,12119.0,114482.0,17442.5,
2020-01-28,3276.239990234375,9269.6796875,7480.7001953125,13323.6904296875,5925.81982421875,23215.7109375,,,12055.7998046875,116479.0,17500.900390625,7023.5
2020-01-29,3273.39990234375,9275.16015625,7483.60009765625,13345.0,5954.89013671875,23379.400390625,27160.630859375,,12129.5,115385.0,17511.80078125,7031.5
2020-01-30,3283.659912109375,9298.9296875,7382.0,13157.1201171875,5871.77001953125,22977.75,26449.130859375,,12035.7998046875,115528.0,17490.599609375,7008.39990234375
2020-01-31,3225.52001953125,9150.9404296875,7286.0,12981.9697265625,5806.33984375,23205.1796875,26312.630859375,,11962.099609375,113761.0,17318.5,7017.2001953125
2020-02-03,3248.919921875,9273.400390625,7326.2998046875,13045.1904296875,5832.509765625,22971.939453125,26356.98046875,2746.60595703125,11707.900390625,114629.0,17379.80078125,6923.2998046875
2020-02-04,3297.590087890625,9467.9697265625,7439.7998046875,13281.740234375,5935.0498046875,23084.58984375,26675.98046875,2783.2880859375,11979.650390625,115557.0,17512.69921875,6948.7001953125
2020-02-05,3334.68994140625,9508.6796875,7482.5,13478.330078125,5985.39990234375,23319.560546875,26786.740234375,2818.087890625,12089.150390625,116028.0,17651.599609375,6976.10009765625
2020-02-06,3345.780029296875,9572.150390625,7504.7998046875,13574.8203125,6038.18017578125,23873.58984375,27493.69921875,2866.510009765625,12137.9501953125,115190.0,17757.5,7049.2001953125
2020-02-07,3327.7099609375,9520.509765625,7466.7001953125,13513.8095703125,6029.75,23827.98046875,27404.26953125,2875.9599609375,12098.349609375,113770.0,17655.5,7022.60009765625
2020-02-10,3352.090087890625,9628.3896484375,7446.89990234375,13494.0302734375,6015.669921875,23685.98046875,27241.33984375,2890.488037109375,12031.5,112570.0,17740.599609375,7012.5
2020-02-11,3357.75,9638.9404296875,7499.39990234375,13627.83984375,6054.759765625,,27583.880859375,2901.669921875,12107.900390625,115371.0,17777.099609375,7055.2998046875
2020-02-12,3379.449951171875,9725.9599609375,7534.39990234375,13749.7802734375,6104.72998046875,23861.2109375,27823.66015625,2926.89892578125,12201.2001953125,116674.0,17832.900390625,7088.2001953125
2020-02-13,3373.93994140625,9711.9697265625,7452.0,13745.4296875,6093.14013671875,23827.73046875,27730.0,2906.073974609375,12174.650390625,115662.0,17821.19921875,7103.2001953125
2020-02-14,3380.159912109375,9731.1796875,7409.10009765625,13744.2099609375,6069.35009765625,23687.58984375,27815.599609375,2917.008056640625,12113.4501953125,114381.0,17848.400390625,7130.2001953125
2020-02-17,,,7433.2998046875,13783.8896484375,6085.9501953125,23523.240234375,27959.599609375,2983.6220703125,12045.7998046875,115309.0,,7125.10009765625
2020-02-18,3370.2900390625,9732.740234375,7382.0,13681.1904296875,6056.81982421875,23193.80078125,27530.19921875,2984.971923828125,11992.5,114977.0,17858.30078125,7113.7001953125
2020-02-19,3386.14990234375,9817.1796875,7457.0,13789.0,6111.240234375,23400.69921875,27655.810546875,2975.402099609375,12125.900390625,116518.0,17925.400390625,7144.60009765625
2020-02-20,3373.22998046875,9750.9697265625,7436.60009765625,13664.0,6062.2998046875,23479.150390625,27609.16015625,3030.154052734375,12080.849609375,114586.0,17944.099609375,7162.5
2020-02-21,3337.75,9576.58984375,7403.89990234375,13579.330078125,6029.72021484375,23386.740234375,27308.810546875,3039.6689453125,,113681.0,17843.5,7139.0
2020-02-24,3225.889892578125,9221.2802734375,7156.7998046875,13035.240234375,5791.8701171875,,26820.880859375,3031.23291015625,11829.400390625,,17562.69921875,6978.2998046875
2020-02-25,3128.2099609375,8965.6103515625,7017.89990234375,12790.490234375,5679.68017578125,22605.41015625,26893.23046875,3013.050048828125,11797.900390625,,17177.400390625,6866.60009765625
2020-02-26,3116.389892578125,8980.7802734375,7042.5,12774.8798828125,5684.5498046875,22426.189453125,26696.490234375,2987.928955078125,11678.5,105718.0,17041.900390625,6708.10009765625
2020-02-27,2978.760009765625,8566.48046875,6796.39990234375,12367.4599609375,5495.60009765625,21948.23046875,26778.619140625,2991.330078125,11633.2998046875,102984.0,16717.400390625,6657.89990234375
2020-02-28,2954.219970703125,8567.3701171875,6580.60009765625,11890.349609375,5309.89990234375,21142.9609375,26129.9296875,2880.303955078125,11201.75,104172.0,16263.099609375,6441.2001953125
2020-03-02,3090.22998046875,8952.169921875,6654.89990234375,11857.8701171875,5333.52001953125,21344.080078125,26291.6796875,2970.930908203125,11132.75,106625.0,16553.30078125,6391.5
2020-03-03,3003.3701171875,8684.08984375,6718.2001953125,11985.3896484375,5393.169921875,21082.73046875,26284.8203125,2992.89697265625,11303.2998046875,105537.0,16423.599609375,6435.7001953125
2020-03-04,3130.1201171875,9018.08984375,6815.60009765625,12127.6904296875,5464.89013671875,21100.060546875,26222.0703125,3011.666015625,11251.0,107224.0,16779.5,6325.39990234375
2020-03-05,3023.93994140625,8738.58984375,6705.39990234375,11944.7197265625,5361.10009765625,21329.119140625,26767.869140625,3071.677001953125,11269.0,102233.0,16554.0,6395.7001953125
2020-03-06,2972.3701171875,8575.6201171875,6462.60009765625,11541.8701171875,5139.10986328125,20749.75,26146.669921875,3034.510986328125,10989.4501953125,97997.0,16175.0,6216.2001953125
2020-03-09,2746.56005859375,7950.68017578125,5965.7998046875,10625.01953125,4707.91015625,19698.759765625,25040.4609375,2943.291015625,10451.4501953125,86067.0,14514.2001953125,5760.60009765625
2020-03-10,2882.22998046875,8344.25,5960.2001953125,10475.490234375,4636.60986328125,19867.119140625,25392.509765625,2996.761962890625,,92214.0,14958.099609375,5939.60009765625
2020-03-11,2741.3798828125,7952.0498046875,5876.5,10438.6796875,4610.25,19416.060546875,25231.609375,2968.51708984375,10458.400390625,85171.0,14270.099609375,5725.89990234375
2020-03-12,2480.639892578125,7201.7998046875,5237.5,9161.1298828125,4044.260009765625,18559.630859375,24309.0703125,2923.486083984375,9590.150390625,72583.0,12508.5,5304.60009765625
2020-03-13,2711.02001953125,7874.8798828125,5366.10009765625,9232.080078125,4118.35986328125,17431.05078125,24032.91015625,2887.427001953125,9955.2001953125,82678.0,13716.2998046875,5539.2998046875
2020-03-16,2386.1298828125,6904.58984375,5151.10009765625,8742.25,3881.4599609375,17002.0390625,23063.5703125,2789.25390625,9197.400390625,71168.0,12360.400390625,5002.0
2020-03-17,2529.18994140625,7334.77978515625,5294.89990234375,8939.099609375,3991.780029296875,17011.529296875,23263.73046875,2779.64111328125,8967.0498046875,74617.0,12685.2001953125,5293.39990234375
2020-03-18,2398.10009765625,6989.83984375,5080.60009765625,8441.7099609375,3754.840087890625,16726.55078125,22291.8203125,2728.756103515625,8468.7998046875,66895.0,11721.400390625,4953.2001953125
2020-03-19,2409.389892578125,7150.580078125,5151.60009765625,8610.4296875,3855.5,16552.830078125,21709.130859375,2702.1298828125,8263.4501953125,68332.0,12170.5,4782.89990234375
2020-03-20,2304.919921875,6879.52001953125,5190.7998046875,8928.9501953125,4048.800048828125,,22805.0703125,2745.617919921875,8745.4501953125,67069.0,11851.7998046875,4816.60009765625
2020-03-23,2237.39990234375,6860.669921875,4993.89990234375,8741.150390625,3914.31005859375,16887.779296875,21696.130859375,2660.169921875,7610.25,63570.0,11228.5,4546.0
2020-03-24,2447.330078125,7417.85986328125,5446.0,9700.5703125,4242.7001953125,18092.349609375,22663.490234375,2722.43798828125,7801.0498046875,69729.0,12571.099609375,4735.7001953125
2020-03-25,2475.56005859375,7384.2998046875,5688.2001953125,9874.259765625,4432.2998046875,19546.630859375,23527.189453125,2781.591064453125,8317.849609375,74956.0,13139.2001953125,4998.10009765625
2020-03-26,2630.070068359375,7797.5400390625,5815.7001953125,10000.9599609375,4543.580078125,18664.599609375,23352.33984375,2764.910888671875,8641.4501953125,77710.0,13371.2001953125,5113.2998046875
2020-03-27,2541.469970703125,7502.3798828125,5510.2998046875,9632.51953125,4351.490234375,19389.4296875,23484.279296875,2772.202880859375,8660.25,73429.0,12687.7001953125,4842.39990234375
2020-03-30,2626.64990234375,7774.14990234375,5563.7001953125,9815.9697265625,4378.509765625,19084.970703125,23175.109375,2747.214111328125,8281.099609375,74640.0,13038.5,5181.39990234375
2020-03-31,2584.590087890625,7700.10009765625,5672.0,9935.83984375,4396.1201171875,18917.009765625,23603.48046875,2750.2958984375,8597.75,73020.0,13378.7998046875,5076.7998046875
2020-04-01,2470.5,7360.580078125,5454.60009765625,9544.75,4207.240234375,18065.41015625,23085.7890625,2734.52197265625,8253.7998046875,70967.0,12876.400390625,5258.60009765625
2020-04-02,2526.89990234375,7487.31005859375,5480.2001953125,9570.8203125,4220.9599609375,17818.720703125,23280.060546875,2780.637939453125,,72253.0,13097.7998046875,5154.2998046875
2020-04-03,2488.64990234375,7373.080078125,5415.5,9525.76953125,4154.580078125,17820.189453125,23236.109375,2763.987060546875,8083.7998046875,69538.0,12938.2998046875,5067.5
2020-04-06,2663.679931640625,7913.240234375,5582.39990234375,10075.169921875,4346.14013671875,18576.30078125,23749.119140625,,,74073.0,13592.7001953125,5286.7998046875
2020-04-07,2659.409912109375,7887.259765625,5704.5,10356.7001953125,4438.27001953125,18950.1796875,24253.2890625,2820.762939453125,8792.2001953125,76358.0,13614.099609375,5252.2998046875
2020-04-08,2749.97998046875,8090.89990234375,5677.7001953125,10332.8896484375,4442.75,19353.240234375,23970.369140625,2815.368896484375,8748.75,78625.0,13925.7001953125,5206.89990234375
2020-04-09,2789.820068359375,8153.580078125,5842.7001953125,10564.740234375,4506.85009765625,19345.76953125,24300.330078125,2825.904052734375,9111.900390625,77682.0,14166.599609375,5387.2998046875
2020-04-10,,,,,,19498.5,,2796.631103515625,,,,
2020-04-13,2761.6298828125,8192.419921875,,,,19043.400390625,,2783.048095703125,8993.849609375,78836.0,14075.900390625,
2020-04-14,2846.06005859375,8515.740234375,5791.2998046875,10696.5595703125,4523.91015625,19638.810546875,24435.400390625,2827.282958984375,,79918.0,14258.400390625,5488.10009765625
2020-04-15,2783.360107421875,8393.1796875,5597.7001953125,10279.759765625,4353.72021484375,19550.08984375,24145.33984375,2811.174072265625,8925.2998046875,78831.0,13958.599609375,5466.7001953125
2020-04-16,2799.550048828125,8532.3603515625,5628.39990234375,10301.5400390625,4350.16015625,19290.19921875,24006.44921875,2819.93505859375,8992.7998046875,77812.0,13899.2998046875,5416.2998046875
2020-04-17,2874.56005859375,8650.1396484375,5787.0,10625.7802734375,4499.009765625,19897.259765625,24380.0,2838.4951171875,9266.75,78990.0,14359.900390625,5487.5
2020-04-20,2823.159912109375,8560.73046875,5812.7998046875,10675.900390625,4528.2998046875,19669.119140625,24330.01953125,2852.552978515625,9261.849609375,78973.0,14388.2998046875,5353.0
2020-04-21,2736.56005859375,8263.23046875,5641.0,10249.849609375,4357.4599609375,19280.779296875,23793.55078125,2827.012939453125,8981.4501953125,,13940.099609375,5221.2998046875
2020-04-22,2799.31005859375,8495.3798828125,5770.60009765625,10415.0302734375,4411.7998046875,19137.94921875,23893.359375,2843.97998046875,9187.2998046875,80687.0,14288.2001953125,5221.2001953125
2020-04-23,2797.800048828125,8494.75,5826.60009765625,10513.7900390625,4451.0,19429.439453125,23977.3203125,2838.4990234375,9313.900390625,79673.0,14251.099609375,5217.10009765625
2020-04-24,2836.739990234375,8634.51953125,5752.2001953125,10336.08984375,4393.31982421875,19262.0,23831.330078125,2808.529052734375,9154.400390625,75331.0,14420.400390625,5242.60009765625
2020-04-27,2878.47998046875,8730.16015625,5846.7998046875,10659.990234375,4505.259765625,19783.220703125,24280.140625,2815.4951171875,9282.2998046875,78239.0,14642.099609375,5321.39990234375
2020-04-28,2863.389892578125,8607.73046875,5958.5,10795.6298828125,4569.7900390625,19771.189453125,24575.9609375,2810.02392578125,9380.900390625,81312.0,14798.2998046875,5313.10009765625
2020-04-29,2939.510009765625,8914.7099609375,6115.2998046875,11107.740234375,4671.10986328125,,24643.58984375,2822.44189453125,9553.349609375,83171.0,15228.099609375,5393.39990234375
2020-04-30,2912.429931640625,8889.5498046875,5901.2001953125,10861.6396484375,4572.18017578125,20193.689453125,,2860.08203125,9859.900390625,80506.0,14780.7001953125,5522.39990234375
2020-05-01,2830.7099609375,8604.9501953125,5763.10009765625,,,19619.349609375,,,,,14620.2998046875,5245.89990234375
2020-05-04,2842.739990234375,8710.7099609375,5753.7998046875,10466.7998046875,4378.22998046875,,23613.80078125,,9293.5,78876.0,14745.0,5319.7998046875
2020-05-05,2868.43994140625,8809.1201171875,5849.39990234375,10729.4599609375,4483.1298828125,,23868.66015625,,9205.599609375,79471.0,14811.599609375,5407.10009765625
2020-05-06,2848.419921875,8854.3896484375,5853.7998046875,10606.2001953125,4433.3798828125,,24137.48046875,2878.139892578125,9270.900390625,79064.0,14830.7001953125,5384.60009765625
2020-05-07,2881.18994140625,8979.66015625,5936.0,10759.26953125,4501.43994140625,19674.76953125,23980.630859375,2871.52294921875,9199.0498046875,78119.0,14833.7001953125,5364.2001953125
2020-05-08,2929.800048828125,9121.3203125,,10904.48046875,4549.64013671875,20179.08984375,24230.169921875,2895.340087890625,9251.5,80263.0,14966.599609375,5391.10009765625
2020-05-11,2930.18994140625,9192.33984375,5939.7001953125,10824.990234375,4490.22021484375,20390.66015625,24602.060546875,2894.800048828125,9239.2001953125,79065.0,15103.2001953125,5461.2001953125
2020-05-12,2870.1201171875,9002.5498046875,5994.7998046875,10819.5,4472.5,20366.48046875,24245.6796875,2891.555908203125,9196.5498046875,77872.0,14881.2001953125,5403.0
2020-05-13,2820.0,8863.169921875,5904.10009765625,10542.66015625,4344.9501953125,20267.05078125,24180.30078125,2898.050048828125,9383.5498046875,77772.0,14503.2001953125,5421.89990234375
2020-05-14,2852.5,8943.7197265625,5741.5,10337.01953125,4273.1298828125,19914.779296875,23829.740234375,2870.342041015625,9142.75,79011.0,14509.7001953125,5328.7001953125
2020-05-15,2863.699951171875,9014.5595703125,5799.7998046875,10465.169921875,4277.6298828125,20037.470703125,23797.470703125,2868.458984375,9136.849609375,77557.0,14638.900390625,5404.7998046875
2020-05-18,2953.909912109375,9234.830078125,6048.60009765625,11058.8701171875,4498.33984375,20133.73046875,23934.76953125,2875.41796875,8823.25,81194.0,,5460.5
2020-05-19,2922.93994140625,9185.099609375,6002.2001953125,11075.2900390625,4458.16015625,20433.44921875,24388.130859375,2898.575927734375,8879.099609375,80742.0,14885.5,5559.5
2020-05-20,2971.610107421875,9375.7802734375,6067.2001953125,11223.7099609375,4496.97998046875,20595.150390625,24399.94921875,2883.738037109375,9066.5498046875,81319.0,14997.599609375,5573.0
2020-05-21,2948.510009765625,9284.8798828125,6015.2998046875,11065.9296875,4445.4501953125,20552.310546875,24280.029296875,2867.924072265625,9106.25,83027.0,14884.900390625,5550.39990234375
2020-05-22,2955.449951171875,9324.58984375,5993.2998046875,11073.8701171875,4444.56005859375,20388.16015625,22930.140625,2813.764892578125,9039.25,82173.0,14913.599609375,5497.0
2020-05-25,,,,11391.2802734375,4539.91015625,20741.650390625,22952.240234375,2817.969970703125,,85663.0,15075.400390625,5615.60009765625
2020-05-26,2991.77001953125,9340.2197265625,6067.7998046875,11504.650390625,4606.240234375,21271.169921875,23384.66015625,2846.547119140625,9029.0498046875,85469.0,15148.099609375,5780.0
2020-05-27,3036.1298828125,9412.3603515625,6144.2998046875,11657.6904296875,4688.740234375,21419.23046875,23301.359375,2836.803955078125,9314.9501953125,87946.0,15272.0,5775.0
2020-05-28,3029.72998046875,9368.990234375,6218.7998046875,11781.1298828125,4771.39013671875,21916.310546875,23132.759765625,2846.221923828125,9490.099609375,86949.0,15262.7001953125,5851.10009765625
2020-05-29,3044.31005859375,9489.8701171875,6076.60009765625,11586.849609375,4695.43994140625,21877.890625,22961.470703125,2852.35107421875,9580.2998046875,87403.0,15192.7998046875,5755.7001953125
2020-06-01,3055.72998046875,9552.0498046875,6166.39990234375,,4762.77978515625,22062.390625,23732.51953125,2915.430908203125,9826.150390625,88620.0,15236.2001953125,5819.2001953125
2020-06-02,3080.820068359375,9608.3798828125,6220.10009765625,12021.2802734375,4858.97021484375,22325.609375,23995.939453125,2921.39794921875,9979.099609375,91046.0,15394.400390625,5835.10009765625
2020-06-03,3122.8701171875,9682.91015625,6382.39990234375,12487.3603515625,5022.3798828125,22613.759765625,24325.619140625,2923.37109375,10061.5498046875,93002.0,15575.099609375,5941.60009765625
2020-06-04,3112.35009765625,9615.8095703125,6341.39990234375,12430.5595703125,5011.97998046875,22695.740234375,24366.30078125,2919.2509765625,10029.099609375,93829.0,15527.900390625,5991.7998046875
2020-06-05,3193.929931640625,9814.080078125,6484.2998046875,12847.6796875,5197.7900390625,22863.73046875,24770.41015625,2930.799072265625,10142.150390625,94637.0,15854.099609375,5998.7001953125
2020-06-08,3232.389892578125,9924.75,6472.60009765625,12819.58984375,5175.52001953125,23178.099609375,24776.76953125,2937.77099609375,10167.4501953125,97645.0,15974.900390625,
2020-06-09,3207.179931640625,9953.75,6335.7001953125,12617.990234375,5095.10986328125,23091.029296875,25057.220703125,2956.112060546875,10046.650390625,96747.0,15833.7001953125,6144.89990234375
2020-06-10,3190.139892578125,10020.349609375,6329.10009765625,12530.16015625,5053.419921875,23124.94921875,25049.73046875,2943.7529296875,10116.150390625,94686.0,15701.2998046875,6148.39990234375
2020-06-11,3002.10009765625,9492.73046875,6076.7001953125,11970.2900390625,4815.60009765625,22472.91015625,24480.150390625,2920.89697265625,9902.0,,15050.900390625,5960.60009765625
2020-06-12,3041.31005859375,9588.8095703125,6105.2001953125,11949.2802734375,4839.259765625,22305.48046875,24301.380859375,2919.740966796875,9972.900390625,92795.0,15256.599609375,5847.7998046875
2020-06-15,3066.590087890625,9726.01953125,6064.7001953125,11911.349609375,4815.72021484375,21530.94921875,23776.94921875,2890.030029296875,9813.7001953125,92376.0,15359.7001953125,5719.7998046875
2020-06-16,3124.739990234375,9895.8701171875,6242.7998046875,12315.66015625,4952.4599609375,22582.2109375,24344.08984375,2931.75,9914.0,93531.0,15515.7998046875,5942.2998046875
2020-06-17,3113.489990234375,9910.5302734375,6253.2998046875,12382.1396484375,4995.97021484375,22455.759765625,24481.41015625,2935.8701171875,9881.150390625,95547.0,15428.7001953125,5991.7998046875
2020-06-18,3115.340087890625,9943.0498046875,6224.10009765625,12281.5302734375,4958.75,22355.4609375,24464.939453125,2939.320068359375,10091.650390625,96125.0,15479.7998046875,5936.5
2020-06-19,3097.739990234375,9946.1201171875,6292.60009765625,12330.759765625,4979.4501953125,22478.7890625,24643.890625,2967.6298828125,10244.400390625,96572.0,15474.2001953125,5942.60009765625
2020-06-22,3117.860107421875,10056.48046875,6244.60009765625,12262.9697265625,4948.7001953125,22437.26953125,24511.33984375,2965.27197265625,10311.2001953125,95336.0,15516.900390625,5944.5
2020-06-23,3131.2900390625,10131.3701171875,6320.10009765625,12523.759765625,5017.68017578125,22549.05078125,24907.33984375,2970.6201171875,10471.0,95975.0,15564.7998046875,5954.39990234375
2020-06-24,3050.330078125,9909.169921875,6123.7001953125,12093.9404296875,4871.35986328125,22534.3203125,24781.580078125,2979.551025390625,10305.2998046875,94377.0,15294.400390625,5965.7001953125
2020-06-25,3083.760009765625,10017.0,6147.10009765625,12177.8701171875,4918.580078125,22259.7890625,,,10288.900390625,95983.0,15446.099609375,5817.7001953125
2020-06-26,3009.050048828125,9757.2197265625,6159.2998046875,12089.3896484375,4909.64013671875,22512.080078125,24549.990234375,,10383.0,93834.0,15189.0,5904.10009765625
2020-06-29,3053.239990234375,9874.150390625,6225.7998046875,12232.1201171875,4945.4599609375,21995.0390625,24301.279296875,2961.51611328125,10312.400390625,95735.0,15389.7001953125,5815.0
2020-06-30,3100.2900390625,10058.76953125,6169.7001953125,12310.9296875,4935.990234375,22288.140625,24427.189453125,2984.674072265625,10302.099609375,95056.0,15515.2001953125,5897.89990234375
2020-07-01,3115.860107421875,10154.6298828125,6158.0,12260.5703125,4926.93994140625,22121.73046875,,3025.98095703125,10430.0498046875,96203.0,,5934.39990234375
2020-07-02,3130.010009765625,10207.6298828125,6240.39990234375,12608.4599609375,5049.3798828125,22145.9609375,25124.189453125,3090.569091796875,10551.7001953125,96235.0,15622.400390625,6032.7001953125
2020-07-03,,,6157.2998046875,12528.1796875,5007.14013671875,22306.48046875,25373.119140625,3152.81298828125,10607.349609375,96765.0,15596.7998046875,6057.89990234375
2020-07-06,3179.719970703125,10433.650390625,6285.89990234375,12733.4501953125,5081.509765625,22714.439453125,26339.16015625,3332.881103515625,10763.650390625,98937.0,15669.7001953125,6014.60009765625
2020-07-07,3145.320068359375,10343.8896484375,6189.89990234375,12616.7998046875,5043.72998046875,22614.689453125,25975.66015625,3345.3369140625,10799.650390625,97761.0,15595.5,6012.89990234375
2020-07-08,3169.93994140625,10492.5,6156.2001953125,12494.8095703125,4981.1298828125,22438.650390625,26129.1796875,3403.43994140625,10705.75,99770.0,15629.2001953125,5920.2998046875
2020-07-09,3152.050048828125,10547.75,6049.60009765625,12489.4599609375,4921.009765625,22529.2890625,26210.16015625,3450.593994140625,10813.4501953125,99160.0,15568.599609375,5955.5
2020-07-10,3185.0400390625,10617.4404296875,6095.39990234375,12633.7099609375,4970.47998046875,22290.810546875,25727.41015625,3383.322021484375,10768.0498046875,100032.0,15713.7998046875,5919.2001953125
2020-07-13,3155.219970703125,10390.83984375,6176.2001953125,12799.9697265625,5056.22998046875,22784.740234375,25772.119140625,3443.285888671875,10802.7001953125,98697.0,15639.400390625,5977.5
2020-07-14,3197.52001953125,10488.580078125,6179.7998046875,12697.3603515625,5007.4599609375,22587.009765625,25477.890625,3414.618896484375,10607.349609375,100440.0,15908.5,5941.10009765625
2020-07-15,3226.56005859375,10550.490234375,6292.7001953125,12930.98046875,5108.97998046875,22945.5,25481.580078125,3361.303955078125,10618.2001953125,101791.0,16063.2998046875,6052.89990234375
2020-07-16,3215.570068359375,10473.830078125,6250.7001953125,12874.9697265625,5085.27978515625,22770.359375,24970.689453125,3210.09912109375,10739.9501953125,100553.0,16024.5,6010.89990234375
2020-07-17,3224.72998046875,10503.1904296875,6290.2998046875,12919.6103515625,5069.419921875,22696.419921875,25089.169921875,3214.12890625,10901.7001953125,102888.0,16123.5,6033.60009765625
2020-07-20,3251.840087890625,10767.08984375,6261.5,13046.919921875,5093.18017578125,22717.48046875,25057.990234375,3314.14892578125,11022.2001953125,104426.0,16183.7001953125,6001.60009765625
2020-07-21,3257.300048828125,10680.3603515625,6269.7001953125,13171.830078125,5104.27978515625,22884.220703125,25635.66015625,3320.89501953125,11162.25,104310.0,16163.0,6156.2998046875
2020-07-22,3276.02001953125,10706.1298828125,6207.10009765625,13104.25,5037.1201171875,22751.609375,25057.939453125,3333.1640625,11132.599609375,104290.0,16171.099609375,6075.10009765625
2020-07-23,3235.659912109375,10461.419921875,6211.39990234375,13103.3896484375,5033.759765625,,25263.0,3325.110107421875,11215.4501953125,102293.0,16018.7001953125,6094.5
2020-07-24,3215.6298828125,10363.1796875,6123.7998046875,12838.0595703125,4956.43017578125,,24705.330078125,3196.76806640625,11194.150390625,102382.0,15997.099609375,6024.0
2020-07-27,3239.409912109375,10536.26953125,6104.89990234375,12838.66015625,4939.6201171875,22715.849609375,24603.259765625,3205.22705078125,11131.7998046875,104477.0,16161.2998046875,6044.2001953125
2020-07-28,3218.43994140625,10402.08984375,6129.2998046875,12835.2802734375,4928.93994140625,22657.380859375,24772.759765625,3227.9599609375,11300.5498046875,104109.0,16121.2998046875,6020.5
2020-07-29,3258.43994140625,10542.9404296875,6131.5,12822.259765625,4958.740234375,22397.109375,24883.140625,3294.552001953125,11202.849609375,105605.0,16294.7001953125,6006.39990234375
2020-07-30,3246.219970703125,10587.8095703125,5990.0,12379.650390625,4852.93994140625,22339.23046875,24710.58984375,3286.822021484375,11102.150390625,105009.0,16299.2998046875,6051.10009765625
2020-07-31,3271.1201171875,10745.26953125,5897.7998046875,12313.3603515625,4783.68994140625,21710.0,24595.349609375,3310.007080078125,11073.4501953125,102912.0,16169.2001953125,5927.7998046875
2020-08-03,3294.610107421875,10902.7998046875,6032.89990234375,12646.98046875,4875.93017578125,22195.380859375,24458.130859375,3367.966064453125,10891.599609375,102830.0,,5926.10009765625
2020-08-04,3306.510009765625,10941.169921875,6036.0,12600.8701171875,4889.52001953125,22573.66015625,24946.630859375,3371.68994140625,11095.25,101216.0,16368.0,6037.60009765625
2020-08-05,3327.77001953125,10998.400390625,6104.7001953125,12660.25,4933.33984375,22514.849609375,25102.5390625,3377.56005859375,11101.650390625,102802.0,16501.599609375,6001.2998046875
2020-08-06,3349.159912109375,11108.0703125,6026.89990234375,12591.6796875,4885.1298828125,22418.150390625,24930.580078125,3386.4599609375,11200.150390625,104126.0,16579.099609375,6042.2001953125
2020-08-07,3351.280029296875,11010.98046875,6032.2001953125,12674.8798828125,4889.52001953125,22329.939453125,24531.619140625,3354.034912109375,11214.0498046875,102776.0,16544.5,6004.7998046875
2020-08-10,3360.469970703125,10968.3603515625,6050.60009765625,12687.5302734375,4909.509765625,,24377.4296875,3379.251953125,11270.150390625,103444.0,16605.5,6110.2001953125
2020-08-11,3333.68994140625,10782.8203125,6154.2998046875,12946.8896484375,5027.990234375,22750.240234375,24890.6796875,3340.2900390625,11322.5,102174.0,16497.0,6138.7001953125
2020-08-12,3380.35009765625,11012.240234375,6280.10009765625,13058.6298828125,5073.31005859375,22843.9609375,25244.01953125,3319.26611328125,11308.400390625,102118.0,16575.30078125,6132.0
2020-08-13,3373.429931640625,11042.5,6185.60009765625,12993.7099609375,5042.3798828125,23249.609375,25230.669921875,3320.72607421875,11300.4501953125,100461.0,16530.099609375,6091.0
2020-08-14,3372.85009765625,11019.2998046875,6090.0,12901.33984375,4962.93017578125,23289.359375,25183.009765625,3360.09912109375,11178.400390625,101353.0,16514.599609375,6126.2001953125
2020-08-17,3381.989990234375,11129.73046875,6127.39990234375,12920.66015625,4971.93994140625,23096.75,25347.33984375,3438.801025390625,11247.099609375,99595.0,16656.099609375,6076.39990234375
2020-08-18,3389.780029296875,11210.83984375,6076.60009765625,12881.759765625,4938.06005859375,23051.080078125,25367.380859375,3451.089111328125,11385.349609375,102065.0,16626.099609375,6123.39990234375
2020-08-19,3374.85009765625,11146.4599609375,6112.0,12977.330078125,4977.22998046875,23110.609375,25178.91015625,3408.12890625,11408.400390625,100854.0,16577.400390625,6167.60009765625
2020-08-20,3385.510009765625,11264.9501953125,6013.2998046875,12830.0,4911.240234375,22880.619140625,24791.390625,3363.89892578125,11312.2001953125,101468.0,16606.80078125,6120.0
2020-08-21,3397.159912109375,11311.7998046875,6001.89990234375,12764.7998046875,4896.330078125,22920.30078125,25113.83984375,3380.68310546875,11371.599609375,101521.0,16517.900390625,6111.2001953125
2020-08-24,3431.280029296875,11379.7197265625,6104.7001953125,13066.5400390625,5007.89013671875,22985.509765625,25551.580078125,3385.637939453125,11466.4501953125,102298.0,16626.599609375,6129.60009765625
2020-08-25,3443.6201171875,11466.4697265625,6037.0,13061.6201171875,5008.27001953125,23296.76953125,25486.220703125,3373.577880859375,11472.25,102118.0,16617.5,6161.39990234375
2020-08-26,3478.72998046875,11665.0595703125,6045.60009765625,13190.150390625,5048.43017578125,23290.859375,25491.7890625,3329.739013671875,11549.599609375,100627.0,16790.0,6116.39990234375
2020-08-27,3484.550048828125,11625.33984375,6000.0,13096.3603515625,5015.97021484375,23208.859375,25281.150390625,3350.110107421875,11559.25,100624.0,16731.5,6126.2001953125
2020-08-28,3508.010009765625,11695.6298828125,5963.60009765625,13033.2001953125,5002.93994140625,22882.650390625,25422.060546875,3403.806884765625,11647.599609375,102143.0,16705.80078125,6073.7998046875
2020-08-31,3500.31005859375,11775.4599609375,,12945.3798828125,4947.22021484375,23139.759765625,25177.05078125,3395.677978515625,11387.5,99369.0,16514.400390625,6060.5
2020-09-01,3526.64990234375,11939.669921875,5862.10009765625,12974.25,4938.10009765625,23138.0703125,25184.849609375,3410.60693359375,11470.25,102168.0,16645.0,5953.39990234375
2020-09-02,3580.840087890625,12056.4404296875,5941.0,13243.4296875,5031.740234375,23247.150390625,25120.08984375,3404.802001953125,11535.0,101911.0,16698.0,6063.2001953125
2020-09-03,3455.06005859375,11458.099609375,5850.89990234375,13057.76953125,5009.52001953125,23465.529296875,25007.599609375,3384.98095703125,11527.4501953125,100721.0,16448.900390625,6112.60009765625
2020-09-04,3426.9599609375,11313.1298828125,5799.10009765625,12842.66015625,4965.06982421875,23205.4296875,24695.44921875,3355.366943359375,11333.849609375,101242.0,16218.0,5925.5
2020-09-07,,,5937.39990234375,13100.2802734375,5053.72021484375,23089.94921875,24589.650390625,3292.591064453125,11355.0498046875,,,5944.7998046875
2020-09-08,3331.840087890625,10847.6904296875,5930.2998046875,12968.330078125,4973.52001953125,23274.130859375,24624.33984375,3316.4169921875,11317.349609375,100050.0,16099.5,6007.7998046875
2020-09-09,3398.9599609375,11141.5595703125,6012.7998046875,13237.2099609375,5042.97998046875,23032.5390625,24468.9296875,3254.6279296875,11278.0,101292.0,16383.599609375,5878.60009765625
2020-09-10,3339.18994140625,10919.58984375,6003.2998046875,13208.8896484375,5023.93017578125,23235.470703125,24313.5390625,3234.822998046875,11449.25,98835.0,16185.2998046875,5908.5
2020-09-11,3340.969970703125,10853.5498046875,6032.10009765625,13202.83984375,5034.14013671875,23406.490234375,24503.310546875,3260.345947265625,11464.4501953125,98363.0,16222.5,5859.39990234375
2020-09-14,3383.5400390625,11056.650390625,6026.2998046875,13193.66015625,5051.8798828125,23559.30078125,24640.279296875,3278.81396484375,11440.0498046875,100275.0,16360.099609375,5899.5
2020-09-15,3401.199951171875,11190.3203125,6105.5,13217.669921875,5067.93017578125,23454.890625,24732.759765625,3295.679931640625,11521.7998046875,100298.0,16431.30078125,5894.7998046875
2020-09-16,3385.489990234375,11050.4697265625,6078.5,13255.3701171875,5074.419921875,23475.529296875,24725.630859375,3283.924072265625,11604.5498046875,99676.0,16295.7001953125,5956.10009765625
2020-09-17,3357.010009765625,10910.2802734375,6049.89990234375,13208.1201171875,5039.5,23319.369140625,24340.849609375,3270.43505859375,11516.099609375,100098.0,16246.7001953125,5883.2001953125
2020-09-18,3319.469970703125,10793.2802734375,6007.10009765625,13116.25,4978.18017578125,23360.30078125,24455.41015625,3338.090087890625,11504.9501953125,98290.0,16199.0,5864.5
2020-09-21,3281.06005859375,10778.7998046875,5804.2998046875,12542.4404296875,4792.0400390625,,23950.689453125,3316.93505859375,11250.5498046875,96991.0,15981.7998046875,5822.60009765625
2020-09-22,3315.570068359375,10963.6396484375,5829.5,12594.3896484375,4772.83984375,,23716.849609375,3274.302001953125,11153.650390625,97294.0,16142.900390625,5784.10009765625
2020-09-23,3236.919921875,10632.990234375,5899.2998046875,12642.9697265625,4802.259765625,23346.490234375,23742.509765625,3279.7109375,11131.849609375,95735.0,15817.099609375,5923.89990234375
2020-09-24,3246.590087890625,10672.26953125,5822.7998046875,12606.5703125,4762.6201171875,23087.8203125,23311.0703125,3223.176025390625,10805.5498046875,97012.0,15912.2998046875,5875.89990234375
2020-09-25,3298.4599609375,10913.5595703125,5842.7001953125,12469.2001953125,4729.66015625,23204.619140625,23235.419921875,3219.41796875,11050.25,96999.0,16065.400390625,5964.89990234375
2020-09-28,3351.60009765625,11117.5302734375,5927.89990234375,12870.8701171875,4843.27001953125,23511.619140625,23476.05078125,3217.534912109375,11227.5498046875,94666.0,16242.7998046875,5952.2998046875
2020-09-29,3335.469970703125,11085.25,5897.5,12825.8203125,4832.06982421875,23539.099609375,23275.529296875,3224.35888671875,11222.400390625,93580.0,16211.5,5952.10009765625
2020-09-30,3363.0,11167.509765625,5866.10009765625,12760.73046875,4803.43994140625,23185.119140625,23459.05078125,3218.052001953125,11247.5498046875,94603.0,16121.400390625,5815.89990234375
2020-10-01,3380.800048828125,11326.509765625,5879.5,12730.76953125,4824.0400390625,,,,11416.9501953125,95479.0,16184.5,5872.89990234375
2020-10-02,3348.419921875,11075.01953125,5902.10009765625,12689.0400390625,4824.8798828125,23029.900390625,,,,94016.0,16199.2998046875,5791.5
2020-10-05,3408.60009765625,11332.490234375,5942.89990234375,12828.3095703125,4871.8701171875,23312.140625,23767.779296875,,11503.349609375,96089.0,16410.19921875,5941.60009765625
2020-10-06,3360.969970703125,11154.599609375,5949.89990234375,12906.01953125,4895.4599609375,23433.73046875,23980.650390625,,11662.400390625,95615.0,16236.099609375,5962.10009765625
2020-10-07,3419.43994140625,11364.599609375,5946.2998046875,12928.5703125,4882.0,23422.8203125,24242.859375,,11738.849609375,95526.0,16428.30078125,6036.39990234375
2020-10-08,3446.830078125,11420.98046875,5978.0,13042.2099609375,4911.93994140625,23647.0703125,24193.349609375,,11834.599609375,97920.0,16534.5,6102.0
2020-10-09,3477.139892578125,11579.9404296875,6016.7001953125,13051.23046875,4946.81005859375,23619.689453125,24119.130859375,3272.075927734375,11914.2001953125,97483.0,16562.80078125,6102.2001953125
2020-10-12,3534.219970703125,11876.259765625,6001.39990234375,13138.41015625,4979.2900390625,23558.689453125,24649.6796875,3358.465087890625,11930.9501953125,,,6132.0
2020-10-13,3511.929931640625,11863.900390625,5969.7001953125,13018.990234375,4947.60986328125,23601.779296875,,3359.75,11934.5,98503.0,16510.80078125,6195.7001953125
2020-10-14,3488.669921875,11768.73046875,5935.10009765625,13028.0595703125,4941.66015625,23626.73046875,24667.08984375,3340.778076171875,11971.0498046875,99334.0,16455.400390625,6179.2001953125
2020-10-15,3483.340087890625,11713.8701171875,5832.5,12703.75,4837.419921875,23507.23046875,24158.5390625,3332.18310546875,11680.349609375,99054.0,16501.0,6210.2998046875
2020-10-16,3483.81005859375,11671.5595703125,5919.60009765625,12908.990234375,4935.85986328125,23410.630859375,24386.7890625,3336.35791015625,11762.4501953125,98309.0,16438.80078125,6176.7998046875
2020-10-19,3426.919921875,11478.8798828125,5884.7001953125,12854.66015625,4942.6201171875,23671.130859375,24542.259765625,3312.669921875,11873.0498046875,98658.0,16274.099609375,6229.39990234375
2020-10-20,3443.1201171875,11516.490234375,5889.2001953125,12736.9501953125,4929.27978515625,23567.0390625,24569.5390625,3328.10009765625,11896.7998046875,100540.0,16273.2998046875,6184.60009765625
2020-10-21,3435.56005859375,11484.6904296875,5776.5,12557.6396484375,4853.9501953125,23639.4609375,24754.419921875,3325.02001953125,11937.650390625,100552.0,16230.2001953125,6191.7998046875
2020-10-22,3453.489990234375,11506.009765625,5785.7001953125,12543.0595703125,4851.3798828125,23474.26953125,24786.130859375,3312.5,11896.4501953125,101918.0,16279.400390625,6173.7998046875
2020-10-23,3465.389892578125,11548.2802734375,5860.2998046875,12645.75,4909.64013671875,23516.58984375,24918.779296875,3277.9970703125,11930.349609375,101260.0,16304.099609375,6167.0
2020-10-26,3400.969970703125,11358.9404296875,5792.0,12177.1796875,4816.1201171875,23494.33984375,,3251.118896484375,11767.75,101017.0,16079.599609375,6155.60009765625
2020-10-27,3390.679931640625,11431.349609375,5729.0,12063.5703125,4730.66015625,23485.80078125,24787.189453125,3254.31591796875,11889.400390625,99606.0,16020.900390625,6051.0
2020-10-28,3271.030029296875,11004.8701171875,5582.7998046875,11560.509765625,4571.1201171875,23418.509765625,24708.80078125,3269.239990234375,11729.599609375,95369.0,15586.599609375,6057.7001953125
2020-10-29,3310.110107421875,11185.58984375,5581.7998046875,11598.0703125,4569.669921875,23331.939453125,24586.599609375,3272.72998046875,11670.7998046875,96582.0,15670.7001953125,5960.2998046875
2020-10-30,3269.9599609375,10911.58984375,5577.2998046875,11556.48046875,4594.240234375,22977.130859375,24107.419921875,3224.532958984375,11642.400390625,93952.0,15580.599609375,5927.60009765625
2020-11-02,3310.239990234375,10957.6103515625,5655.0,11788.2802734375,4691.14013671875,23295.48046875,24460.009765625,3225.1201171875,11669.150390625,,15696.900390625,5951.2998046875
2020-11-03,3369.159912109375,11160.5703125,5786.7998046875,12088.98046875,4805.60986328125,,24939.73046875,3271.073974609375,11813.5,95587.0,15939.2001953125,6066.39990234375
2020-11-04,3443.43994140625,11590.7802734375,5883.2998046875,12324.2197265625,4922.85009765625,23695.23046875,24886.140625,3277.43994140625,11908.5,97811.0,15998.7001953125,6062.10009765625
2020-11-05,3510.449951171875,11890.9296875,5906.2001953125,12568.08984375,4983.990234375,24105.279296875,25695.919921875,3320.133056640625,12120.2998046875,100774.0,16298.2001953125,6139.60009765625
2020-11-06,3509.43994140625,11895.23046875,5910.0,12480.01953125,4960.8798828125,24325.23046875,25712.970703125,3312.158935546875,12263.5498046875,100799.0,16282.7998046875,6190.2001953125
2020-11-09,3550.5,11713.7802734375,6186.2998046875,13095.9697265625,5336.31982421875,24839.83984375,26016.169921875,3373.72998046875,12461.0498046875,103913.0,16475.900390625,6298.7998046875
2020-11-10,3545.530029296875,11553.8603515625,6296.89990234375,13163.1103515625,5418.97021484375,24905.58984375,26301.48046875,3360.14892578125,12631.099609375,105351.0,16615.400390625,6340.5
2020-11-11,3572.659912109375,11786.4296875,6382.10009765625,13216.1796875,5445.2099609375,25349.599609375,26226.98046875,3342.202880859375,12749.150390625,104532.0,16774.099609375,6449.7001953125
2020-11-12,3537.010009765625,11709.58984375,6338.89990234375,13052.9501953125,5362.56982421875,25520.880859375,26169.380859375,3338.679931640625,12690.7998046875,102175.0,16582.19921875,6418.2001953125
2020-11-13,3585.14990234375,11829.2900390625,6316.39990234375,13076.7197265625,5380.16015625,25385.869140625,26156.859375,3310.10498046875,12719.9501953125,104512.0,16675.599609375,6405.2001953125
2020-11-16,3626.909912109375,11924.1298828125,6421.2998046875,13138.6103515625,5471.47998046875,25906.9296875,26381.669921875,3346.968994140625,,106430.0,16889.80078125,6484.2998046875
2020-11-17,3609.530029296875,11899.33984375,6365.2998046875,13133.4697265625,5483.0,26014.619140625,26415.08984375,3339.89990234375,12874.2001953125,107229.0,16948.099609375,6498.2001953125
2020-11-18,3567.7900390625,11801.599609375,6385.2001953125,13201.8896484375,5511.4501953125,25728.140625,26544.2890625,3347.302978515625,12938.25,106483.0,16889.80078125,6531.10009765625
2020-11-19,3581.8701171875,11904.7099609375,6334.39990234375,13086.16015625,5474.66015625,25634.33984375,26356.970703125,3363.087890625,12771.7001953125,106517.0,16909.80078125,6547.2001953125
2020-11-20,3557.5400390625,11854.9697265625,6351.5,13137.25,5495.89013671875,25527.369140625,26451.5390625,3377.72998046875,12859.0498046875,,17019.099609375,6539.2001953125
2020-11-23,3577.590087890625,11880.6298828125,6333.7998046875,13126.9697265625,5492.14990234375,,26486.19921875,3414.489990234375,12926.4501953125,107379.0,17094.5,6561.60009765625
2020-11-24,3635.409912109375,12036.7900390625,6432.2001953125,13292.4404296875,5558.419921875,26165.58984375,26588.19921875,3402.822998046875,13055.150390625,109786.0,17274.30078125,6644.10009765625
2020-11-25,3629.64990234375,12094.400390625,6391.10009765625,13289.7998046875,5571.2900390625,26296.859375,26669.75,3362.326904296875,12858.400390625,110133.0,17313.099609375,6683.2998046875
2020-11-26,,,6362.89990234375,13286.5703125,5566.7900390625,26537.310546875,26819.44921875,3369.73291015625,12987.0,110227.0,17351.30078125,6636.39990234375
2020-11-27,3638.35009765625,12205.849609375,6367.60009765625,13335.6796875,5598.18017578125,26644.7109375,26894.6796875,3408.306884765625,12968.9501953125,110575.0,17396.599609375,6601.10009765625
2020-11-30,3621.6298828125,12198.740234375,6266.2001953125,13291.16015625,5518.5498046875,26433.619140625,26341.490234375,3391.760009765625,,108888.0,17190.30078125,6517.7998046875
2020-12-01,3662.449951171875,12355.1103515625,6384.7001953125,13382.2998046875,5581.64013671875,26787.5390625,26567.6796875,3451.93994140625,13109.0498046875,111335.0,17296.900390625,6588.5
2020-12-02,3669.010009765625,12349.3701171875,6463.39990234375,13313.240234375,5583.009765625,26800.98046875,26532.580078125,3449.381103515625,13113.75,111814.0,17358.19921875,6590.2001953125
2020-12-03,3666.719970703125,12377.1796875,6490.2998046875,13252.8603515625,5574.35986328125,26809.369140625,26728.5,3442.135986328125,13133.900390625,112919.0,17398.0,6615.2998046875
2020-12-04,3699.1201171875,12464.23046875,6550.2001953125,13298.9599609375,5609.14990234375,26751.240234375,26835.919921875,3444.5810546875,13258.5498046875,113682.0,17521.0,6634.10009765625
2020-12-07,3691.9599609375,12519.9501953125,6555.39990234375,13271.0,5573.3798828125,26547.439453125,26506.849609375,3416.60400390625,13355.75,113625.0,17582.400390625,6675.0
2020-12-08,3702.25,12582.76953125,6558.7998046875,13278.490234375,5560.669921875,26467.080078125,26304.560546875,3410.179931640625,13392.9501953125,113571.0,17639.0,6687.7001953125
2020-12-09,3672.820068359375,12338.9501953125,6564.2998046875,13340.259765625,5546.81982421875,26817.939453125,26502.83984375,3371.964111328125,13529.099609375,112722.0,17559.900390625,6728.5
2020-12-10,3668.10009765625,12405.8095703125,6599.7998046875,13295.73046875,5549.64990234375,26756.240234375,26410.58984375,3373.27587890625,13478.2998046875,114992.0,17593.30078125,6683.10009765625
2020-12-11,3663.4599609375,12377.8701171875,6546.7998046875,13114.2998046875,5507.5498046875,26652.51953125,26505.869140625,3347.19091796875,13513.849609375,115323.0,17548.900390625,6642.60009765625
2020-12-14,3647.489990234375,12440.0400390625,6531.7998046875,13223.16015625,5527.83984375,26732.439453125,26389.51953125,3369.1201171875,13558.150390625,114975.0,17387.400390625,6660.2001953125
2020-12-15,3694.6201171875,12595.0595703125,6513.2998046875,13362.8701171875,5530.31005859375,26687.83984375,26207.2890625,3367.22998046875,13567.849609375,116146.0,17506.5,6631.2998046875
2020-12-16,3701.169921875,12658.1904296875,6570.89990234375,13565.98046875,5547.68017578125,26757.400390625,26460.2890625,3366.98291015625,13682.7001953125,117947.0,17567.400390625,6679.2001953125
2020-12-17,3722.47998046875,12764.75,6551.10009765625,13667.25,5549.4599609375,26806.669921875,26678.380859375,3404.873046875,13740.7001953125,118157.0,17652.900390625,6756.7001953125
2020-12-18,3709.409912109375,12755.6396484375,6529.2001953125,13630.509765625,5527.83984375,26763.390625,26498.599609375,3394.89990234375,13760.5498046875,117679.0,17534.599609375,6675.5
2020-12-21,3694.919921875,12742.51953125,6416.2998046875,13246.2998046875,5393.33984375,26714.419921875,26306.6796875,3420.569091796875,13328.400390625,116016.0,17500.900390625,6669.89990234375
2020-12-22,3687.260009765625,12807.919921875,,13418.1103515625,5466.85986328125,26436.390625,26119.25,3356.781982421875,13466.2998046875,116348.0,17552.5,6599.60009765625
2020-12-23,3690.010009765625,12771.1103515625,6495.7998046875,13587.23046875,5527.58984375,26524.7890625,26343.099609375,3382.320068359375,13601.099609375,117857.0,17593.599609375,6643.10009765625
2020-12-24,3703.06005859375,12804.73046875,6502.10009765625,,5522.009765625,26668.349609375,26386.560546875,3363.113037109375,13749.25,,17623.900390625,6664.7998046875
2020-12-25,,,,,,26656.609375,,3396.56298828125,,,,
2020-12-28,3735.360107421875,12899.419921875,,13790.2900390625,5588.3798828125,26854.029296875,26314.630859375,3397.284912109375,13873.2001953125,119051.0,,
2020-12-29,3727.0400390625,12850.2197265625,6602.7001953125,13761.3798828125,5611.7900390625,27568.150390625,26568.490234375,3379.035888671875,13932.599609375,119475.0,17543.400390625,6700.2998046875
2020-12-30,3732.0400390625,12870.0,6555.7998046875,13718.7802734375,5599.41015625,27444.169921875,27147.109375,3414.452880859375,13981.9501953125,119306.0,17545.80078125,6682.39990234375
2020-12-31,3756.070068359375,12888.2802734375,6460.5,,5551.41015625,,27231.130859375,3473.069091796875,13981.75,,17433.400390625,6587.10009765625
2021-01-01,,,,,,,,,14018.5,,,
2021-01-04,3700.64990234375,12698.4501953125,6571.89990234375,13726.740234375,5588.9599609375,27258.380859375,27472.810546875,3502.9580078125,14132.900390625,118558.0,17527.80078125,6684.2001953125
2021-01-05,3726.860107421875,12818.9599609375,6612.2998046875,13651.2197265625,5564.60009765625,27158.630859375,27649.859375,3528.677001953125,14199.5,119223.0,17682.5,6681.89990234375
2021-01-06,3748.139892578125,12740.7900390625,6841.89990234375,13891.9697265625,5630.60009765625,27055.939453125,27692.30078125,3550.876953125,14146.25,119851.0,17828.099609375,6607.10009765625
2021-01-07,3803.7900390625,13067.48046875,6857.0,13968.240234375,5669.85009765625,27490.130859375,27548.51953125,3576.205078125,14137.349609375,121956.0,18027.599609375,6712.0
2021-01-08,3824.679931640625,13201.98046875,6873.2998046875,14049.5302734375,5706.8798828125,28139.029296875,27878.220703125,3570.110107421875,14347.25,125077.0,18042.099609375,6757.89990234375
2021-01-11,3799.610107421875,13036.4296875,6798.5,13936.66015625,5662.43017578125,,27908.220703125,3531.498046875,14484.75,122807.0,17934.5,6697.2001953125
2021-01-12,3801.18994140625,13072.4296875,6754.10009765625,13925.0595703125,5650.97021484375,28164.33984375,28276.75,3608.340087890625,14563.4501953125,123998.0,17985.80078125,6679.10009765625
2021-01-13,3809.840087890625,13128.9501953125,6745.5,13939.7099609375,5662.669921875,28456.58984375,28235.599609375,3598.652099609375,14564.849609375,122040.0,17934.69921875,6686.60009765625
2021-01-14,3795.5400390625,13112.6396484375,6802.0,13988.7001953125,5681.14013671875,28698.259765625,28496.859375,3565.905029296875,14595.599609375,123481.0,17958.099609375,6715.2998046875
2021-01-15,3768.25,12998.5,6735.7001953125,13787.73046875,5611.68994140625,28519.1796875,28573.859375,3566.3779296875,14433.7001953125,120502.0,17909.0,6715.39990234375
2021-01-18,,,6720.7001953125,13848.349609375,5617.27001953125,28242.2109375,28862.76953125,3596.219970703125,14281.2998046875,121242.0,17944.900390625,6663.0
2021-01-19,3798.909912109375,13197.1796875,6713.0,13815.0595703125,5598.60986328125,28633.4609375,29642.279296875,3566.3798828125,14521.150390625,120673.0,17957.400390625,6742.60009765625
2021-01-20,3851.85009765625,13457.25,6740.39990234375,13921.3701171875,5628.43994140625,28523.259765625,29962.470703125,3583.092041015625,14644.7001953125,119708.0,18014.900390625,6770.39990234375
2021-01-21,3853.070068359375,13530.91015625,6715.39990234375,13906.669921875,5590.7900390625,28756.859375,29927.759765625,3621.263916015625,14590.349609375,118443.0,17916.19921875,6823.7001953125
2021-01-22,3841.469970703125,13543.0595703125,6695.10009765625,13873.9697265625,5559.56982421875,28631.44921875,29447.849609375,3606.75,14371.900390625,117172.0,17845.900390625,6800.39990234375
2021-01-25,3855.360107421875,13635.990234375,6638.89990234375,13643.9501953125,5472.35986328125,28822.2890625,30159.009765625,3624.238037109375,14238.900390625,,17906.0,6824.7001953125
2021-01-26,3849.6201171875,13626.0595703125,6654.0,13870.990234375,5523.52001953125,28546.1796875,29391.259765625,3569.428955078125,,116464.0,17779.400390625,
2021-01-27,3750.77001953125,13270.599609375,6567.39990234375,13620.4599609375,5459.6201171875,28635.2109375,29297.529296875,3573.340087890625,13967.5,115882.0,17424.400390625,6780.60009765625
2021-01-28,3787.3798828125,13337.16015625,6526.2001953125,13665.9296875,5510.52001953125,28197.419921875,28550.76953125,3505.176025390625,13817.5498046875,119314.0,17657.19921875,6649.7001953125
2021-01-29,3714.239990234375,13070.6904296875,6407.5,13432.8701171875,5399.2099609375,27663.390625,28283.7109375,3483.069091796875,13634.599609375,116007.0,17337.0,6607.39990234375
2021-02-01,3773.860107421875,13403.3896484375,6466.39990234375,13622.01953125,5461.68017578125,28091.05078125,28892.859375,3505.283935546875,14281.2001953125,117365.0,17692.5,6663.0
2021-02-02,3826.31005859375,13612.7802734375,6516.7001953125,13835.16015625,5563.10986328125,28362.169921875,29248.69921875,3533.68505859375,14647.849609375,118234.0,17874.5,6762.60009765625
2021-02-03,3830.169921875,13610.5400390625,6507.7998046875,13933.6298828125,5563.0498046875,28646.5,29307.4609375,3517.30810546875,14789.9501953125,119725.0,17915.900390625,6824.60009765625
2021-02-04,3871.739990234375,13777.740234375,6503.7001953125,14060.2900390625,5608.5400390625,28341.94921875,29113.5,3501.85888671875,14895.650390625,119261.0,18042.0,6765.5
2021-02-05,3886.830078125,13856.2998046875,6489.2998046875,14056.7197265625,5659.259765625,28779.189453125,29288.6796875,3496.330078125,14924.25,119925.0,18135.900390625,6840.5
2021-02-08,3915.590087890625,13987.6396484375,6523.5,14059.91015625,5686.02978515625,29388.5,29319.470703125,3532.447021484375,15115.7998046875,119516.0,18330.30078125,6880.7001953125
2021-02-09,3911.22998046875,14007.7001953125,6531.60009765625,14011.7998046875,5691.5400390625,29505.9296875,29476.189453125,3603.489013671875,15109.2998046875,119429.0,18408.599609375,6821.2001953125
2021-02-10,3909.8798828125,13972.5302734375,6524.39990234375,13932.9697265625,5670.7998046875,29562.9296875,30038.720703125,3655.087890625,15106.5,118430.0,18457.80078125,6856.89990234375
2021-02-11,3916.3798828125,14025.76953125,6528.7001953125,14040.91015625,5669.81982421875,,30173.5703125,,15173.2998046875,119235.0,18393.0,6850.10009765625
2021-02-12,3934.830078125,14095.4697265625,6589.7998046875,14049.8896484375,5703.669921875,29520.0703125,,,15163.2998046875,119116.0,18460.19921875,6806.7001953125
2021-02-15,,,6756.10009765625,14109.48046875,5786.25,30084.150390625,,,15314.7001953125,,,6868.89990234375
2021-02-16,3932.590087890625,14047.5,6748.89990234375,14064.599609375,5786.52978515625,30467.75,30746.66015625,,15313.4501953125,,18492.5,6917.2998046875
2021-02-17,3931.330078125,13965.490234375,6710.89990234375,13909.26953125,5765.83984375,30292.189453125,31084.939453125,,15208.900390625,120391.0,18374.80078125,6885.2001953125
2021-02-18,3913.969970703125,13865.3603515625,6617.2001953125,13886.9296875,5728.330078125,30236.08984375,30595.26953125,3675.35693359375,15118.9501953125,119140.0,18274.099609375,6885.89990234375
2021-02-19,3906.7099609375,13874.4599609375,6624.0,13993.23046875,5773.5498046875,30017.919921875,30644.73046875,3696.16796875,14981.75,118748.0,18384.30078125,6793.7998046875
2021-02-22,3876.5,13533.0498046875,6612.2001953125,13950.0400390625,5767.43994140625,30156.029296875,30319.830078125,3642.43994140625,14675.7001953125,112668.0,18416.69921875,6780.89990234375
2021-02-23,3881.3701171875,13465.2001953125,6625.89990234375,13864.8095703125,5779.83984375,,30632.640625,3636.360107421875,14707.7998046875,115227.0,18330.099609375,6839.2001953125
2021-02-24,3925.429931640625,13597.9697265625,6659.0,13976.0,5797.97998046875,29671.69921875,29718.240234375,3564.080078125,14982.0,115668.0,18484.5,6777.7998046875
2021-02-25,3829.340087890625,13119.4296875,6652.0,13879.330078125,5783.89013671875,30168.26953125,30074.169921875,3585.050048828125,15097.349609375,112256.0,18223.5,6834.0
2021-02-26,3811.14990234375,13192.349609375,6483.39990234375,13786.2900390625,5703.22021484375,28966.009765625,28980.2109375,3509.080078125,14529.150390625,110035.0,18060.30078125,6673.2998046875
2021-03-01,3901.820068359375,13588.830078125,6588.5,14012.8203125,5792.7900390625,29663.5,29452.5703125,3551.39990234375,14761.5498046875,110335.0,18299.599609375,6789.60009765625
2021-03-02,3870.2900390625,13358.7900390625,6613.7998046875,14039.7998046875,5809.72998046875,29408.169921875,29095.859375,3508.591064453125,14919.099609375,111540.0,18421.599609375,6762.2998046875
2021-03-03,3819.719970703125,12997.75,6675.5,14080.0302734375,5830.06005859375,29559.099609375,29880.419921875,3576.89990234375,15245.599609375,111184.0,18320.69921875,6818.0
2021-03-04,3768.469970703125,12723.4697265625,6650.89990234375,14056.33984375,5830.64990234375,28930.109375,29236.7890625,3503.489990234375,15080.75,112690.0,18125.69921875,6760.7001953125
2021-03-05,3841.93994140625,12920.150390625,6630.5,13920.6904296875,5782.64990234375,28864.3203125,29098.2890625,3501.987060546875,14938.099609375,115202.0,18381.0,6710.7998046875
2021-03-08,3821.35009765625,12609.16015625,6719.10009765625,14380.91015625,5902.990234375,28743.25,28540.830078125,3421.409912109375,14956.2001953125,110612.0,18457.80078125,6739.60009765625
2021-03-09,3875.43994140625,13073.8203125,6730.2998046875,14437.9404296875,5924.97021484375,29027.939453125,28773.23046875,3359.2900390625,15098.400390625,111331.0,18599.19921875,6771.2001953125
2021-03-10,3898.81005859375,13068.830078125,6725.60009765625,14540.25,5990.5498046875,29036.560546875,28907.51953125,3357.739990234375,15174.7998046875,112776.0,18690.0,6714.10009765625
2021-03-11,3939.340087890625,13398.669921875,6737.0,14569.3896484375,6033.759765625,29211.640625,29385.609375,3436.830078125,,114984.0,18844.599609375,6713.89990234375
2021-03-12,3943.340087890625,13319.8603515625,6761.5,14502.3896484375,6046.5498046875,29717.830078125,28739.720703125,3453.080078125,15030.9501953125,114160.0,18851.30078125,6766.7998046875
2021-03-15,3968.93994140625,13459.7099609375,6749.7001953125,14461.419921875,6035.97021484375,29766.970703125,28833.759765625,3419.949951171875,14929.5,114851.0,18954.80078125,6773.0
2021-03-16,3962.7099609375,13471.5703125,6803.60009765625,14557.580078125,6055.43017578125,29921.08984375,29027.689453125,3446.73291015625,14910.4501953125,114019.0,18874.0,6827.10009765625
2021-03-17,3974.1201171875,13525.2001953125,6762.7001953125,14596.6103515625,6054.81982421875,29914.330078125,29034.119140625,3445.551025390625,14721.2998046875,116549.0,18983.099609375,6795.2001953125
2021-03-18,3915.4599609375,13116.169921875,6779.7001953125,14775.51953125,6062.7900390625,30216.75,29405.720703125,3463.068115234375,14557.849609375,114835.0,18836.5,6745.89990234375
2021-03-19,3913.10009765625,13215.240234375,6708.7001953125,14621.0,5997.9599609375,29792.05078125,28990.939453125,3404.659912109375,14744.0,116222.0,18854.0,6708.2001953125
2021-03-22,3940.590087890625,13377.5400390625,6726.10009765625,14657.2099609375,5968.47998046875,29174.150390625,28885.33984375,3443.43994140625,14736.400390625,114979.0,18815.099609375,6752.5
2021-03-23,3910.52001953125,13227.7001953125,6699.2001953125,14662.01953125,5945.2998046875,28995.919921875,28497.380859375,3411.510009765625,14814.75,113262.0,18669.80078125,6745.39990234375
2021-03-24,3889.139892578125,12961.8896484375,6712.89990234375,14610.3896484375,5947.2900390625,28405.51953125,27918.140625,3367.06005859375,14549.400390625,112064.0,18628.30078125,6778.7998046875
2021-03-25,3909.52001953125,12977.6796875,6674.7998046875,14621.3603515625,5952.41015625,28729.880859375,27899.609375,3363.590087890625,14324.900390625,113750.0,18651.099609375,6790.60009765625
2021-03-26,3974.5400390625,13138.73046875,6740.60009765625,14748.9404296875,5988.81005859375,29176.69921875,28336.4296875,3418.326904296875,14507.2998046875,114781.0,18752.599609375,6824.2001953125
2021-03-29,3971.090087890625,13059.650390625,6736.2001953125,14817.7197265625,6015.509765625,29384.51953125,28338.30078125,3435.300048828125,,115419.0,18719.19921875,6799.5
2021-03-30,3958.550048828125,13045.3896484375,6772.10009765625,15008.6103515625,6088.0400390625,29432.69921875,28577.5,3456.679931640625,14845.099609375,116850.0,18705.599609375,6738.39990234375
2021-03-31,3972.889892578125,13246.8701171875,6713.60009765625,15008.33984375,6067.22998046875,29178.80078125,28378.349609375,3441.909912109375,14690.7001953125,116634.0,18700.69921875,6790.7001953125
2021-04-01,4019.8701171875,13480.1103515625,6737.2998046875,15107.169921875,6102.9599609375,29388.869140625,28938.740234375,3466.330078125,14867.349609375,115253.0,18990.30078125,6828.7001953125
2021-04-02,,,,,,29854.0,,3484.39208984375,,,,
2021-04-05,4077.909912109375,13705.58984375,,,,30089.25,,,14637.7998046875,117518.0,19026.80078125,
2021-04-06,4073.93994140625,13698.3798828125,6823.60009765625,15212.6796875,6131.33984375,29696.630859375,,3482.969970703125,14683.5,117499.0,19104.099609375,6885.89990234375
2021-04-07,4079.949951171875,13688.83984375,6885.2998046875,15176.3603515625,6130.66015625,29730.7890625,28674.80078125,3479.6298828125,14819.0498046875,117624.0,19129.099609375,6928.0
2021-04-08,4097.169921875,13829.3095703125,6942.2001953125,15202.6796875,6165.72021484375,29708.98046875,29008.0703125,3482.550048828125,14873.7998046875,118313.0,19228.900390625,6998.7998046875
2021-04-09,4128.7998046875,13900.1904296875,6915.7998046875,15234.16015625,6169.41015625,29768.060546875,28698.80078125,3450.679931640625,14834.849609375,117670.0,19228.0,6995.2001953125
2021-04-12,4127.990234375,13850.0,6889.10009765625,15215.0,6161.68017578125,29538.73046875,28453.279296875,3412.949951171875,14310.7998046875,118812.0,19201.30078125,6974.0
2021-04-13,4141.58984375,13996.099609375,6890.5,15234.3603515625,6184.10009765625,29751.609375,28497.25,3396.469970703125,14504.7998046875,119297.0,19203.69921875,6976.89990234375
2021-04-14,4124.66015625,13857.83984375,6939.60009765625,15209.150390625,6208.580078125,29620.990234375,28900.830078125,3416.719970703125,,120295.0,19171.69921875,7023.10009765625
2021-04-15,4170.419921875,14038.759765625,6983.5,15255.330078125,6234.14013671875,29642.689453125,28793.140625,3398.989990234375,14581.4501953125,120701.0,19321.900390625,7058.60009765625
2021-04-16,4185.47021484375,14052.33984375,7019.5,15459.75,6287.06982421875,29683.369140625,28969.7109375,3426.6201171875,14617.849609375,121114.0,19351.30078125,7063.5
2021-04-19,4163.259765625,13914.76953125,7000.10009765625,15368.3896484375,6296.68994140625,29685.369140625,29106.150390625,3477.550048828125,14359.4501953125,120934.0,19204.400390625,7065.60009765625
2021-04-20,4134.93994140625,13786.26953125,6859.89990234375,15129.509765625,6165.10986328125,29100.380859375,29135.73046875,3472.93994140625,14296.400390625,120062.0,19040.80078125,7017.7998046875
2021-04-21,4173.419921875,13950.2197265625,6895.2998046875,15195.9697265625,6210.5498046875,28508.55078125,28621.919921875,3472.929931640625,,,19143.30078125,6997.5
2021-04-22,4134.97998046875,13818.41015625,6938.2001953125,15320.51953125,6267.27978515625,29188.169921875,28755.33984375,3465.110107421875,14406.150390625,119371.0,19031.599609375,7055.39990234375
2021-04-23,4180.169921875,14016.8095703125,6938.60009765625,15279.6201171875,6257.93994140625,29020.630859375,29078.75,3474.169921875,14341.349609375,120530.0,19102.30078125,7060.7001953125
2021-04-26,4187.6201171875,14138.7802734375,6963.10009765625,15296.33984375,6275.52001953125,29126.23046875,28952.830078125,3441.169921875,14485.0,120595.0,19170.599609375,7045.60009765625
2021-04-27,4186.72021484375,14090.2197265625,6945.0,15249.26953125,6273.759765625,28991.890625,28941.5390625,3442.610107421875,14653.0498046875,119388.0,19175.099609375,7033.7998046875
2021-04-28,4183.18017578125,14051.0302734375,6963.7001953125,15292.1796875,6306.97998046875,29053.970703125,29071.33984375,3457.070068359375,14864.5498046875,121053.0,19357.0,7064.7001953125
2021-04-29,4211.47021484375,14082.5498046875,6961.5,15154.2001953125,6302.56982421875,,29303.259765625,3474.89990234375,14894.900390625,120066.0,19255.900390625,7082.2998046875
2021-04-30,4181.169921875,13962.6796875,6969.7998046875,15135.91015625,6269.47998046875,28812.630859375,28724.880859375,3446.860107421875,14631.099609375,118894.0,19108.30078125,7025.7998046875
2021-05-03,4192.66015625,13895.1201171875,,15236.4697265625,6307.89990234375,,28357.5390625,,14634.150390625,119209.0,19213.19921875,7028.7998046875
2021-05-04,4164.66015625,13633.5,6923.2001953125,14856.48046875,6251.75,,28557.140625,,14496.5,117712.0,19188.0,7067.89990234375
2021-05-05,4167.58984375,13582.419921875,7039.2998046875,15170.7802734375,6339.47021484375,,28417.98046875,,14617.849609375,119564.0,19310.69921875,7095.7998046875
2021-05-06,4201.6201171875,13632.83984375,7076.2001953125,15196.740234375,6357.08984375,29331.369140625,28637.4609375,3441.280029296875,14724.7998046875,119921.0,19291.0,7061.7001953125
2021-05-07,4232.60009765625,13752.240234375,7129.7001953125,15399.650390625,6385.509765625,29357.8203125,28610.650390625,3418.8701171875,14823.150390625,122038.0,19472.69921875,7080.7998046875
2021-05-10,4188.43017578125,13401.8603515625,7123.7001953125,15400.41015625,6385.990234375,29518.33984375,28595.66015625,3427.989990234375,14942.349609375,121909.0,19361.900390625,7172.7998046875
2021-05-11,4152.10009765625,13389.4296875,6948.0,15119.75,6267.39013671875,28608.58984375,28013.810546875,3441.85009765625,14850.75,122964.0,19274.0,7097.0
2021-05-12,4063.0400390625,13031.6796875,7004.60009765625,15150.2197265625,6279.35009765625,28147.509765625,28231.0390625,3462.75,14696.5,119710.0,19107.80078125,7044.89990234375
2021-05-13,4112.5,13124.990234375,6963.2998046875,15199.6796875,6288.330078125,27448.009765625,27718.669921875,3429.5400390625,,120706.0,19135.80078125,6982.7001953125
2021-05-14,4173.85009765625,13429.98046875,7043.60009765625,15416.6396484375,6385.14013671875,28084.470703125,28027.5703125,3490.3798828125,14677.7998046875,121881.0,19366.69921875,7014.2001953125
2021-05-17,4163.2900390625,13379.0498046875,7032.89990234375,15396.6201171875,6367.35009765625,27824.830078125,28194.08984375,3517.6201171875,14923.150390625,122938.0,19474.69921875,7023.60009765625
2021-05-18,4127.830078125,13303.6396484375,7034.2001953125,15386.580078125,6353.669921875,28406.83984375,28593.810546875,3529.010009765625,15108.099609375,122980.0,19507.099609375,7066.0
2021-05-19,4115.68017578125,13299.740234375,6950.2001953125,15113.5595703125,6262.5498046875,28044.44921875,,3510.9599609375,15030.150390625,122636.0,19417.0,6931.7001953125
2021-05-20,4159.1201171875,13535.740234375,7019.7998046875,15370.259765625,6343.580078125,28098.25,28450.2890625,3506.93994140625,14906.0498046875,122701.0,19543.0,7019.60009765625
2021-05-21,4155.85986328125,13470.990234375,7018.10009765625,15437.509765625,6386.41015625,28317.830078125,28458.439453125,3486.56005859375,15175.2998046875,122592.0,19527.30078125,7030.2998046875
2021-05-24,4197.0498046875,13661.169921875,7051.60009765625,,6408.490234375,28364.609375,28412.259765625,3497.280029296875,15197.7001953125,124032.0,,7045.89990234375
2021-05-25,4188.1298828125,13657.169921875,7029.7998046875,15465.08984375,6390.27001953125,28553.98046875,28910.859375,3581.340087890625,15208.4501953125,122988.0,19564.099609375,7115.2001953125
2021-05-26,4195.990234375,13738.0,7026.89990234375,15450.7197265625,6391.60009765625,28642.189453125,29166.009765625,3593.360107421875,15301.4501953125,123989.0,19745.5,7092.5
2021-05-27,4200.8798828125,13736.2802734375,7019.7001953125,15406.73046875,6435.7099609375,28549.009765625,29113.19921875,3608.85009765625,15337.849609375,124367.0,19774.400390625,7094.89990234375
2021-05-28,4204.10986328125,13748.740234375,7022.60009765625,15519.98046875,6484.10986328125,29149.41015625,29124.41015625,3600.780029296875,15435.650390625,125561.0,19852.19921875,7179.5
2021-05-31,,,,15421.1298828125,6447.169921875,28860.080078125,29151.80078125,3615.47998046875,15582.7998046875,126216.0,19731.0,7161.60009765625
2021-06-01,4202.0400390625,13736.48046875,7080.5,15567.3603515625,6489.39990234375,28814.33984375,29468.0,3624.7099609375,15574.849609375,128267.0,19976.0,7142.60009765625
2021-06-02,4208.1201171875,13756.330078125,7108.0,15602.7099609375,6521.52001953125,28946.140625,29297.619140625,3597.139892578125,15576.2001953125,129601.0,19971.19921875,7217.7998046875
2021-06-03,4192.85009765625,13614.509765625,7064.39990234375,15632.669921875,6507.919921875,29058.109375,28966.029296875,3584.2099609375,15690.349609375,,19941.400390625,7260.10009765625
2021-06-04,4229.89013671875,13814.490234375,7069.0,15692.900390625,6515.66015625,28941.51953125,28918.099609375,3591.840087890625,15670.25,130126.0,20029.19921875,7295.39990234375
2021-06-07,4226.52001953125,13881.7197265625,7077.2001953125,15677.150390625,6543.56005859375,29019.240234375,28787.279296875,3599.5400390625,15751.650390625,130776.0,20035.30078125,7281.89990234375
2021-06-08,4227.259765625,13924.91015625,7095.10009765625,15640.599609375,6551.009765625,28963.560546875,28781.380859375,3580.110107421875,15740.099609375,129787.0,20065.900390625,7292.60009765625
2021-06-09,4219.5498046875,13911.75,7081.0,15581.1396484375,6563.4501953125,28860.80078125,28742.630859375,3591.39990234375,15635.349609375,129907.0,20002.30078125,7270.2001953125
2021-06-10,4239.18017578125,14020.330078125,7088.2001953125,15571.2197265625,6546.490234375,28958.560546875,28738.880859375,3610.860107421875,15737.75,130076.0,20049.5,7302.5
2021-06-11,4247.43994140625,14069.419921875,7134.10009765625,15693.26953125,6600.66015625,28948.73046875,28842.130859375,3589.75,15799.349609375,129441.0,20138.400390625,7312.2998046875
2021-06-14,4255.14990234375,14174.1396484375,7146.7001953125,15673.6396484375,6616.35009765625,29161.80078125,,,15811.849609375,130208.0,20157.69921875,
2021-06-15,4246.58984375,14072.8603515625,7172.5,15729.51953125,6639.52001953125,29441.30078125,28638.529296875,3556.56005859375,15869.25,130091.0,20231.30078125,7379.5
2021-06-16,4223.7001953125,14039.6796875,7185.0,15710.5703125,6652.64990234375,29291.009765625,28436.83984375,3518.330078125,15767.5498046875,129259.0,20231.0,7386.2001953125
2021-06-17,4221.85986328125,14161.349609375,7153.39990234375,15727.669921875,6666.259765625,29018.330078125,28558.58984375,3525.60009765625,15691.400390625,128057.0,20144.0,7359.0
2021-06-18,4166.4501953125,14030.3798828125,7017.5,15448.0400390625,6569.16015625,28964.080078125,28801.26953125,3525.10009765625,15683.349609375,128405.0,19999.599609375,7368.89990234375
2021-06-21,4224.7900390625,14141.48046875,7062.2998046875,15603.240234375,6602.5400390625,28010.9296875,28489.0,3529.179931640625,15746.5,129265.0,20156.400390625,7235.2998046875
2021-06-22,4246.43994140625,14253.26953125,7090.0,15636.330078125,6611.5,28884.130859375,28309.759765625,3557.409912109375,15772.75,128767.0,20200.69921875,7342.2001953125
2021-06-23,4241.83984375,14271.73046875,7074.10009765625,15456.3896484375,6551.06982421875,28874.890625,28817.0703125,3566.219970703125,15686.9501953125,128428.0,20164.400390625,7298.5
2021-06-24,4266.490234375,14369.7099609375,7110.0,15589.23046875,6631.14990234375,28875.23046875,28882.4609375,3566.64990234375,15790.4501953125,129514.0,20215.099609375,7275.2998046875
2021-06-25,4280.7001953125,14360.3896484375,7136.10009765625,15607.9697265625,6622.8701171875,29066.1796875,29288.220703125,3607.56005859375,15860.349609375,127256.0,20230.30078125,7308.0
2021-06-28,4290.60986328125,14500.509765625,7073.0,15554.1796875,6558.02001953125,29048.01953125,29268.30078125,3606.3701171875,15814.7001953125,127429.0,20145.30078125,7307.2998046875
2021-06-29,4291.7998046875,14528.330078125,7087.60009765625,15690.58984375,6567.43017578125,28812.609375,28994.099609375,3573.179931640625,15748.4501953125,127327.0,20171.0,7301.2001953125
2021-06-30,4297.5,14503.9501953125,7037.5,15531.0400390625,6507.830078125,28791.529296875,28827.94921875,3591.199951171875,15721.5,126802.0,20165.599609375,7313.0
2021-07-01,4319.93994140625,14522.3798828125,7125.2001953125,15603.8095703125,6553.81982421875,28707.0390625,,3588.780029296875,15680.0,125666.0,,7265.60009765625
2021-07-02,4352.33984375,14639.330078125,7123.2998046875,15650.08984375,6552.85986328125,28783.279296875,28310.419921875,3518.760009765625,15722.2001953125,127622.0,20226.099609375,7308.60009765625
2021-07-05,,,7164.89990234375,15661.9697265625,6567.5400390625,28598.189453125,28143.5,3534.320068359375,15834.349609375,126920.0,20281.5,7315.0
2021-07-06,4343.5400390625,14663.6396484375,7100.89990234375,15511.3798828125,6507.47998046875,28643.2109375,28072.859375,3530.260009765625,15818.25,125095.0,20300.0,7261.7998046875
2021-07-07,4358.1298828125,14665.0595703125,7151.0,15692.7099609375,6527.72021484375,28366.94921875,27960.619140625,3553.719970703125,15879.650390625,127019.0,20290.599609375,7326.89990234375
2021-07-08,4320.81982421875,14559.7802734375,7030.7001953125,15420.6396484375,6396.72998046875,28118.029296875,27153.130859375,3525.5,15727.900390625,125428.0,20061.19921875,7341.39990234375
2021-07-09,4369.5498046875,14701.919921875,7121.89990234375,15687.9296875,6529.419921875,27940.419921875,27344.5390625,3524.090087890625,15689.7998046875,,20258.0,7251.7998046875
2021-07-12,4384.6298828125,14733.240234375,7125.39990234375,15790.509765625,6559.25,28569.01953125,27515.240234375,3547.840087890625,15692.599609375,127594.0,20233.099609375,7333.5
2021-07-13,4369.2099609375,14677.650390625,7124.7001953125,15789.6396484375,6558.47021484375,28718.240234375,27963.41015625,3566.52001953125,15812.349609375,128168.0,20270.69921875,7332.10009765625
2021-07-14,4374.2998046875,14644.9501953125,7091.2001953125,15788.98046875,6558.3798828125,28608.490234375,27787.4609375,3528.5,15853.9501953125,128407.0,20147.19921875,7354.7001953125
2021-07-15,4360.02978515625,14543.1298828125,7012.0,15629.66015625,6493.35986328125,28279.08984375,27996.26953125,3564.590087890625,15924.2001953125,127468.0,20183.69921875,7335.89990234375
2021-07-16,4327.16015625,14427.240234375,7008.10009765625,15540.3095703125,6460.080078125,28003.080078125,28004.6796875,3539.300048828125,15923.400390625,125960.0,19985.5,7348.10009765625
2021-07-19,4258.490234375,14274.98046875,6844.39990234375,15133.2001953125,6295.97021484375,27652.740234375,27489.779296875,3539.1201171875,15752.400390625,124395.0,19726.5,7286.0
2021-07-20,4323.06005859375,14498.8798828125,6881.10009765625,15216.26953125,6346.85009765625,27388.16015625,27259.25,3536.7900390625,15632.099609375,125401.0,19942.69921875,7252.2001953125
2021-07-21,4358.68994140625,14631.9501953125,6998.2998046875,15422.5,6464.47998046875,27548.0,27224.580078125,3562.660888671875,,125929.0,20110.099609375,7308.7001953125
2021-07-22,4367.47998046875,14684.599609375,6968.2998046875,15514.5400390625,6481.58984375,,27723.83984375,3574.73388671875,15824.0498046875,126147.0,20097.5,7386.39990234375
2021-07-23,4411.7900390625,14836.990234375,7027.60009765625,15669.2900390625,6568.81982421875,,27321.98046875,3550.39990234375,15856.0498046875,125053.0,20188.400390625,7394.39990234375
2021-07-26,4422.2998046875,14840.7099609375,7025.39990234375,15618.98046875,6578.60009765625,27833.2890625,26192.3203125,3467.43994140625,15824.4501953125,126004.0,20165.0,7394.2998046875
2021-07-27,4401.4599609375,14660.580078125,6996.10009765625,15519.1298828125,6531.919921875,27970.220703125,25086.4296875,3381.179931640625,15746.4501953125,124612.0,20173.400390625,7431.39990234375
2021-07-28,4400.64013671875,14762.580078125,7016.60009765625,15570.3603515625,6609.31005859375,27581.66015625,25473.880859375,3361.590087890625,15709.400390625,126286.0,20230.400390625,7379.2998046875
2021-07-29,4419.14990234375,14778.259765625,7078.39990234375,15640.4697265625,6633.77001953125,27782.419921875,26315.3203125,3411.719970703125,15778.4501953125,125675.0,20311.80078125,7417.39990234375
2021-07-30,4395.259765625,14672.6796875,7032.2998046875,15544.3896484375,6612.759765625,27283.58984375,25961.029296875,3397.360107421875,15763.0498046875,121801.0,20287.80078125,7392.60009765625
2021-08-02,4387.16015625,14681.0703125,7081.7001953125,15568.73046875,6675.89990234375,27781.01953125,26235.80078125,3464.2900390625,15885.150390625,122516.0,,7491.39990234375
2021-08-03,4423.14990234375,14761.2900390625,7105.7001953125,15555.080078125,6723.81005859375,27641.830078125,26194.8203125,3447.989990234375,16130.75,123577.0,20365.900390625,7474.5
2021-08-04,4402.66015625,14780.5302734375,7123.89990234375,15692.1298828125,6746.22998046875,27584.080078125,26426.55078125,3477.219970703125,16258.7998046875,121801.0,20329.69921875,7503.2001953125
2021-08-05,4429.10009765625,14895.1201171875,7120.39990234375,15744.669921875,6781.18994140625,27728.119140625,26204.689453125,3466.550048828125,16294.599609375,121633.0,20375.5,7511.10009765625
2021-08-06,4436.52001953125,14835.759765625,7123.0,15761.4501953125,6816.9599609375,27820.0390625,26179.400390625,3458.22998046875,16238.2001953125,122810.0,20475.400390625,7538.39990234375
2021-08-09,4432.35009765625,14860.1796875,7132.2998046875,15745.41015625,6813.18017578125,,26283.400390625,3494.6298828125,16258.25,123019.0,20437.400390625,7538.39990234375
2021-08-10,4436.75,14788.08984375,7161.0,15770.7099609375,6820.2099609375,27888.150390625,26605.619140625,3529.929931640625,16280.099609375,122202.0,20495.69921875,7562.60009765625
2021-08-11,4442.41015625,14765.1396484375,7220.10009765625,15826.08984375,6857.990234375,28070.509765625,26660.16015625,3532.6201171875,16282.25,122056.0,20554.0,7584.2998046875
2021-08-12,4460.830078125,14816.259765625,7193.2001953125,15937.509765625,6882.47021484375,28015.01953125,26517.8203125,3524.739990234375,16364.400390625,120701.0,20520.599609375,7588.2001953125
2021-08-13,4468.0,14822.900390625,7218.7001953125,15977.4404296875,6896.0400390625,27977.150390625,26391.619140625,3516.300048828125,16529.099609375,121194.0,20518.099609375,7628.89990234375
2021-08-16,4479.7099609375,14793.759765625,7154.0,15925.73046875,6838.77001953125,27523.189453125,26181.4609375,3517.340087890625,16563.05078125,119180.0,20483.400390625,7582.5
2021-08-17,4448.080078125,14656.1796875,7181.10009765625,15921.9501953125,6819.83984375,27424.470703125,25745.869140625,3446.97607421875,16614.599609375,117904.0,20363.599609375,7511.0
2021-08-18,4400.27001953125,14525.91015625,7169.2998046875,15965.9697265625,6770.10986328125,27585.91015625,25867.009765625,3485.285888671875,16568.849609375,116643.0,20302.099609375,7502.10009765625
2021-08-19,4405.7998046875,14541.7900390625,7058.89990234375,15765.8095703125,6605.89013671875,27281.169921875,25316.330078125,3465.554931640625,,117165.0,20215.400390625,7464.60009765625
2021-08-20,4441.669921875,14714.66015625,7087.89990234375,15808.0400390625,6626.10986328125,27013.25,24849.720703125,3427.333984375,16450.5,118053.0,20339.0,7460.89990234375
2021-08-23,4479.52978515625,14942.650390625,7109.0,15852.7900390625,6683.10009765625,27494.240234375,25109.58984375,3477.1298828125,16496.44921875,117472.0,20477.30078125,7489.89990234375
2021-08-24,4486.22998046875,15019.7998046875,7125.7998046875,15905.849609375,6664.31005859375,27732.099609375,25727.919921875,3514.470947265625,16624.599609375,120211.0,20547.80078125,7503.0
2021-08-25,4496.18994140625,15041.8603515625,7150.10009765625,15860.66015625,6676.47998046875,27724.80078125,25693.94921875,3540.3798828125,16634.650390625,120818.0,20587.30078125,7531.89990234375
2021-08-26,4470.0,14945.8095703125,7125.0,15793.6201171875,6666.02978515625,27742.2890625,25415.689453125,3501.6640625,16636.900390625,118724.0,20504.19921875,7491.2001953125
2021-08-27,4509.3701171875,15129.5,7148.0,15851.75,6681.919921875,27641.140625,25407.890625,3522.156982421875,16705.19921875,120678.0,20644.599609375,7488.2998046875
2021-08-30,4528.7900390625,15265.8896484375,,15887.3095703125,6687.2998046875,27789.2890625,25539.5390625,3528.15087890625,16931.05078125,119740.0,20595.0,7504.5
2021-08-31,4522.68017578125,15259.240234375,7119.7001953125,15835.08984375,6680.18017578125,28089.5390625,25878.990234375,3543.93994140625,17132.19921875,118781.0,20582.900390625,7534.89990234375
2021-09-01,4524.08984375,15309.3798828125,7149.7998046875,15824.2900390625,6758.68994140625,28451.01953125,26028.2890625,3567.10009765625,17076.25,119396.0,20689.599609375,7527.10009765625
2021-09-02,4536.9501953125,15331.1796875,7163.89990234375,15840.58984375,6763.080078125,28543.509765625,26090.4296875,3597.0400390625,17234.150390625,116677.0,20795.099609375,7485.7001953125
2021-09-03,4535.43017578125,15363.51953125,7138.39990234375,15781.2001953125,6689.990234375,29128.109375,25901.990234375,3581.72998046875,17323.599609375,116933.0,20821.400390625,7522.89990234375
2021-09-06,,,7187.2001953125,15932.1201171875,6743.5,29659.890625,26163.630859375,3621.860107421875,17377.80078125,117869.0,,7528.5
2021-09-07,4520.02978515625,15374.330078125,7149.39990234375,15843.08984375,6726.06982421875,29916.140625,26353.630859375,3676.590087890625,17362.099609375,,20806.599609375,7530.2998046875
2021-09-08,4514.06982421875,15286.6396484375,7095.5,15610.2802734375,6668.89013671875,30181.2109375,26320.9296875,3675.18994140625,17353.5,113413.0,20741.80078125,7512.0
2021-09-09,4493.27978515625,15248.25,7024.2001953125,15623.150390625,6684.72021484375,30008.189453125,25716.0,3693.1298828125,17369.25,115361.0,20705.30078125,7369.5
2021-09-10,4458.580078125,15115.490234375,7029.2001953125,15609.8095703125,6663.77001953125,30381.83984375,26205.91015625,3703.110107421875,,114286.0,20633.099609375,7406.60009765625
2021-09-13,4468.72998046875,15105.580078125,7068.39990234375,15701.419921875,6676.93017578125,30447.369140625,25813.810546875,3715.3701171875,17355.30078125,116404.0,20666.400390625,7425.2001953125
2021-09-14,4443.0498046875,15037.759765625,7034.10009765625,15722.990234375,6652.97021484375,30670.099609375,25502.23046875,3662.60009765625,17380.0,116181.0,20553.30078125,7437.2998046875
2021-09-15,4480.7001953125,15161.5302734375,7016.5,15616.0,6583.6201171875,30511.7109375,25033.2109375,3656.219970703125,17519.44921875,115063.0,20693.80078125,7417.0
2021-09-16,4473.75,15181.919921875,7027.5,15651.75,6622.58984375,30323.33984375,24667.849609375,3607.090087890625,17629.5,113794.0,20602.099609375,7460.2001953125
2021-09-17,4432.990234375,15043.9697265625,6963.60009765625,15490.169921875,6570.18994140625,30500.05078125,24920.759765625,3613.969970703125,17585.150390625,111439.0,20490.400390625,7403.7001953125
2021-09-20,4357.72998046875,14713.900390625,6903.89990234375,15132.0595703125,6455.81005859375,,24099.140625,,17396.900390625,108844.0,20154.5,7248.2001953125
2021-09-21,4354.18994140625,14746.400390625,6981.0,15348.5302734375,6552.72998046875,29839.7109375,24221.5390625,,17562.0,110250.0,20244.30078125,7273.7998046875
2021-09-22,4395.64013671875,14896.849609375,7083.39990234375,15506.740234375,6637.0,29639.400390625,,3628.489990234375,17546.650390625,112282.0,20401.5,7296.89990234375
2021-09-23,4448.97998046875,15052.240234375,7078.39990234375,15643.9697265625,6701.97998046875,,24510.98046875,3642.219970703125,17822.94921875,114064.0,20461.900390625,7370.2001953125
2021-09-24,4455.47998046875,15047.7001953125,7051.5,15531.75,6638.4599609375,30248.810546875,24192.16015625,3613.070068359375,17853.19921875,113283.0,20402.69921875,7342.60009765625
2021-09-27,4443.10986328125,14969.9697265625,7063.39990234375,15573.8798828125,6650.91015625,30240.060546875,24208.779296875,3582.830078125,17855.099609375,113583.0,20463.400390625,7384.2001953125
2021-09-28,4352.6298828125,14546.6796875,7028.10009765625,15248.5595703125,6506.5,30183.9609375,24500.390625,3602.219970703125,17748.599609375,110124.0,20174.099609375,7275.60009765625
2021-09-29,4359.4599609375,14512.4404296875,7108.2001953125,15365.26953125,6560.7998046875,29544.2890625,24663.5,3536.2900390625,17711.30078125,111107.0,20158.099609375,7196.7001953125
2021-09-30,4307.5400390625,14448.580078125,7086.39990234375,15260.6904296875,6520.009765625,29452.66015625,24575.640625,3568.169921875,17618.150390625,110979.0,20070.30078125,7332.2001953125
2021-10-01,4357.0400390625,14566.7001953125,7027.10009765625,15156.4404296875,6517.68994140625,28771.0703125,,,17532.05078125,112900.0,20150.900390625,7185.5
2021-10-04,4300.4599609375,14255.48046875,7011.0,15036.5498046875,6477.66015625,28444.890625,24036.369140625,,17691.25,110393.0,20052.30078125,7278.5
2021-10-05,4345.72021484375,14433.830078125,7077.10009765625,15194.490234375,6576.27978515625,27822.119140625,24104.150390625,,17822.30078125,110458.0,20183.400390625,7248.39990234375
2021-10-06,4363.5498046875,14501.91015625,6995.89990234375,14973.330078125,6493.1201171875,27528.869140625,23966.490234375,,17646.0,110560.0,20191.69921875,7206.5
2021-10-07,4399.759765625,14654.01953125,7078.0,15250.8603515625,6600.18994140625,27678.2109375,24701.73046875,,17790.349609375,110585.0,20416.19921875,7256.7001953125
2021-10-08,4391.33984375,14579.5400390625,7095.60009765625,15206.1298828125,6559.990234375,28048.939453125,24837.849609375,3592.169921875,17895.19921875,112833.0,20416.30078125,7320.10009765625
2021-10-11,4361.18994140625,14486.2001953125,7146.89990234375,15199.1396484375,6570.5400390625,28498.19921875,25325.08984375,3591.7099609375,17945.94921875,112180.0,,7299.7998046875
2021-10-12,4350.64990234375,14465.919921875,7130.2001953125,15146.8701171875,6548.10986328125,28230.609375,24962.58984375,3546.93994140625,17991.94921875,,20437.099609375,7280.7001953125
2021-10-13,4363.7998046875,14571.6396484375,7141.7998046875,15249.3798828125,6597.3798828125,28140.279296875,,3561.760009765625,18161.75,113456.0,20618.5,7272.5
2021-10-14,4438.259765625,14823.4296875,7207.7001953125,15462.7197265625,6685.2099609375,28550.9296875,,3558.280029296875,18338.55078125,113185.0,20819.900390625,7311.7001953125
2021-10-15,4471.3701171875,14897.33984375,7234.0,15587.3603515625,6727.52001953125,29068.630859375,25330.9609375,3572.3701171875,,114648.0,20928.099609375,7362.0
2021-10-18,4486.4599609375,15021.8095703125,7203.7998046875,15474.4697265625,6673.10009765625,29025.4609375,25409.75,3568.139892578125,18477.05078125,114428.0,20985.400390625,7381.10009765625
2021-10-19,4519.6298828125,15129.08984375,7217.5,15515.830078125,6669.85009765625,29215.51953125,25787.2109375,3593.14990234375,18418.75,110673.0,21087.0,7374.89990234375
2021-10-20,4536.18994140625,15121.6796875,7223.10009765625,15522.919921875,6705.60986328125,29255.55078125,26136.01953125,3587.0,18266.599609375,110786.0,21188.19921875,7413.7001953125
2021-10-21,4549.77978515625,15215.7001953125,7190.2998046875,15472.5595703125,6686.169921875,28708.580078125,26017.529296875,3594.780029296875,18178.099609375,107735.0,21212.400390625,7415.39990234375
2021-10-22,4544.89990234375,15090.2001953125,7204.60009765625,15542.98046875,6733.68994140625,28804.849609375,26126.9296875,3582.60009765625,18114.900390625,106296.0,21216.19921875,7415.5
2021-10-25,4566.47998046875,15226.7099609375,7222.7998046875,15599.23046875,6712.8701171875,28600.41015625,26132.029296875,3609.860107421875,18125.400390625,108715.0,21284.80078125,7441.0
2021-10-26,4574.7900390625,15235.7099609375,7277.60009765625,15757.0595703125,6766.509765625,29106.009765625,26038.26953125,3597.639892578125,18268.400390625,106420.0,21173.5,7443.39990234375
2021-10-27,4551.68017578125,15235.83984375,7253.2998046875,15705.8095703125,6753.52001953125,29098.240234375,25628.740234375,3562.31005859375,18210.94921875,106363.0,20955.0,7448.7001953125
2021-10-28,4596.419921875,15448.1201171875,7249.5,15696.330078125,6804.22021484375,28820.08984375,25555.73046875,3518.419921875,17857.25,105705.0,21197.5,7430.39990234375
2021-10-29,4605.3798828125,15498.3896484375,7237.60009765625,15688.76953125,6830.33984375,28892.689453125,25377.240234375,3547.340087890625,17671.650390625,103501.0,21037.099609375,7323.7001953125
2021-11-01,4613.669921875,15595.919921875,7288.60009765625,15806.2900390625,6893.2900390625,29647.080078125,25154.3203125,3544.47998046875,17929.650390625,105551.0,21247.0,7370.7998046875
2021-11-02,4630.64990234375,15649.599609375,7274.7998046875,15954.4501953125,6927.02978515625,29520.900390625,25099.669921875,3505.6298828125,17888.94921875,,21170.0,7324.2998046875
2021-11-03,4660.56982421875,15811.580078125,7248.89990234375,15959.98046875,6950.64990234375,,25024.75,3498.5400390625,17829.19921875,105617.0,21265.099609375,7392.7001953125
2021-11-04,4680.06005859375,15940.3095703125,7279.89990234375,16029.650390625,6987.7900390625,29794.369140625,25225.189453125,3526.8701171875,17916.80078125,103412.0,21342.099609375,7428.0
2021-11-05,4697.52978515625,15971.58984375,7304.0,16054.3603515625,7040.7900390625,29611.5703125,24870.509765625,3491.570068359375,,104824.0,21455.80078125,7456.89990234375
2021-11-08,4701.7001953125,15982.3603515625,7300.39990234375,16046.51953125,7047.47998046875,29507.05078125,24763.76953125,3498.6298828125,18068.55078125,104781.0,21556.5,7452.2001953125
2021-11-09,4685.25,15886.5400390625,7274.0,16040.4697265625,7043.27001953125,29285.4609375,24813.130859375,3507.0,18044.25,105535.0,21594.5,7434.2001953125
2021-11-10,4646.7099609375,15622.7099609375,7340.2001953125,16067.830078125,7045.16015625,29106.779296875,24996.140625,3492.4599609375,18017.19921875,105968.0,21461.900390625,7423.89990234375
2021-11-11,4649.27001953125,15704.2802734375,7384.2001953125,16083.1103515625,7059.5498046875,29277.859375,25247.990234375,3532.7900390625,17873.599609375,107725.0,21582.0,7381.89990234375
2021-11-12,4682.85009765625,15860.9599609375,7347.89990234375,16094.0703125,7091.39990234375,29609.970703125,25327.970703125,3539.10009765625,18102.75,106312.0,21768.5,7443.0
2021-11-15,4682.7998046875,15853.849609375,7351.89990234375,16148.6396484375,7128.6298828125,29776.80078125,25390.91015625,3533.300048828125,18109.44921875,,21683.099609375,7470.10009765625
2021-11-16,4700.89990234375,15973.8603515625,7327.0,16247.8603515625,7152.60009765625,29808.119140625,25713.779296875,3521.7900390625,17999.19921875,104508.0,21717.19921875,7420.39990234375
2021-11-17,4688.669921875,15921.5703125,7291.2001953125,16251.1298828125,7156.85009765625,29688.330078125,25650.080078125,3537.3701171875,17898.650390625,102945.0,21653.0,7369.89990234375
2021-11-18,4704.5400390625,15993.7099609375,7256.0,16221.73046875,7141.97998046875,29598.66015625,25319.720703125,3520.7099609375,17764.80078125,102524.0,21637.5,7379.2001953125
2021-11-19,4697.9599609375,16057.4404296875,7223.60009765625,16159.9697265625,7112.2900390625,29745.869140625,25049.970703125,3560.3701171875,,103035.0,21555.0,7396.5
2021-11-22,4682.93994140625,15854.759765625,7255.5,16115.6904296875,7105.0,29774.109375,24951.33984375,3582.080078125,17416.55078125,102122.0,21420.80078125,7353.10009765625
2021-11-23,4690.7001953125,15775.1396484375,7266.7001953125,15937.0,7044.6201171875,,24651.580078125,3589.089111328125,17503.349609375,103663.0,21453.80078125,7410.60009765625
2021-11-24,4701.4599609375,15845.23046875,7286.2998046875,15878.3896484375,7042.22998046875,29302.66015625,24685.5,3592.702880859375,17415.05078125,104514.0,21548.400390625,7399.39990234375
2021-11-25,,,7310.39990234375,15917.98046875,7075.8701171875,29499.279296875,24740.16015625,3584.179931640625,17536.25,105811.0,21613.19921875,7407.2998046875
2021-11-26,4594.6201171875,15491.66015625,7044.0,15257.0400390625,6739.72998046875,28751.619140625,24080.51953125,3564.090087890625,17026.44921875,102224.0,21125.900390625,7279.2998046875
2021-11-29,4655.27001953125,15782.830078125,7110.0,15280.8603515625,6776.25,28283.919921875,23852.240234375,3562.699951171875,17053.94921875,102814.0,21149.0,7239.7998046875
2021-11-30,4567.0,15537.6904296875,7059.5,15100.1298828125,6721.16015625,27821.759765625,23475.259765625,3563.889892578125,16983.19921875,101915.0,20660.0,7256.0
2021-12-01,4513.0400390625,15254.0498046875,7168.7001953125,15472.669921875,6881.8701171875,27935.619140625,23658.919921875,3576.889892578125,17166.900390625,100775.0,20464.599609375,7235.89990234375
2021-12-02,4577.10009765625,15381.3203125,7129.2001953125,15263.1103515625,6795.75,27753.369140625,23788.9296875,3573.840087890625,17401.650390625,104466.0,20762.0,7225.2001953125
2021-12-03,4538.43017578125,15085.4697265625,7122.2998046875,15169.98046875,6765.52001953125,28029.5703125,23766.689453125,3607.429931640625,17196.69921875,105070.0,20633.30078125,7241.2001953125
2021-12-06,4591.669921875,15225.150390625,7232.2998046875,15380.7900390625,6865.77978515625,27927.369140625,23349.380859375,3589.31005859375,16912.25,106859.0,20861.099609375,7245.10009765625
2021-12-07,4686.75,15686.919921875,7339.89990234375,15813.9404296875,7065.39013671875,28455.599609375,23983.66015625,3595.090087890625,17176.69921875,107558.0,21162.69921875,7313.89990234375
2021-12-08,4701.2099609375,15786.990234375,7337.39990234375,15687.08984375,7014.56982421875,28860.619140625,23996.869140625,3637.570068359375,17469.75,108096.0,21077.400390625,7405.39990234375
2021-12-09,4667.4501953125,15517.3701171875,7321.2998046875,15639.259765625,7008.22998046875,28725.470703125,24254.859375,3673.0400390625,17516.849609375,106291.0,20925.5,7384.5
2021-12-10,4712.02001953125,15630.599609375,7291.7998046875,15623.3095703125,6991.68017578125,28437.76953125,23995.720703125,3666.35009765625,17511.30078125,107758.0,20890.599609375,7353.5
2021-12-13,4668.97021484375,15413.2802734375,7231.39990234375,15621.7197265625,6942.91015625,28640.490234375,23954.580078125,3681.080078125,17368.25,107383.0,20748.5,7379.2998046875
2021-12-14,4634.08984375,15237.6396484375,7218.60009765625,15453.5595703125,6895.31005859375,28432.640625,23635.94921875,3661.530029296875,17324.900390625,106760.0,20648.599609375,7378.39990234375
2021-12-15,4709.85009765625,15565.580078125,7170.7998046875,15476.349609375,6927.6298828125,28459.720703125,23420.759765625,3647.6298828125,17221.400390625,107370.0,20769.19921875,7327.10009765625
2021-12-16,4668.669921875,15180.4296875,7260.60009765625,15636.400390625,7005.06982421875,29066.3203125,23475.5,3675.02001953125,17248.400390625,108212.0,20739.80078125,7295.7001953125
2021-12-17,4620.64013671875,15169.6796875,7269.89990234375,15531.6904296875,6926.6298828125,28545.6796875,23192.630859375,3632.360107421875,16985.19921875,107201.0,20739.19921875,7304.0
2021-12-20,4568.02001953125,14980.9404296875,7198.0,15239.669921875,6870.10009765625,27937.810546875,22744.859375,3593.60009765625,16614.19921875,105020.0,20538.19921875,7292.2001953125
2021-12-21,4649.22998046875,15341.08984375,7297.39990234375,15447.4404296875,6964.990234375,28517.58984375,22971.330078125,3625.1298828125,16770.849609375,105500.0,20924.900390625,7355.0
2021-12-22,4696.56005859375,15521.8896484375,7341.7001953125,15593.4697265625,7051.669921875,28562.2109375,23102.330078125,3622.6201171875,16955.44921875,105244.0,21070.099609375,7364.7998046875
2021-12-23,4725.7900390625,15653.3701171875,7373.2998046875,15756.3095703125,7106.14990234375,28798.369140625,23193.640625,3643.340087890625,17072.599609375,104891.0,21218.900390625,7387.60009765625
2021-12-24,,,7372.10009765625,,7086.580078125,28782.58984375,23223.759765625,3618.053955078125,17003.75,,21229.69921875,7420.2998046875
2021-12-27,4791.18994140625,15871.259765625,,15835.25,7140.39013671875,28676.4609375,,3615.969970703125,17086.25,105531.0,,
2021-12-28,4786.35009765625,15781.7197265625,,15963.7001953125,7181.10986328125,29069.16015625,23280.560546875,3630.112060546875,17233.25,104864.0,,
2021-12-29,4793.06005859375,15766.2197265625,7420.7001953125,15852.25,7161.52001953125,28906.880859375,23086.5390625,3597.0,17213.599609375,104107.0,21344.69921875,7509.7998046875
2021-12-30,4778.72998046875,15741.5595703125,7403.0,15884.8603515625,7173.22998046875,28791.7109375,23112.009765625,3619.18994140625,17203.94921875,104822.0,21294.599609375,7513.39990234375
2021-12-31,4766.18017578125,15644.9697265625,7384.5,,7153.02978515625,,23397.669921875,3639.780029296875,17354.05078125,,21222.80078125,7444.60009765625
2022-01-03,4796.56005859375,15832.7998046875,,16020.73046875,7217.22021484375,,23274.75,,17625.69921875,103922.0,,
2022-01-04,4793.5400390625,15622.7197265625,7505.2001953125,16152.6103515625,7317.41015625,29301.7890625,23289.83984375,3632.330078125,17805.25,103514.0,21236.5,7589.7998046875
2022-01-05,4700.580078125,15100.169921875,7516.89990234375,16271.75,7376.3701171875,29332.16015625,22907.25,3595.179931640625,17925.25,101006.0,21039.69921875,7565.7998046875
2022-01-06,4696.0498046875,15080.8603515625,7450.39990234375,16052.0302734375,7249.66015625,28487.869140625,23072.859375,3586.080078125,17745.900390625,101561.0,21072.19921875,7358.2998046875
2022-01-07,4677.02978515625,14935.900390625,7485.2998046875,15947.740234375,7219.47998046875,28478.560546875,23493.380859375,3579.5400390625,17812.69921875,102719.0,21084.5,7453.2998046875
2022-01-10,4670.2900390625,14942.830078125,7445.2998046875,15768.26953125,7115.77001953125,,23746.5390625,3593.52001953125,18003.30078125,101945.0,21072.30078125,7447.10009765625
2022-01-11,4713.06982421875,15153.4501953125,7491.39990234375,15941.8095703125,7183.3798828125,28222.48046875,23739.060546875,3567.43994140625,18055.75,103779.0,21274.80078125,7390.10009765625
2022-01-12,4726.35009765625,15188.3896484375,7551.7001953125,16010.3203125,7237.18994140625,28765.66015625,24402.169921875,3597.429931640625,18212.349609375,105686.0,21395.0,7438.89990234375
2022-01-13,4659.02978515625,14806.8095703125,7563.89990234375,16031.58984375,7201.14013671875,28489.130859375,24429.76953125,3555.260009765625,18257.80078125,105530.0,21293.0,7474.39990234375
2022-01-14,4662.85009765625,14893.75,7543.0,15883.240234375,7143.0,28124.279296875,24383.3203125,3521.260009765625,18255.75,106928.0,21357.599609375,7393.89990234375
2022-01-17,,,7611.2001953125,15933.7197265625,7201.64013671875,28333.51953125,24218.029296875,3541.669921875,18308.099609375,106692.0,21537.5,7417.2998046875
2022-01-18,4577.10986328125,14506.900390625,7563.60009765625,15772.5595703125,7133.830078125,28257.25,24112.779296875,3569.909912109375,18113.05078125,106522.0,21274.599609375,7408.7998046875
2022-01-19,4532.759765625,14340.259765625,7589.7001953125,15809.7197265625,7172.97998046875,27467.23046875,24127.849609375,3558.179931640625,17938.400390625,108013.0,21205.19921875,7332.5
2022-01-20,4482.72998046875,14154.01953125,7585.0,15912.330078125,7194.16015625,27772.9296875,24952.349609375,3555.06005859375,17757.0,109102.0,21058.19921875,7342.39990234375
2022-01-21,4397.93994140625,13768.919921875,7494.10009765625,15603.8798828125,7068.58984375,27522.259765625,24965.55078125,3522.570068359375,17617.150390625,108942.0,20621.400390625,7175.7998046875
2022-01-24,4410.1298828125,13855.1298828125,7297.2001953125,15011.1298828125,6787.7900390625,27588.369140625,24656.4609375,3524.110107421875,17149.099609375,107752.0,20571.30078125,7139.5
2022-01-25,4356.4501953125,13539.2900390625,7371.5,15123.8701171875,6837.9599609375,27131.33984375,24243.609375,3433.06005859375,17277.94921875,109845.0,20591.0,6961.60009765625
2022-01-26,4349.93017578125,13542.1201171875,7469.7998046875,15459.3896484375,6981.9599609375,27011.330078125,24289.900390625,3455.669921875,,111573.0,20595.900390625,
2022-01-27,4326.509765625,13352.7802734375,7554.2998046875,15524.26953125,7023.7998046875,26170.30078125,23807.0,3394.25,17110.150390625,112315.0,20544.099609375,6838.2998046875
2022-01-28,4431.85009765625,13770.5703125,7466.10009765625,15318.9501953125,6965.8798828125,26717.33984375,23550.080078125,3361.43994140625,17101.94921875,111478.0,20741.80078125,6988.10009765625
2022-01-31,4515.5498046875,14239.8798828125,7464.39990234375,15471.2001953125,6999.2001953125,27001.98046875,23802.259765625,,17339.849609375,112388.0,21098.30078125,6971.60009765625
2022-02-01,4546.5400390625,14346.0,7535.7998046875,15619.3896484375,7099.490234375,27078.48046875,,,17576.849609375,113147.0,21319.900390625,7006.0
2022-02-02,4589.3798828125,14417.5498046875,7583.0,15613.76953125,7115.27001953125,27533.599609375,,,17780.0,112161.0,21362.400390625,7087.7001953125
2022-02-03,4477.43994140625,13878.8203125,7528.7998046875,15368.4697265625,7005.6298828125,27241.310546875,,,17560.19921875,111696.0,21094.0,7078.0
2022-02-04,4500.52978515625,14098.009765625,7516.39990234375,15099.5595703125,6951.3798828125,27439.990234375,24573.2890625,,17516.30078125,112245.0,21271.900390625,7120.2001953125
2022-02-07,4483.8701171875,14015.669921875,7573.5,15206.6396484375,7009.25,27248.869140625,24579.55078125,3429.580078125,17213.599609375,111996.0,21235.5,7110.7998046875
2022-02-08,4521.5400390625,14194.4501953125,7567.10009765625,15242.3798828125,7028.41015625,27284.51953125,24329.490234375,3452.6298828125,17266.75,112234.0,21377.19921875,7186.7001953125
2022-02-09,4587.18017578125,14490.3701171875,7643.39990234375,15482.009765625,7130.8798828125,27579.869140625,24829.990234375,3479.949951171875,17463.80078125,112461.0,21604.19921875,7268.2998046875
2022-02-10,4504.080078125,14185.6396484375,7672.39990234375,15490.4404296875,7101.5498046875,27696.080078125,24924.349609375,3485.909912109375,17605.849609375,113359.0,21531.69921875,7288.5
2022-02-11,4418.64013671875,13791.150390625,7661.0,15425.1201171875,7011.60009765625,,24906.66015625,3462.949951171875,17374.75,113572.0,21548.80078125,7217.2998046875
2022-02-14,4401.669921875,13790.919921875,7531.60009765625,15113.9697265625,6852.2001953125,27079.58984375,24556.5703125,3428.8798828125,16842.80078125,113807.0,21352.5,7243.89990234375
2022-02-15,4471.06982421875,14139.759765625,7608.89990234375,15412.7099609375,6979.97021484375,26865.189453125,24355.7109375,3446.090087890625,17352.44921875,114660.0,21502.599609375,7206.89990234375
2022-02-16,4475.009765625,14124.08984375,7603.7998046875,15396.0703125,6964.97998046875,27460.400390625,24718.900390625,3465.830078125,17322.19921875,115181.0,21383.599609375,7284.89990234375
2022-02-17,4380.259765625,13716.7197265625,7537.39990234375,15267.6298828125,6946.81982421875,27232.869140625,24792.76953125,3468.0400390625,17304.599609375,113528.0,21176.30078125,7296.2001953125
2022-02-18,4348.8701171875,13548.0703125,7513.60009765625,15042.509765625,6929.6298828125,27122.0703125,24327.7109375,3490.760009765625,17276.30078125,112768.0,21008.19921875,7221.7001953125
2022-02-21,,,7484.2998046875,14731.1201171875,6788.33984375,26910.869140625,24170.0703125,3490.610107421875,17206.650390625,111725.0,,7233.60009765625
2022-02-22,4304.759765625,13381.51953125,7494.2001953125,14693.0,6787.60009765625,26449.609375,23520.0,3457.14990234375,17092.19921875,112892.0,20907.80078125,7161.2998046875
2022-02-23,4225.5,13037.490234375,7498.2001953125,14631.3603515625,6780.669921875,,23660.279296875,3489.14990234375,17063.25,112008.0,20744.19921875,7205.7001953125
2022-02-24,4288.7001953125,13473.58984375,7207.0,14052.099609375,6521.0498046875,25970.8203125,22901.560546875,3429.9599609375,16247.9501953125,111592.0,20761.900390625,6990.60009765625
2022-02-25,4384.64990234375,13694.6201171875,7489.5,14567.23046875,6752.43017578125,26476.5,22767.1796875,3451.409912109375,16658.400390625,113142.0,21106.0,6997.7998046875
2022-02-28,4373.93994140625,13751.400390625,7458.2998046875,14461.01953125,6658.830078125,26526.8203125,22713.01953125,3462.31005859375,16793.900390625,,21126.400390625,7049.10009765625
2022-03-01,4306.259765625,13532.4599609375,7330.2001953125,13904.849609375,6396.490234375,26844.720703125,22761.7109375,3488.830078125,,,21004.5,7096.5
2022-03-02,4386.5400390625,13752.01953125,7429.60009765625,14000.1103515625,6498.02001953125,26393.029296875,22343.919921875,3484.18994140625,16605.94921875,115174.0,21255.599609375,7116.7001953125
2022-03-03,4363.490234375,13537.9404296875,7238.89990234375,13698.400390625,6378.3701171875,26577.26953125,22467.33984375,3481.110107421875,16498.05078125,115166.0,21250.400390625,7151.39990234375
2022-03-04,4328.8701171875,13313.4404296875,6987.10009765625,13094.5400390625,6061.66015625,25985.470703125,21905.2890625,3447.64990234375,16245.349609375,114474.0,21402.400390625,7110.7998046875
2022-03-07,4201.08984375,12830.9599609375,6959.5,12834.650390625,5982.27001953125,25221.41015625,21057.630859375,3372.860107421875,15863.150390625,111593.0,21304.400390625,7038.60009765625
2022-03-08,4170.7001953125,12795.5498046875,6964.10009765625,12831.509765625,5962.9599609375,24790.94921875,20765.869140625,3293.530029296875,16013.4501953125,111203.0,21232.0,6980.2998046875
2022-03-09,4277.8798828125,13255.5498046875,7190.7001953125,13847.9296875,6387.830078125,24717.529296875,20627.7109375,3256.389892578125,16345.349609375,113900.0,21493.19921875,7053.0
2022-03-10,4259.52001953125,13129.9599609375,7099.10009765625,13442.099609375,6207.2001953125,25690.400390625,20890.259765625,3296.090087890625,16594.900390625,113663.0,21581.69921875,7130.7998046875
2022-03-11,4204.31005859375,12843.8095703125,7155.60009765625,13628.1103515625,6260.25,25162.779296875,20553.7890625,3309.75,16630.44921875,111713.0,21461.80078125,7063.60009765625
2022-03-14,4173.10986328125,12581.2197265625,7193.5,13929.1103515625,6369.93994140625,25307.849609375,19531.66015625,3223.530029296875,16871.30078125,109928.0,21180.80078125,7149.39990234375
2022-03-15,4262.4501953125,12948.6201171875,7175.7001953125,13917.26953125,6355.0,25346.48046875,18415.080078125,3063.969970703125,16663.0,108959.0,21187.80078125,7097.39990234375
2022-03-16,4357.85986328125,13436.5498046875,7291.7001953125,14440.740234375,6588.64013671875,25762.009765625,20087.5,3170.7099609375,16975.349609375,111112.0,21468.80078125,7175.2001953125
2022-03-17,4411.669921875,13614.7802734375,7385.2998046875,14388.0595703125,6612.52001953125,26652.890625,21501.23046875,3215.0400390625,17287.05078125,113076.0,21771.19921875,7250.7998046875
2022-03-18,4463.1201171875,13893.83984375,7404.7001953125,14413.08984375,6620.240234375,26827.4296875,21412.400390625,3251.070068359375,,115311.0,21818.5,7294.39990234375
2022-03-21,4461.18017578125,13838.4599609375,7442.39990234375,14326.9697265625,6582.330078125,,21221.33984375,3253.68994140625,17117.599609375,116155.0,22009.099609375,7278.5
2022-03-22,4511.60986328125,14108.8203125,7476.7001953125,14473.2001953125,6659.41015625,27224.109375,21889.279296875,3259.860107421875,17315.5,117272.0,22074.400390625,7341.10009765625
2022-03-23,4456.240234375,13922.599609375,7460.60009765625,14283.650390625,6581.43017578125,28040.16015625,22154.080078125,3271.030029296875,17245.650390625,117457.0,21932.19921875,7377.89990234375
2022-03-24,4520.16015625,14191.83984375,7467.39990234375,14273.7900390625,6555.77001953125,28110.390625,21945.94921875,3250.260009765625,17222.75,119053.0,21937.900390625,7387.10009765625
2022-03-25,4543.06005859375,14169.2998046875,7483.39990234375,14305.759765625,6553.68017578125,28149.83984375,21404.880859375,3212.239990234375,17153.0,119081.0,22005.900390625,7406.2001953125
2022-03-28,4575.52001953125,14354.900390625,7473.10009765625,14417.3701171875,6589.10986328125,27943.890625,21684.970703125,3214.5,17222.0,118738.0,21977.80078125,7412.39990234375
2022-03-29,4631.60009765625,14619.6396484375,7537.2998046875,14820.330078125,6792.16015625,28252.419921875,21927.630859375,3203.93994140625,17325.30078125,120014.0,22087.19921875,7464.2998046875
2022-03-30,4602.4501953125,14442.26953125,7578.7998046875,14606.0498046875,6741.58984375,28027.25,22232.029296875,3266.60009765625,17498.25,120260.0,22076.0,7514.5
2022-03-31,4530.41015625,14220.51953125,7515.7001953125,14414.75,6659.8701171875,27821.4296875,21996.849609375,3252.199951171875,17464.75,119999.0,21890.19921875,7499.60009765625
2022-04-01,4545.85986328125,14261.5,7537.89990234375,14446.48046875,6684.31005859375,27665.98046875,22039.55078125,3282.719970703125,17670.44921875,121570.0,21953.0,7493.7998046875
2022-04-04,4582.64013671875,14532.5498046875,7558.89990234375,14518.16015625,6731.3701171875,27736.470703125,22502.310546875,,18053.400390625,121280.0,22085.599609375,7513.7001953125
2022-04-05,4525.1201171875,14204.169921875,7613.7001953125,14424.3603515625,6645.509765625,27787.98046875,,,17957.400390625,118885.0,21930.80078125,7527.89990234375
2022-04-06,4481.14990234375,13888.8203125,7587.7001953125,14151.6904296875,6498.830078125,27350.30078125,22080.51953125,3283.429931640625,17807.650390625,118228.0,21788.599609375,7490.10009765625
2022-04-07,4500.2099609375,13897.2998046875,7551.7998046875,14078.150390625,6461.68017578125,26888.5703125,21808.98046875,3236.699951171875,17639.55078125,118862.0,21834.900390625,7442.7998046875
2022-04-08,4488.27978515625,13711.0,7669.60009765625,14283.669921875,6548.22021484375,26985.80078125,21872.009765625,3251.85009765625,17784.349609375,118322.0,21874.400390625,7478.0
2022-04-11,4412.52978515625,13411.9599609375,7618.2998046875,14192.7802734375,6555.81005859375,26821.51953125,21208.30078125,3167.1298828125,17674.94921875,116953.0,21790.5,7485.2001953125
2022-04-12,4397.4501953125,13371.5703125,7576.7001953125,14124.9501953125,6537.41015625,26334.98046875,21319.130859375,3213.330078125,17530.30078125,116147.0,21715.400390625,7454.0
2022-04-13,4446.58984375,13643.58984375,7580.7998046875,14076.4404296875,6542.14013671875,26843.490234375,21374.369140625,3186.820068359375,17475.650390625,116782.0,21838.0,7479.0
2022-04-14,4392.58984375,13351.080078125,7616.39990234375,14163.849609375,6589.35009765625,27172.0,21518.080078125,3225.639892578125,,116182.0,21855.69921875,7523.39990234375
2022-04-15,,,,,,27093.189453125,,3211.2451171875,,,,
2022-04-18,4391.68994140625,13332.3603515625,,,,26799.7109375,,3195.52001953125,17173.650390625,115687.0,21878.400390625,
2022-04-19,4462.2099609375,13619.66015625,7601.2998046875,14153.4599609375,6534.7900390625,26985.08984375,21027.759765625,3194.030029296875,16958.650390625,115057.0,22018.80078125,7565.2001953125
2022-04-20,4459.4501953125,13453.0703125,7629.2001953125,14362.0302734375,6624.91015625,27217.849609375,20944.669921875,3151.050048828125,17136.55078125,114344.0,21998.400390625,7569.2001953125
2022-04-21,4393.66015625,13174.650390625,7628.0,14502.41015625,6715.10009765625,27553.060546875,20682.220703125,3079.81005859375,17392.599609375,,21650.400390625,7592.7998046875
2022-04-22,4271.77978515625,12839.2900390625,7521.7001953125,14142.08984375,6581.419921875,27105.259765625,20638.51953125,3086.919921875,17171.94921875,111078.0,21186.400390625,7473.2998046875
2022-04-25,4296.1201171875,13004.849609375,7380.5,13924.169921875,6449.3798828125,26590.779296875,19869.33984375,2928.510009765625,16953.94921875,110685.0,21011.900390625,
2022-04-26,4175.2001953125,12490.740234375,7386.2001953125,13756.400390625,6414.56982421875,26700.109375,19934.7109375,2886.429931640625,17200.80078125,108213.0,20690.80078125,7318.0
2022-04-27,4183.9599609375,12488.9296875,7425.60009765625,13793.9404296875,6445.259765625,26386.630859375,19946.359375,2958.280029296875,17038.400390625,109349.0,20744.19921875,7261.2001953125
2022-04-28,4287.5,12871.5302734375,7509.2001953125,13979.83984375,6508.14013671875,26847.900390625,20276.169921875,2975.47998046875,17245.05078125,109919.0,21121.099609375,7356.89990234375
2022-04-29,4131.93017578125,12334.6396484375,7544.60009765625,14097.8798828125,6533.77001953125,,21089.390625,3047.06005859375,17102.55078125,107876.0,20762.0,7435.0
2022-05-02,4155.3798828125,12536.01953125,,13939.0703125,6425.60986328125,26818.529296875,,,17069.099609375,106639.0,20692.19921875,7347.0
2022-05-03,4175.47998046875,12563.759765625,7561.2998046875,14039.4697265625,6476.18017578125,,21101.890625,,,106528.0,20905.30078125,7316.2001953125
2022-05-04,4300.169921875,12964.8603515625,7493.5,13970.8203125,6395.68017578125,,20869.51953125,,16677.599609375,108344.0,21185.0,7304.7001953125
2022-05-05,4146.8701171875,12317.6904296875,7503.2998046875,13902.51953125,6368.39990234375,,20793.400390625,3067.760009765625,16682.650390625,105304.0,20696.19921875,7364.7001953125
2022-05-06,4123.33984375,12144.66015625,7387.89990234375,13674.2900390625,6258.35986328125,27003.560546875,20001.9609375,3001.56005859375,16411.25,105135.0,20633.30078125,7205.60009765625
2022-05-09,3991.239990234375,11623.25,7216.60009765625,13380.669921875,6086.02001953125,26319.33984375,,3004.139892578125,16301.849609375,103250.0,19999.69921875,7120.7001953125
2022-05-10,4001.050048828125,11737.669921875,7243.2001953125,13534.740234375,6116.91015625,26167.099609375,19633.689453125,3035.840087890625,16240.0498046875,103110.0,19890.099609375,7051.2001953125
2022-05-11,3935.179931640625,11364.240234375,7347.7001953125,13828.6396484375,6269.72998046875,26213.640625,19824.5703125,3058.699951171875,16167.099609375,104397.0,19837.30078125,7064.7001953125
2022-05-12,3930.080078125,11370.9599609375,7233.2998046875,13739.6396484375,6206.259765625,25748.720703125,19380.33984375,3054.989990234375,15808.0,105688.0,19699.099609375,6941.0
2022-05-13,4023.889892578125,11805.0,7418.2001953125,14027.9296875,6362.68017578125,26427.650390625,19898.76953125,3084.280029296875,15782.150390625,106924.0,20099.80078125,7075.10009765625
2022-05-16,4008.010009765625,11662.7900390625,7464.7998046875,13964.3798828125,6347.77001953125,26547.05078125,19950.2109375,3073.75,15842.2998046875,108233.0,20206.400390625,7093.0
2022-05-17,4088.85009765625,11984.51953125,7518.39990234375,14185.9404296875,6430.18994140625,26659.75,20602.51953125,3093.699951171875,16259.2998046875,108789.0,20491.0,7112.5
2022-05-18,3923.679931640625,11418.150390625,7438.10009765625,14007.759765625,6352.93994140625,26911.19921875,20644.279296875,3085.97998046875,16240.2998046875,106247.0,20101.400390625,7182.7001953125
2022-05-19,3900.7900390625,11388.5,7302.7001953125,13882.2998046875,6272.7099609375,26402.83984375,20120.6796875,3096.9599609375,15809.400390625,107005.0,20181.900390625,7064.5
2022-05-20,3901.360107421875,11354.6201171875,7390.0,13981.91015625,6285.240234375,26739.029296875,20717.240234375,3146.570068359375,16266.150390625,108488.0,20197.599609375,7145.60009765625
2022-05-23,3973.75,11535.26953125,7513.39990234375,14175.400390625,6358.740234375,27001.51953125,20470.060546875,3146.860107421875,16214.7001953125,110346.0,,7148.89990234375
2022-05-24,3941.47998046875,11264.4501953125,7484.39990234375,13919.75,6253.14013671875,26748.140625,20112.099609375,3070.929931640625,16125.150390625,110581.0,20286.19921875,7128.7998046875
2022-05-25,3978.72998046875,11434.740234375,7522.7998046875,14007.9296875,6298.64013671875,26677.80078125,20171.26953125,3107.4599609375,16025.7998046875,110580.0,20383.80078125,7155.2001953125
2022-05-26,4057.840087890625,11740.650390625,7564.89990234375,14231.2900390625,6410.580078125,26604.83984375,20116.19921875,3123.110107421875,16170.150390625,111890.0,20532.19921875,7105.89990234375
2022-05-27,4158.240234375,12131.1298828125,7585.5,14462.1904296875,6515.75,26781.6796875,20697.359375,3130.239990234375,16352.4501953125,111942.0,20748.599609375,7182.7001953125
2022-05-30,,,7600.10009765625,14575.98046875,6562.39013671875,27369.4296875,21123.9296875,3149.06005859375,16661.400390625,111032.0,20919.400390625,7286.60009765625
2022-05-31,4132.14990234375,12081.3896484375,7607.7001953125,14388.349609375,6468.7998046875,27279.80078125,21415.19921875,3186.429931640625,16584.55078125,111351.0,20729.30078125,7211.2001953125
2022-06-01,4101.22998046875,11994.4599609375,7533.0,14340.4697265625,6418.89013671875,27457.890625,21294.939453125,3182.159912109375,16522.75,111360.0,20713.69921875,7234.0
2022-06-02,4176.81982421875,12316.900390625,,14485.169921875,6500.43994140625,27413.880859375,21082.130859375,3195.4599609375,16628.0,112393.0,21031.80078125,7175.89990234375
2022-06-03,4108.5400390625,12012.73046875,,14460.08984375,6485.2998046875,27761.5703125,,,16584.30078125,111102.0,20790.69921875,7238.7998046875
2022-06-06,4121.43017578125,12061.3701171875,7608.2001953125,14653.8095703125,6548.77978515625,27915.890625,21653.900390625,3236.3701171875,16569.55078125,110186.0,20819.099609375,7206.2998046875
2022-06-07,4160.68017578125,12175.23046875,7598.89990234375,14556.6201171875,6500.35009765625,27943.94921875,21531.669921875,3241.760009765625,16416.349609375,110070.0,20928.19921875,7095.7001953125
2022-06-08,4115.77001953125,12086.26953125,7593.0,14445.990234375,6448.6298828125,28234.2890625,22014.58984375,3263.7900390625,16356.25,108368.0,20792.400390625,7121.10009765625
2022-06-09,4017.820068359375,11754.23046875,7476.2001953125,14198.7998046875,6358.4599609375,28246.529296875,21869.05078125,3238.949951171875,16478.099609375,107094.0,20563.900390625,7019.7001953125
2022-06-10,3900.860107421875,11340.01953125,7317.5,13761.830078125,6187.22998046875,27824.2890625,21806.1796875,3284.830078125,16201.7998046875,105481.0,20274.80078125,6932.0
2022-06-13,3749.6298828125,10809.23046875,7205.7998046875,13427.0302734375,6022.31982421875,26987.439453125,21067.580078125,3255.550048828125,15774.400390625,102598.0,19742.599609375,
2022-06-14,3735.47998046875,10828.349609375,7187.5,13304.3896484375,5949.83984375,26629.859375,21067.990234375,3288.909912109375,15732.099609375,102063.0,19548.5,6686.0
2022-06-15,3789.989990234375,11099.150390625,7273.39990234375,13485.2900390625,6030.1298828125,26326.16015625,21308.2109375,3305.409912109375,15692.150390625,102807.0,19611.599609375,6601.0
2022-06-16,3666.77001953125,10646.099609375,7045.0,13038.490234375,5886.240234375,26431.19921875,20845.4296875,3285.3798828125,15360.599609375,,19004.099609375,6591.10009765625
2022-06-17,3674.840087890625,10798.349609375,7016.2998046875,13126.259765625,5882.64990234375,25963.0,21075.0,3316.7900390625,15293.5,99825.0,18930.5,6474.7998046875
2022-06-20,,,7121.7998046875,13265.599609375,5920.08984375,25771.220703125,21163.91015625,3315.429931640625,15350.150390625,99853.0,19183.599609375,6433.39990234375
2022-06-21,3764.7900390625,11069.2998046875,7152.10009765625,13292.400390625,5964.66015625,26246.310546875,21559.58984375,3306.719970703125,15638.7998046875,99685.0,19257.30078125,6523.7998046875
2022-06-22,3759.889892578125,11053.080078125,7089.2001953125,13144.2802734375,5916.6298828125,26149.55078125,21008.33984375,3267.199951171875,15413.2998046875,99522.0,19004.0,6508.5
2022-06-23,3795.72998046875,11232.1904296875,7020.5,12912.58984375,5883.330078125,26171.25,21273.869140625,3320.14990234375,15556.650390625,98080.0,18717.099609375,6528.39990234375
2022-06-24,3911.739990234375,11607.6201171875,7208.7998046875,13118.1298828125,6073.35009765625,26491.970703125,21719.060546875,3349.75,15699.25,98672.0,19062.900390625,6578.7001953125
2022-06-27,3900.110107421875,11524.5498046875,7258.2998046875,13186.0703125,6047.31005859375,26871.26953125,22229.51953125,3379.18994140625,15832.0498046875,100764.0,19258.30078125,6706.0
2022-06-28,3821.550048828125,11181.5400390625,7323.39990234375,13231.8203125,6086.02001953125,27049.470703125,22418.970703125,3409.2099609375,15850.2001953125,100591.0,19222.69921875,6763.60009765625
2022-06-29,3818.830078125,11177.8896484375,7312.2998046875,13003.349609375,6031.47998046875,26804.599609375,21996.890625,3361.52001953125,15799.099609375,99622.0,19078.599609375,6700.2001953125
2022-06-30,3785.3798828125,11028.740234375,7169.2998046875,12783.76953125,5922.85986328125,26393.0390625,21859.7890625,3398.6201171875,15780.25,98542.0,18861.400390625,6568.10009765625
2022-07-01,3825.330078125,11127.849609375,7168.7001953125,12813.0302734375,5931.06005859375,25935.619140625,,3387.639892578125,15752.0498046875,98954.0,,6539.89990234375
2022-07-04,,,7232.7001953125,12773.3798828125,5954.64990234375,26153.810546875,21830.349609375,3405.429931640625,15835.349609375,98609.0,19028.900390625,6612.60009765625
2022-07-05,3831.389892578125,11322.240234375,7025.5,12401.2001953125,5794.9599609375,26423.470703125,21853.0703125,3404.030029296875,15810.849609375,98295.0,18834.19921875,6629.2998046875
2022-07-06,3845.080078125,11361.849609375,7107.7998046875,12594.51953125,5912.3798828125,26107.650390625,21586.66015625,3355.35009765625,15989.7998046875,98719.0,18729.69921875,6594.5
2022-07-07,3902.6201171875,11621.349609375,7189.10009765625,12843.2197265625,6006.7001953125,26490.529296875,21643.580078125,3364.39990234375,16132.900390625,100730.0,19063.19921875,6648.0
2022-07-08,3899.3798828125,11635.3095703125,7196.2001953125,13015.23046875,6033.1298828125,26517.189453125,21725.779296875,3356.080078125,16220.599609375,100289.0,19022.900390625,6678.0
2022-07-11,3854.429931640625,11372.599609375,7196.60009765625,12832.4404296875,5996.2998046875,26812.30078125,21124.19921875,3313.580078125,16216.0,98212.0,18816.80078125,6602.2001953125
2022-07-12,3818.800048828125,11264.73046875,7209.89990234375,12905.48046875,6044.2001953125,26336.66015625,20844.740234375,3281.469970703125,16058.2998046875,98271.0,18678.599609375,6606.2998046875
2022-07-13,3801.780029296875,11247.580078125,7156.39990234375,12756.3203125,6000.240234375,26478.76953125,20797.94921875,3284.2900390625,15966.650390625,97881.0,18615.19921875,6621.60009765625
2022-07-14,3790.3798828125,11251.1904296875,7039.7998046875,12519.66015625,5915.41015625,26643.390625,20751.2109375,3281.739990234375,15938.650390625,96121.0,18329.099609375,6650.60009765625
2022-07-15,3863.159912109375,11452.419921875,7159.0,12864.7197265625,6036.0,26788.470703125,20297.720703125,3228.06005859375,16049.2001953125,96551.0,18394.5,6605.60009765625
2022-07-18,3830.85009765625,11360.0498046875,7223.2001953125,12959.8095703125,6091.91015625,,20846.1796875,3278.10009765625,16278.5,96916.0,18595.599609375,6687.10009765625
2022-07-19,3936.68994140625,11713.150390625,7296.2998046875,13308.41015625,6201.22021484375,26961.6796875,20661.060546875,3279.429931640625,16340.5498046875,98245.0,18937.69921875,6649.60009765625
2022-07-20,3959.89990234375,11897.650390625,7264.2998046875,13281.98046875,6184.66015625,27680.259765625,20890.220703125,3304.719970703125,16520.849609375,98287.0,19020.69921875,6759.2001953125
2022-07-21,3998.949951171875,12059.6103515625,7270.5,13246.6396484375,6201.10986328125,27803.0,20574.630859375,3272.0,16605.25,99033.0,19062.900390625,6794.2998046875
2022-07-22,3961.6298828125,11834.1103515625,7276.39990234375,13253.6796875,6216.81982421875,27914.66015625,20609.140625,3269.969970703125,16719.44921875,98925.0,18982.900390625,6791.5
2022-07-25,3966.840087890625,11782.669921875,7306.2998046875,13210.3203125,6237.5498046875,27699.25,20562.939453125,3250.389892578125,16631.0,100270.0,19104.5,6789.89990234375
2022-07-26,3921.050048828125,11562.5703125,7306.2998046875,13096.9296875,6211.4501953125,27655.2109375,20905.880859375,3277.43994140625,16483.849609375,99772.0,18972.69921875,6807.2998046875
2022-07-27,4023.610107421875,12032.419921875,7348.2001953125,13166.3798828125,6257.93994140625,27715.75,20670.0390625,3275.760009765625,16641.80078125,101438.0,19254.599609375,6823.2001953125
2022-07-28,4072.429931640625,12162.58984375,7345.2998046875,13282.1103515625,6339.2099609375,27815.48046875,20622.6796875,3282.580078125,16929.599609375,102597.0,19456.69921875,6889.7001953125
2022-07-29,4130.2900390625,12390.6904296875,7423.39990234375,13484.0498046875,6448.5,27801.640625,20156.509765625,3253.239990234375,17158.25,103165.0,19692.900390625,6945.2001953125
2022-08-01,4118.6298828125,12368.98046875,7413.39990234375,13479.6298828125,6436.85986328125,27993.349609375,20165.83984375,3259.9599609375,17340.05078125,102225.0,,6993.0
2022-08-02,4091.18994140625,12348.759765625,7409.10009765625,13449.2001953125,6409.7998046875,27594.73046875,19689.2109375,3186.27001953125,17345.44921875,103362.0,19505.30078125,6998.10009765625
2022-08-03,4155.169921875,12668.16015625,7445.7001953125,13587.5595703125,6472.06005859375,27741.900390625,19767.08984375,3163.669921875,17388.150390625,103775.0,19545.900390625,6975.89990234375
2022-08-04,4151.93994140625,12720.580078125,7448.10009765625,13662.6796875,6513.39013671875,27932.19921875,20174.0390625,3189.0400390625,17382.0,105892.0,19577.0,6974.89990234375
2022-08-05,4145.18994140625,12657.5498046875,7439.7001953125,13573.9296875,6472.35009765625,28175.869140625,20201.939453125,3227.030029296875,17397.5,106472.0,19620.099609375,7015.60009765625
2022-08-08,4140.06005859375,12644.4599609375,7482.39990234375,13687.6904296875,6524.43994140625,28249.240234375,20045.76953125,3236.929931640625,17525.099609375,108402.0,19669.19921875,7020.60009765625
2022-08-09,4122.47021484375,12493.9296875,7488.2001953125,13534.9697265625,6490.0,27999.9609375,20003.439453125,3247.429931640625,,108651.0,19578.30078125,7029.7998046875
2022-08-10,4210.240234375,12854.7998046875,7507.10009765625,13700.9296875,6523.43994140625,27819.330078125,19610.83984375,3230.02001953125,17534.75,110236.0,19885.900390625,6992.7001953125
2022-08-11,4207.27001953125,12779.91015625,7465.89990234375,13694.509765625,6544.669921875,,20082.4296875,3281.669921875,17659.0,109718.0,19991.900390625,7071.0
2022-08-12,4280.14990234375,13047.1904296875,7500.89990234375,13795.849609375,6553.85986328125,28546.98046875,20175.619140625,3276.889892578125,17698.150390625,112764.0,20179.80078125,7032.5
2022-08-15,4297.14013671875,13128.0498046875,7509.2001953125,13816.6103515625,6569.9501953125,28871.779296875,20040.859375,3276.090087890625,,113032.0,20180.599609375,7064.2998046875
2022-08-16,4305.2001953125,13102.5498046875,7536.10009765625,13910.1201171875,6592.580078125,28868.91015625,19830.51953125,3277.8798828125,17825.25,113512.0,20270.0,7105.39990234375
2022-08-17,4274.0400390625,12938.1201171875,7515.7998046875,13626.7099609375,6528.31982421875,29222.76953125,19922.44921875,3292.530029296875,17944.25,113708.0,20181.400390625,7127.7001953125
2022-08-18,4283.740234375,12965.33984375,7541.89990234375,13697.41015625,6557.39990234375,28942.140625,19763.91015625,3277.5400390625,17956.5,113813.0,20265.400390625,7112.7998046875
2022-08-19,4228.47998046875,12705.2197265625,7550.39990234375,13544.51953125,6495.830078125,28930.330078125,19773.029296875,3258.080078125,17758.44921875,111496.0,20111.400390625,7114.5
2022-08-22,4137.990234375,12381.5703125,7533.7998046875,13230.5703125,6378.740234375,28794.5,19656.98046875,3277.7900390625,17490.69921875,110501.0,19974.900390625,7046.89990234375
2022-08-23,4128.72998046875,12381.2998046875,7488.10009765625,13194.23046875,6362.02001953125,28452.75,19503.25,3276.219970703125,17577.5,112857.0,19985.400390625,6961.7998046875
2022-08-24,4140.77001953125,12431.5302734375,7471.5,13220.0595703125,6386.759765625,28313.470703125,19268.740234375,3215.199951171875,17604.94921875,112898.0,20021.400390625,6998.10009765625
2022-08-25,4199.1201171875,12639.26953125,7479.7001953125,13271.9599609375,6381.56005859375,28479.009765625,19968.380859375,3246.25,17522.44921875,113532.0,20172.30078125,7048.10009765625
2022-08-26,4057.659912109375,12141.7099609375,7427.2998046875,12971.4697265625,6274.259765625,28641.380859375,20170.0390625,3236.219970703125,17558.900390625,112299.0,19873.30078125,7104.10009765625
2022-08-29,4030.610107421875,12017.669921875,,12892.990234375,6222.27978515625,27878.9609375,20023.220703125,3240.72998046875,17312.900390625,112323.0,19836.099609375,6965.5
2022-08-30,3986.159912109375,11883.1396484375,7361.60009765625,12961.1396484375,6210.22021484375,28195.580078125,19949.029296875,3227.219970703125,17759.30078125,110431.0,19512.900390625,6998.2998046875
2022-08-31,3955.0,11816.2001953125,7284.2001953125,12834.9599609375,6125.10009765625,28091.529296875,19954.390625,3202.139892578125,,109523.0,19330.80078125,6986.7998046875
2022-09-01,3966.85009765625,11785.1298828125,7148.5,12630.23046875,6034.31005859375,27661.470703125,19597.310546875,3184.97998046875,17542.80078125,110405.0,19142.69921875,6845.60009765625
2022-09-02,3924.260009765625,11630.8603515625,7281.2001953125,13050.26953125,6167.509765625,27650.83984375,19452.08984375,3186.47998046875,17539.44921875,110864.0,19270.900390625,6828.7001953125
2022-09-05,,,7287.39990234375,12760.7802734375,6093.22021484375,27619.609375,19225.69921875,3199.912109375,17665.80078125,112203.0,,6852.2001953125
2022-09-06,3908.18994140625,11544.91015625,7300.39990234375,12871.4404296875,6104.60986328125,27626.509765625,19202.73046875,3243.449951171875,17655.599609375,109764.0,19088.19921875,6826.5
2022-09-07,3979.8701171875,11791.900390625,7237.7998046875,12915.9697265625,6105.919921875,27430.30078125,19044.30078125,3246.2900390625,17624.400390625,,19241.400390625,6729.2998046875
2022-09-08,4006.179931640625,11862.1298828125,7262.10009765625,12904.3203125,6125.89990234375,28065.279296875,18854.619140625,3235.590087890625,17798.75,109916.0,19413.0,6848.7001953125
2022-09-09,4067.360107421875,12112.3095703125,7351.10009765625,13088.2099609375,6212.330078125,28214.75,19362.25,3262.050048828125,17833.349609375,112300.0,19773.30078125,6894.2001953125
2022-09-12,4110.41015625,12266.41015625,7473.0,13402.26953125,6333.58984375,28542.109375,,,17936.349609375,113407.0,19987.19921875,6964.5
2022-09-13,3932.68994140625,11633.5703125,7385.89990234375,13188.9501953125,6245.68994140625,28614.630859375,19326.859375,3263.800048828125,18070.05078125,110794.0,19645.400390625,7009.7001953125
2022-09-14,3946.010009765625,11719.6796875,7277.2998046875,13028.0,6222.41015625,27818.619140625,18847.099609375,3237.5400390625,18003.75,110547.0,19726.099609375,6828.60009765625
2022-09-15,3901.35009765625,11552.3603515625,7282.10009765625,12956.66015625,6157.83984375,27875.91015625,18930.380859375,3199.919921875,17877.400390625,109954.0,19560.19921875,6842.89990234375
2022-09-16,3873.330078125,11448.400390625,7236.7001953125,12741.259765625,6077.2998046875,27567.650390625,18761.689453125,3126.39990234375,17530.849609375,109280.0,19385.900390625,6739.10009765625
2022-09-19,3899.889892578125,11535.01953125,,12803.240234375,6061.58984375,,18565.970703125,3115.60009765625,17622.25,111824.0,19562.400390625,6719.89990234375
2022-09-20,3855.929931640625,11425.0498046875,7192.7001953125,12670.830078125,5979.47021484375,27688.419921875,18781.419921875,3122.409912109375,17816.25,112517.0,19368.69921875,6806.39990234375
2022-09-21,3789.929931640625,11220.1904296875,7237.60009765625,12767.150390625,6031.330078125,27313.130859375,18444.619140625,3117.179931640625,17718.349609375,111936.0,19184.5,6700.2001953125
2022-09-22,3757.989990234375,11066.8095703125,7159.5,12531.6298828125,5918.5,27153.830078125,18147.94921875,3108.909912109375,17629.80078125,114070.0,19002.69921875,
2022-09-23,3693.22998046875,10867.9296875,7018.60009765625,12284.1904296875,5783.41015625,,17933.26953125,3088.3701171875,17327.349609375,111716.0,18481.0,6574.7001953125
2022-09-26,3655.0400390625,10802.919921875,7021.0,12227.919921875,5769.39013671875,26431.55078125,17855.140625,3051.22998046875,17016.30078125,109114.0,18327.0,6469.39990234375
2022-09-27,3647.2900390625,10829.5,6984.60009765625,12139.6796875,5753.81982421875,26571.869140625,17860.310546875,3093.860107421875,17007.400390625,108376.0,18307.900390625,6496.2001953125
2022-09-28,3719.0400390625,11051.6396484375,7005.39990234375,12183.2802734375,5765.009765625,26173.98046875,17250.880859375,3045.070068359375,16858.599609375,108451.0,18648.900390625,6462.0
2022-09-29,3640.469970703125,10737.509765625,6881.60009765625,11975.5498046875,5676.8701171875,26422.05078125,17165.869140625,3041.199951171875,16818.099609375,107664.0,18441.80078125,6555.0
2022-09-30,3585.6201171875,10575.6201171875,6893.7998046875,12114.3603515625,5762.33984375,25937.2109375,17222.830078125,3024.389892578125,17094.349609375,110037.0,18444.19921875,6474.2001953125
2022-10-03,3678.429931640625,10815.4296875,6908.7998046875,12209.48046875,5794.14990234375,26215.7890625,17079.509765625,,16887.349609375,116134.0,18881.19921875,6456.89990234375
2022-10-04,3790.929931640625,11176.41015625,7086.5,12670.48046875,6039.68994140625,26992.2109375,,,17274.30078125,116230.0,19371.0,6699.2998046875
2022-10-05,3783.280029296875,11148.6396484375,7052.60009765625,12517.1796875,5985.4599609375,27120.529296875,18087.970703125,,,117198.0,19235.099609375,6815.7001953125
2022-10-06,3744.52001953125,11073.3095703125,6997.2998046875,12470.7802734375,5936.419921875,27311.30078125,18012.150390625,,17331.80078125,117561.0,18979.0,6817.5
2022-10-07,3639.659912109375,10652.400390625,6991.10009765625,12273.0,5866.93994140625,27116.109375,17740.05078125,,17314.650390625,116375.0,18583.099609375,6762.7998046875
2022-10-10,3612.389892578125,10542.099609375,6959.2998046875,12272.9404296875,5840.5498046875,,17216.66015625,2974.14990234375,17241.0,115941.0,,6667.7998046875
2022-10-11,3588.840087890625,10426.1904296875,6885.2001953125,12220.25,5833.2001953125,26401.25,16832.359375,2979.7900390625,16983.55078125,114827.0,18216.69921875,6645.0
2022-10-12,3577.030029296875,10417.099609375,6826.2001953125,12172.259765625,5818.47021484375,26396.830078125,16701.029296875,3025.510009765625,17123.599609375,,18206.30078125,6647.5
2022-10-13,3669.909912109375,10649.150390625,6850.2998046875,12355.580078125,5879.18994140625,26237.419921875,16389.109375,3016.360107421875,17014.349609375,114300.0,18613.599609375,6642.60009765625
2022-10-14,3583.070068359375,10321.3896484375,6858.7998046875,12437.8095703125,5931.919921875,27090.759765625,16587.689453125,3071.989990234375,17185.69921875,112072.0,18326.400390625,6758.7998046875
2022-10-17,3677.949951171875,10675.7998046875,6920.2001953125,12649.0302734375,6040.66015625,26775.7890625,16612.900390625,3084.93994140625,17311.80078125,113624.0,18621.0,6664.39990234375
2022-10-18,3719.97998046875,10772.400390625,6936.7001953125,12765.6103515625,6067.0,27156.140625,16914.580078125,3080.9599609375,17486.94921875,115743.0,18798.19921875,6779.2001953125
2022-10-19,3695.159912109375,10680.509765625,6925.0,12741.41015625,6040.72021484375,27257.380859375,16511.279296875,3044.3798828125,17512.25,116274.0,18674.400390625,6800.10009765625
2022-10-20,3665.780029296875,10614.83984375,6943.89990234375,12767.41015625,6086.89990234375,27006.9609375,16280.2197265625,3035.050048828125,17563.94921875,117171.0,18579.30078125,6730.7001953125
2022-10-21,3752.75,10859.7197265625,6969.7001953125,12730.900390625,6035.39013671875,26890.580078125,16211.1201171875,3038.929931640625,17576.30078125,119929.0,18861.0,6676.7998046875
2022-10-24,3797.340087890625,10952.6103515625,7014.0,12931.4501953125,6131.35986328125,26974.900390625,15180.6904296875,2977.56005859375,17730.75,116013.0,18918.400390625,6779.39990234375
2022-10-25,3859.110107421875,11199.1201171875,7013.5,13052.9599609375,6250.5498046875,27250.279296875,15165.58984375,2976.280029296875,17656.349609375,114626.0,19097.0,6798.60009765625
2022-10-26,3830.60009765625,10970.990234375,7056.10009765625,13195.8095703125,6276.31005859375,27431.83984375,15317.669921875,2999.5,,112764.0,19279.80078125,6810.89990234375
2022-10-27,3807.300048828125,10792.669921875,7073.7001953125,13211.23046875,6244.02978515625,27345.240234375,15427.9404296875,2982.89990234375,17736.94921875,114641.0,19352.099609375,6845.10009765625
2022-10-28,3901.06005859375,11102.4501953125,7047.7001953125,13243.330078125,6273.0498046875,27105.19921875,14863.0595703125,2915.929931640625,17786.80078125,114539.0,19471.19921875,6785.7001953125
2022-10-31,3871.97998046875,10988.150390625,7094.5,13253.740234375,6266.77001953125,27587.4609375,14687.01953125,2893.47998046875,18012.19921875,116037.0,19426.099609375,6863.5
2022-11-01,3856.10009765625,10890.849609375,7186.2001953125,13338.740234375,6328.25,27678.919921875,15455.26953125,2969.199951171875,18145.400390625,116929.0,19517.69921875,6976.89990234375
2022-11-02,3759.68994140625,10524.7998046875,7144.10009765625,13256.740234375,6276.8798828125,27663.390625,15827.169921875,3003.3701171875,18082.849609375,,19277.0,6986.7001953125
2022-11-03,3719.889892578125,10342.9404296875,7188.60009765625,13130.1904296875,6243.27978515625,,15339.490234375,2997.81005859375,18052.69921875,116896.0,19241.19921875,6857.89990234375
2022-11-04,3770.550048828125,10475.25,7334.7998046875,13459.849609375,6416.43994140625,27199.740234375,16161.1396484375,3070.800048828125,18117.150390625,118155.0,19449.80078125,6892.5
2022-11-07,3806.800048828125,10564.51953125,7300.0,13533.51953125,6416.60986328125,27527.640625,16595.91015625,3077.820068359375,18202.80078125,115342.0,19545.900390625,6933.7001953125
2022-11-08,3828.110107421875,10616.2001953125,7306.10009765625,13688.75,6441.5,27872.109375,16557.310546875,3064.489990234375,,116160.0,19660.30078125,6958.89990234375
2022-11-09,3748.570068359375,10353.169921875,7296.2998046875,13666.3203125,6430.56982421875,27716.4296875,16358.51953125,3048.169921875,18157.0,113580.0,19344.30078125,6999.2998046875
2022-11-10,3956.3701171875,11114.150390625,7375.2998046875,14146.08984375,6556.830078125,27446.099609375,16081.0400390625,3036.1298828125,18028.19921875,109775.0,19990.400390625,6964.0
2022-11-11,3992.929931640625,11323.330078125,7318.0,14224.8603515625,6594.6201171875,28263.5703125,17325.66015625,3087.2900390625,18349.69921875,112253.0,20111.5,7158.0
2022-11-14,3957.25,11196.2197265625,7385.2001953125,14313.2998046875,6609.169921875,27963.470703125,17619.7109375,3083.39990234375,18329.150390625,113161.0,19921.80078125,7146.2998046875
2022-11-15,3991.72998046875,11358.41015625,7369.39990234375,14378.509765625,6641.66015625,27990.169921875,18343.119140625,3134.080078125,18403.400390625,,19994.80078125,7141.60009765625
2022-11-16,3958.7900390625,11183.66015625,7351.2001953125,14234.0302734375,6607.22021484375,28028.30078125,18256.48046875,3119.97998046875,18409.650390625,110243.0,19958.0,7122.2001953125
2022-11-17,3946.56005859375,11144.9599609375,7346.5,14266.3798828125,6576.1201171875,27930.5703125,18045.66015625,3115.429931640625,18343.900390625,109703.0,19884.599609375,7135.7001953125
2022-11-18,3965.340087890625,11146.0595703125,7385.5,14431.8603515625,6644.4599609375,27899.76953125,17992.5390625,3097.239990234375,18307.650390625,108880.0,19980.900390625,7151.7998046875
2022-11-21,3949.93994140625,11024.509765625,7376.89990234375,14379.9296875,6634.4501953125,27944.7890625,17655.91015625,3085.0439453125,18159.94921875,109748.0,19977.099609375,7139.2998046875
2022-11-22,4003.580078125,11174.41015625,7452.7998046875,14422.349609375,6657.52978515625,28115.740234375,17424.41015625,3088.943115234375,18244.19921875,109037.0,20220.0,7181.2998046875
2022-11-23,4027.260009765625,11285.3203125,7465.2001953125,14427.58984375,6679.08984375,,17523.810546875,3096.906982421875,18267.25,108683.0,20282.30078125,7247.39990234375
2022-11-24,,,7466.60009765625,14539.5595703125,6707.31982421875,28383.08984375,17660.900390625,3089.31005859375,18484.099609375,111831.0,20344.099609375,7241.7998046875
2022-11-25,4026.1201171875,11226.3603515625,7486.7001953125,14541.3798828125,6712.47998046875,28283.029296875,17573.580078125,3101.68994140625,18512.75,108977.0,20383.80078125,7259.5
2022-11-28,3963.93994140625,11049.5,7474.0,14383.3603515625,6665.2001953125,28162.830078125,17297.939453125,3078.550048828125,18562.75,108782.0,20220.5,7229.10009765625
2022-11-29,3957.6298828125,10983.7802734375,7512.0,14355.4501953125,6668.97021484375,28027.83984375,18204.6796875,3149.75,18618.05078125,110910.0,20277.400390625,7253.2998046875
2022-11-30,4080.110107421875,11468.0,7573.10009765625,14397.0400390625,6738.5498046875,27968.990234375,18597.23046875,3151.340087890625,18758.349609375,112486.0,20453.30078125,7284.2001953125
2022-12-01,4076.570068359375,11482.4501953125,7558.5,14490.2998046875,6753.97021484375,28226.080078125,18736.439453125,3165.469970703125,18812.5,110926.0,20525.5,7354.39990234375
2022-12-02,4071.699951171875,11461.5,7556.2001953125,14529.3896484375,6742.25,27777.900390625,18675.349609375,3156.139892578125,18696.099609375,111924.0,20485.69921875,7301.5
2022-12-05,3998.840087890625,11239.9404296875,7567.5,14447.6103515625,6696.9599609375,27820.400390625,19518.2890625,3211.81005859375,18701.05078125,109401.0,20242.30078125,7325.60009765625
2022-12-06,3941.260009765625,11014.8896484375,7521.39990234375,14343.1904296875,6687.7900390625,27885.869140625,19441.1796875,3212.530029296875,18642.75,109533.0,19990.19921875,7291.2998046875
2022-12-07,3933.919921875,10958.5498046875,7489.2001953125,14261.1904296875,6660.58984375,27686.400390625,18814.8203125,3199.6201171875,18560.5,109361.0,19973.19921875,7229.39990234375
2022-12-08,3963.510009765625,11082.0,7472.2001953125,14264.5595703125,6647.31005859375,27574.4296875,19450.23046875,3197.35009765625,18609.349609375,107245.0,19969.19921875,7175.5
2022-12-09,3934.3798828125,11004.6201171875,7476.60009765625,14370.7197265625,6677.64013671875,27901.009765625,19900.869140625,3206.949951171875,18496.599609375,107689.0,19947.099609375,7213.2001953125
2022-12-12,3990.56005859375,11143.740234375,7446.0,14306.6298828125,6650.5498046875,27842.330078125,19463.630859375,3179.0400390625,18497.150390625,105264.0,20019.69921875,7180.7998046875
2022-12-13,4019.64990234375,11256.8095703125,7502.89990234375,14497.8896484375,6744.97998046875,27954.849609375,19596.19921875,3176.330078125,18608.0,103892.0,20023.5,7203.2998046875
2022-12-14,3995.320068359375,11170.8896484375,7495.89990234375,14460.2001953125,6730.7900390625,28156.2109375,19673.44921875,3176.530029296875,18660.30078125,103803.0,19891.69921875,7251.2998046875
2022-12-15,3895.75,10810.5302734375,7426.2001953125,13986.23046875,6522.77001953125,28051.69921875,19368.58984375,3168.64990234375,18414.900390625,103738.0,19600.599609375,7204.7998046875
2022-12-16,3852.360107421875,10705.41015625,7332.10009765625,13893.0703125,6452.6298828125,27527.119140625,19450.669921875,3167.85791015625,18269.0,102825.0,19443.30078125,7148.7001953125
2022-12-19,3817.659912109375,10546.0302734375,7361.2998046875,13942.8701171875,6473.2900390625,27237.640625,19352.810546875,3107.1201171875,18420.44921875,104530.0,19200.80078125,7133.89990234375
2022-12-20,3821.6201171875,10547.1103515625,7370.60009765625,13884.66015625,6450.43017578125,26568.029296875,19094.80078125,3073.77001953125,18385.30078125,106979.0,19306.900390625,7024.2998046875
2022-12-21,3878.43994140625,10709.3701171875,7497.2998046875,14097.8203125,6580.240234375,26387.720703125,19160.490234375,3068.409912109375,18199.099609375,107313.0,19571.099609375,7115.10009765625
2022-12-22,3822.389892578125,10476.1201171875,7469.2998046875,13914.0703125,6517.97021484375,26507.869140625,19679.220703125,3054.429931640625,18127.349609375,107317.0,19349.69921875,7152.5
2022-12-23,3844.820068359375,10497.8603515625,7473.0,13940.9296875,6504.89990234375,26235.25,19593.060546875,3045.865966796875,17806.80078125,109698.0,19506.69921875,7107.7001953125
2022-12-26,,,,,,26405.869140625,,3065.56298828125,18014.599609375,108738.0,,
2022-12-27,3829.25,10353.23046875,,13995.099609375,6550.66015625,26447.869140625,,3095.570068359375,18132.30078125,108347.0,,
2022-12-28,3783.219970703125,10213.2900390625,7497.2001953125,13925.599609375,6510.490234375,26340.5,19898.91015625,3087.39990234375,18122.5,110237.0,19284.099609375,7086.39990234375
2022-12-29,3849.280029296875,10478.08984375,7512.7001953125,14071.7197265625,6573.47021484375,26093.669921875,19741.140625,3073.699951171875,18191.0,110031.0,19485.900390625,7020.10009765625
2022-12-30,3839.5,10466.48046875,7451.7001953125,13923.58984375,6473.759765625,26094.5,19781.41015625,3089.260009765625,18105.30078125,,19384.900390625,7038.7001953125
2023-01-02,,,,14069.259765625,6594.56982421875,,,,18197.44921875,106376.0,,
2023-01-03,3824.139892578125,10386.98046875,7554.10009765625,14181.669921875,6623.89013671875,,20145.2890625,3116.510009765625,18232.55078125,104166.0,19443.80078125,6946.2001953125
2023-01-04,3852.969970703125,10458.759765625,7585.2001953125,14490.7802734375,6776.43017578125,25716.859375,20793.109375,3123.52001953125,18042.94921875,105334.0,19588.80078125,7059.2001953125
2023-01-05,3808.10009765625,10305.240234375,7633.5,14436.3095703125,6761.5,25820.80078125,21052.169921875,3155.219970703125,17992.150390625,107518.0,19506.80078125,7063.60009765625
2023-01-06,3895.080078125,10569.2900390625,7699.5,14610.01953125,6860.9501953125,25973.849609375,20991.640625,3157.639892578125,17859.44921875,108836.0,19814.5,7109.60009765625
2023-01-09,3892.090087890625,10635.650390625,7724.89990234375,14792.830078125,6907.35986328125,,21388.33984375,3176.080078125,18101.19921875,109227.0,19857.099609375,7151.2998046875
2023-01-10,3919.25,10742.6298828125,7694.5,14774.599609375,6869.14013671875,26175.560546875,21331.4609375,3169.510009765625,17914.150390625,110912.0,19898.900390625,7131.0
2023-01-11,3969.610107421875,10931.669921875,7725.0,14947.91015625,6924.18994140625,26446.0,21436.05078125,3161.840087890625,17895.69921875,111763.0,20025.099609375,7195.2998046875
2023-01-12,3983.169921875,11001.099609375,7794.0,15058.2998046875,6975.68017578125,26449.8203125,21514.099609375,3163.449951171875,17858.19921875,111877.0,20211.19921875,7280.39990234375
2023-01-13,3999.090087890625,11079.16015625,7844.10009765625,15086.51953125,7023.5,26119.51953125,21738.66015625,3195.31005859375,17956.599609375,110916.0,20360.099609375,7328.10009765625
2023-01-16,,,7860.10009765625,15134.0400390625,7043.31005859375,25822.3203125,21746.720703125,3227.592041015625,17894.849609375,109213.0,20390.30078125,7388.2001953125
2023-01-17,3990.969970703125,11095.1103515625,7851.0,15187.0703125,7077.16015625,26138.6796875,21577.640625,3224.239990234375,18053.30078125,111439.0,20457.5,7386.2998046875
2023-01-18,3928.860107421875,10957.009765625,7830.7001953125,15181.7998046875,7083.39013671875,26791.119140625,21678.0,3224.409912109375,18165.349609375,112452.0,20376.19921875,7393.39990234375
2023-01-19,3898.85009765625,10852.26953125,7747.2998046875,14920.3603515625,6951.8701171875,26405.23046875,21650.98046875,3240.280029296875,18107.849609375,113006.0,20341.400390625,7435.2998046875
2023-01-20,3972.610107421875,11140.4296875,7770.60009765625,15033.5595703125,6995.990234375,26553.529296875,22044.650390625,3264.81005859375,18027.650390625,112301.0,20503.19921875,7452.2001953125
2023-01-23,4019.81005859375,11364.41015625,7784.7001953125,15102.9501953125,7032.02001953125,26906.0390625,,,18118.55078125,111709.0,20631.599609375,7457.2998046875
2023-01-24,4016.949951171875,11334.26953125,7757.39990234375,15093.1103515625,7050.47998046875,27299.189453125,,,18118.30078125,113028.0,20629.599609375,7490.39990234375
2023-01-25,4016.219970703125,11313.3603515625,7744.89990234375,15081.6396484375,7043.8798828125,27395.009765625,,,17891.94921875,114195.0,20599.599609375,7468.2998046875
2023-01-26,4060.429931640625,11512.41015625,7761.10009765625,15132.849609375,7095.990234375,27362.75,22566.779296875,,,114109.0,20700.5,
2023-01-27,4070.56005859375,11621.7099609375,7765.2001953125,15150.0302734375,7097.2099609375,27382.560546875,22688.900390625,,17604.349609375,112502.0,20714.5,7493.7998046875
2023-01-30,4017.77001953125,11393.8095703125,7784.89990234375,15126.080078125,7082.009765625,27433.400390625,22069.73046875,3269.320068359375,17648.94921875,111888.0,20572.099609375,7481.7001953125
2023-01-31,4076.60009765625,11584.5498046875,7771.7001953125,15128.26953125,7082.419921875,27327.109375,21842.330078125,3255.669921875,17662.150390625,113532.0,20767.400390625,7476.7001953125
2023-02-01,4119.2099609375,11816.3203125,7761.10009765625,15180.740234375,7077.10986328125,27346.880859375,22072.1796875,3284.919921875,17616.30078125,112303.0,20751.099609375,7501.7001953125
2023-02-02,4179.759765625,12200.8203125,7820.2001953125,15509.1904296875,7166.27001953125,27402.05078125,21958.359375,3285.669921875,17610.400390625,109935.0,20740.400390625,7511.60009765625
2023-02-03,4136.47998046875,12006.9501953125,7901.7998046875,15476.4296875,7233.93994140625,27509.4609375,21660.470703125,3263.409912109375,17854.05078125,108490.0,20758.30078125,7558.10009765625
2023-02-06,4111.080078125,11887.4501953125,7836.7001953125,15345.91015625,7137.10009765625,27693.650390625,21222.16015625,3238.699951171875,17764.599609375,108456.0,20628.900390625,7539.0
2023-02-07,4164.0,12113.7900390625,7864.7001953125,15320.8798828125,7132.35009765625,27685.470703125,21298.69921875,3248.090087890625,17721.5,107920.0,20725.0,7504.10009765625
2023-02-08,4117.85986328125,11910.51953125,7885.2001953125,15412.0498046875,7119.830078125,27606.4609375,21283.51953125,3232.110107421875,17871.69921875,109882.0,20679.5,7530.10009765625
2023-02-09,4081.5,11789.580078125,7911.2001953125,15523.419921875,7188.35986328125,27584.349609375,21624.359375,3270.3798828125,17893.44921875,107783.0,20597.80078125,7490.2998046875
2023-02-10,4090.4599609375,11718.1201171875,7882.5,15307.98046875,7129.72998046875,27670.98046875,21190.419921875,3260.669921875,17856.5,108150.0,20612.099609375,7433.7001953125
2023-02-13,4137.2900390625,11891.7900390625,7947.60009765625,15397.33984375,7208.58984375,27427.3203125,21164.419921875,3284.159912109375,17770.900390625,108846.0,20702.19921875,7417.7998046875
2023-02-14,4136.1298828125,11960.150390625,7953.89990234375,15380.5595703125,7213.81005859375,27602.76953125,21113.759765625,3293.280029296875,17929.849609375,107659.0,20704.80078125,7430.89990234375
2023-02-15,4147.60009765625,12070.58984375,7997.7998046875,15506.33984375,7300.85986328125,27501.859375,20812.169921875,3280.489990234375,18015.849609375,109442.0,20720.400390625,7352.2001953125
2023-02-16,4090.409912109375,11855.830078125,8012.5,15533.6396484375,7366.16015625,27696.439453125,20987.669921875,3249.030029296875,18035.849609375,109905.0,20606.400390625,7410.2998046875
2023-02-17,4079.090087890625,11787.26953125,8004.39990234375,15482.0,7347.72021484375,27513.130859375,20719.810546875,3224.02001953125,17944.19921875,109303.0,20515.19921875,7346.7998046875
2023-02-20,,,8014.2998046875,15477.5498046875,7335.60986328125,27531.939453125,20886.9609375,3290.340087890625,17844.599609375,,,7351.5
2023-02-21,3997.340087890625,11492.2998046875,7977.7998046875,15397.6201171875,7308.64990234375,27473.099609375,20529.490234375,3306.52001953125,17826.69921875,,20252.599609375,7336.2998046875
2023-02-22,3991.050048828125,11507.0703125,7930.60009765625,15399.8896484375,7299.259765625,27104.3203125,20423.83984375,3291.14990234375,17554.30078125,107152.0,20193.30078125,7314.5
2023-02-23,4012.320068359375,11590.400390625,7907.7001953125,15475.6904296875,7317.43017578125,,20351.349609375,3287.47998046875,17511.25,107720.0,20188.19921875,7285.39990234375
2023-02-24,3970.0400390625,11394.9404296875,7878.7001953125,15209.740234375,7187.27001953125,27453.48046875,20010.0390625,3267.159912109375,17465.80078125,105873.0,20219.19921875,7307.0
2023-02-27,3982.239990234375,11466.98046875,7935.10009765625,15381.4296875,7295.5498046875,27423.9609375,19943.509765625,3258.030029296875,17392.69921875,105711.0,20260.099609375,7224.7998046875
2023-02-28,3970.14990234375,11455.5400390625,7876.2998046875,15365.1396484375,7267.93017578125,27445.560546875,19785.939453125,3279.610107421875,17303.94921875,104932.0,20221.19921875,7258.39990234375
2023-03-01,3951.389892578125,11379.48046875,7914.89990234375,15305.01953125,7234.25,27516.529296875,20619.7109375,3312.35009765625,17450.900390625,104385.0,20259.80078125,7251.60009765625
2023-03-02,3981.35009765625,11462.98046875,7944.0,15327.6396484375,7284.22021484375,27498.869140625,20429.4609375,3310.64990234375,17321.900390625,103326.0,20337.19921875,7255.39990234375
2023-03-03,4045.639892578125,11689.009765625,7947.10009765625,15578.3896484375,7348.1201171875,27927.470703125,20567.5390625,3328.389892578125,17594.349609375,103866.0,20581.599609375,7283.60009765625
2023-03-06,4048.419921875,11675.740234375,7929.7998046875,15653.580078125,7373.2099609375,28237.779296875,20603.189453125,3322.030029296875,17711.44921875,104700.0,20514.80078125,7328.60009765625
2023-03-07,3986.3701171875,11530.330078125,7919.5,15559.5302734375,7339.27001953125,28309.16015625,20534.48046875,3285.10009765625,,104228.0,20275.5,7364.7001953125
2023-03-08,3992.010009765625,11576.0,7929.89990234375,15631.8701171875,7324.759765625,28444.189453125,20051.25,3283.25,17754.400390625,106540.0,20346.5,7307.7998046875
2023-03-09,3918.320068359375,11338.349609375,7880.0,15633.2099609375,7315.8798828125,28623.150390625,19925.740234375,3276.090087890625,17589.599609375,105071.0,20086.69921875,7311.10009765625
2023-03-10,3861.590087890625,11138.8896484375,7748.39990234375,15427.9697265625,7220.669921875,28143.970703125,19319.919921875,3230.080078125,17412.900390625,103618.0,19774.900390625,7144.7001953125
2023-03-13,3855.760009765625,11188.83984375,7548.60009765625,14959.4697265625,7011.5,27832.9609375,19695.970703125,3268.699951171875,17154.30078125,103121.0,19588.900390625,7108.7998046875
2023-03-14,3919.2900390625,11428.150390625,7637.10009765625,15232.830078125,7141.56982421875,27222.0390625,19247.9609375,3245.31005859375,17043.30078125,102932.0,19694.19921875,7008.89990234375
2023-03-15,3891.929931640625,11434.0498046875,7344.5,14735.259765625,6885.7099609375,27229.48046875,19539.869140625,3263.31005859375,16972.150390625,102675.0,19378.80078125,7068.89990234375
2023-03-16,3960.280029296875,11717.2802734375,7410.0,14967.099609375,7025.72021484375,27010.609375,19203.91015625,3226.889892578125,16985.599609375,103435.0,19539.0,6965.5
2023-03-17,3916.639892578125,11630.509765625,7335.39990234375,14768.2001953125,6925.39990234375,27333.7890625,19518.58984375,3250.550048828125,17100.05078125,101982.0,19387.69921875,6994.7998046875
2023-03-20,3951.570068359375,11675.5400390625,7403.89990234375,14933.3798828125,7013.14013671875,26945.669921875,19000.7109375,3234.909912109375,16988.400390625,100923.0,19519.400390625,6898.5
2023-03-21,4002.8701171875,11860.1103515625,7536.2001953125,15195.33984375,7112.91015625,,19258.759765625,3255.64990234375,17107.5,100998.0,19654.900390625,6955.39990234375
2023-03-22,3936.969970703125,11669.9599609375,7566.7998046875,15216.1904296875,7131.1201171875,27466.609375,19591.4296875,3265.75,17151.900390625,100221.0,19532.80078125,7015.60009765625
2023-03-23,3948.719970703125,11787.400390625,7499.60009765625,15210.3896484375,7139.25,27419.609375,20049.640625,3286.64990234375,17076.900390625,97926.0,19459.900390625,6968.60009765625
2023-03-24,3970.989990234375,11823.9599609375,7405.5,14957.23046875,7015.10009765625,27385.25,19915.6796875,3265.64990234375,16945.05078125,98829.0,19501.5,6955.2001953125
2023-03-27,3977.530029296875,11768.83984375,7471.7998046875,15127.6796875,7078.27001953125,27476.869140625,19567.689453125,3251.39990234375,16985.69921875,99670.0,19624.69921875,6962.0
2023-03-28,3971.27001953125,11716.080078125,7484.2998046875,15142.01953125,7088.33984375,27518.25,19784.650390625,3245.3798828125,16951.69921875,101185.0,19657.5,7034.10009765625
2023-03-29,4027.81005859375,11926.240234375,7564.2998046875,15328.7802734375,7186.990234375,27883.779296875,20192.400390625,3240.06005859375,17080.69921875,101793.0,19837.69921875,7050.2998046875
2023-03-30,4050.830078125,12013.4697265625,7620.39990234375,15522.400390625,7263.3701171875,27782.9296875,20309.130859375,3261.25,,103713.0,19941.0,7122.2998046875
2023-03-31,4109.31005859375,12221.91015625,7631.7001953125,15628.83984375,7322.39013671875,28041.48046875,20400.109375,3272.860107421875,17359.75,101882.0,20099.900390625,7177.7998046875
2023-04-03,4124.509765625,12189.4501953125,7673.0,15580.919921875,7345.9599609375,28188.150390625,20409.1796875,3296.39990234375,17398.05078125,101506.0,20278.30078125,7223.0
2023-04-04,4100.60009765625,12126.330078125,7634.5,15603.4697265625,7344.9599609375,28287.419921875,20274.58984375,3312.56005859375,,101869.0,20275.80078125,7236.0
2023-04-05,4090.3798828125,11996.8603515625,7662.89990234375,15520.169921875,7316.2998046875,27813.259765625,,,17557.05078125,100978.0,20159.599609375,7237.2001953125
2023-04-06,4105.02001953125,12087.9599609375,7741.60009765625,15597.8896484375,7324.75,27472.630859375,20331.19921875,3312.6298828125,17599.150390625,100822.0,20196.69921875,7219.0
2023-04-07,,,,,,27518.310546875,,3327.64990234375,,,,
2023-04-10,4109.10986328125,12084.3603515625,,,,27633.66015625,,3315.360107421875,17624.05078125,101847.0,20275.80078125,
2023-04-11,4108.93994140625,12031.8798828125,7785.7001953125,15655.169921875,7390.27978515625,27923.369140625,20485.240234375,3313.570068359375,17722.30078125,106214.0,20421.900390625,7309.89990234375
2023-04-12,4091.949951171875,11929.33984375,7824.7998046875,15703.599609375,7396.93994140625,28082.69921875,20309.859375,3327.179931640625,17812.400390625,106890.0,20454.30078125,7343.89990234375
2023-04-13,4146.22021484375,12166.26953125,7843.39990234375,15729.4599609375,7480.830078125,28156.970703125,20344.48046875,3318.360107421875,17828.0,106458.0,20564.5,7324.10009765625
2023-04-14,4137.64013671875,12123.4697265625,7871.89990234375,15807.5,7519.60986328125,28493.470703125,20438.810546875,3338.14990234375,,106279.0,20579.900390625,7361.60009765625
2023-04-17,4151.31982421875,12157.7197265625,7879.5,15789.5302734375,7498.18017578125,28514.779296875,20782.44921875,3385.610107421875,17706.849609375,106016.0,20642.0,7381.5
2023-04-18,4154.8701171875,12153.41015625,7909.39990234375,15882.669921875,7533.6298828125,28658.830078125,20650.509765625,3393.330078125,17660.150390625,106163.0,20684.69921875,7360.2001953125
2023-04-19,4154.52001953125,12157.23046875,7898.7998046875,15895.2001953125,7549.43994140625,28606.759765625,20367.759765625,3370.1298828125,17618.75,103913.0,20680.80078125,7365.5
2023-04-20,4129.7900390625,12059.5595703125,7902.60009765625,15795.9697265625,7538.7099609375,28657.5703125,20396.970703125,3367.030029296875,17624.44921875,104367.0,20630.69921875,7362.2001953125
2023-04-21,4133.52001953125,12072.4599609375,7914.10009765625,15881.66015625,7577.0,28564.369140625,20075.73046875,3301.260009765625,17624.05078125,,20693.19921875,7330.39990234375
2023-04-24,4137.0400390625,12037.2001953125,7912.2001953125,15863.9501953125,7573.85986328125,28593.51953125,19959.939453125,3275.409912109375,17743.400390625,103947.0,20676.69921875,7322.0
2023-04-25,4071.6298828125,11799.16015625,7891.10009765625,15872.1298828125,7531.60986328125,28620.0703125,19617.880859375,3264.8701171875,17769.25,103220.0,20439.900390625,
2023-04-26,4055.989990234375,11854.349609375,7852.60009765625,15795.73046875,7466.66015625,28416.470703125,19757.26953125,3264.10009765625,17813.599609375,102312.0,20366.69921875,7316.2998046875
2023-04-27,4135.35009765625,12142.240234375,7831.60009765625,15800.4501953125,7483.83984375,28457.6796875,19840.279296875,3285.8798828125,17915.05078125,102923.0,20522.599609375,7292.7001953125
2023-04-28,4169.47998046875,12226.580078125,7870.60009765625,15922.3798828125,7491.5,28856.439453125,19894.5703125,3323.27001953125,18065.0,104432.0,20636.5,7309.2001953125
2023-05-01,4167.8701171875,12212.599609375,,,,29123.1796875,,,,,20615.099609375,7334.60009765625
2023-05-02,4119.580078125,12080.509765625,7773.0,15726.9404296875,7383.2001953125,29157.94921875,19933.810546875,,18147.650390625,101927.0,20407.599609375,7267.39990234375
2023-05-03,4090.75,12025.330078125,7788.39990234375,15815.0595703125,7403.830078125,,19699.16015625,,18089.849609375,101797.0,20354.69921875,7197.39990234375
2023-05-04,4061.219970703125,11966.400390625,7702.60009765625,15734.240234375,7340.77001953125,,19948.73046875,3350.4599609375,18255.80078125,102174.0,20238.19921875,7193.10009765625
2023-05-05,4136.25,12235.41015625,7778.39990234375,15961.01953125,7432.93017578125,,20049.310546875,3334.5,18069.0,105148.0,20542.0,7220.0
2023-05-08,4138.1201171875,12256.919921875,,15952.830078125,7440.91015625,28949.880859375,20297.029296875,3395.0,18264.400390625,106042.0,20585.19921875,7276.5
2023-05-09,4119.169921875,12179.5498046875,7764.10009765625,15955.48046875,7397.169921875,29242.8203125,19867.580078125,3357.669921875,18265.94921875,107114.0,20585.69921875,7264.10009765625
2023-05-10,4137.64013671875,12306.4404296875,7741.2998046875,15896.23046875,7361.2001953125,29122.1796875,19762.19921875,3319.14990234375,18315.099609375,107448.0,20499.30078125,7255.7001953125
2023-05-11,4130.6201171875,12328.509765625,7730.60009765625,15834.91015625,7381.77978515625,29126.720703125,19743.7890625,3309.550048828125,18297.0,108256.0,20417.599609375,7251.89990234375
2023-05-12,4124.080078125,12284.740234375,7754.60009765625,15913.8203125,7414.85009765625,29388.30078125,19627.240234375,3272.360107421875,18314.80078125,108464.0,20419.599609375,7256.7001953125
2023-05-15,4136.27978515625,12365.2099609375,7777.7001953125,15917.240234375,7418.2099609375,29626.33984375,19971.130859375,3310.739990234375,18398.849609375,109029.0,20540.0,7267.10009765625
2023-05-16,4109.89990234375,12343.0498046875,7751.10009765625,15897.9296875,7406.009765625,29842.990234375,19978.25,3290.989990234375,18286.5,108194.0,20242.099609375,7234.7001953125
2023-05-17,4158.77001953125,12500.5703125,7723.2001953125,15951.2998046875,7399.43994140625,30093.58984375,19560.5703125,3284.22998046875,18181.75,109460.0,20296.400390625,7199.2001953125
2023-05-18,4198.0498046875,12688.83984375,7742.2998046875,16163.3603515625,7446.89013671875,30573.9296875,19727.25,3297.320068359375,18129.94921875,110108.0,20297.099609375,7236.7998046875
2023-05-19,4191.97998046875,12657.900390625,7756.89990234375,16275.3798828125,7491.9599609375,30808.349609375,19450.5703125,3283.5400390625,18203.400390625,110745.0,20351.099609375,7279.5
2023-05-22,4192.6298828125,12720.7802734375,7771.0,16223.990234375,7478.16015625,31086.8203125,19678.169921875,3296.469970703125,18314.400390625,110213.0,,7263.2998046875
2023-05-23,4145.580078125,12560.25,7763.0,16152.8603515625,7378.7099609375,30957.76953125,19431.25,3246.239990234375,18348.0,109929.0,20146.0,7259.89990234375
2023-05-24,4115.240234375,12484.16015625,7627.10009765625,15842.1298828125,7253.4599609375,30682.6796875,19115.9296875,3204.75,18285.400390625,108800.0,19927.69921875,7213.7998046875
2023-05-25,4151.27978515625,12698.08984375,7570.89990234375,15793.7998046875,7229.27001953125,30801.130859375,18746.919921875,3201.260009765625,18321.150390625,110054.0,19774.099609375,7138.2001953125
2023-05-26,4205.4501953125,12975.6904296875,7627.2001953125,15983.9697265625,7319.18017578125,30916.310546875,,3212.5,18499.349609375,110906.0,19920.30078125,7154.7998046875
2023-05-29,,,,15952.73046875,7303.81005859375,31233.5390625,18551.109375,3221.449951171875,18598.650390625,110333.0,19968.0,7217.39990234375
2023-05-30,4205.52001953125,13017.4296875,7522.10009765625,15908.91015625,7209.75,31328.16015625,18595.779296875,3224.2099609375,18633.849609375,108967.0,19739.69921875,7209.2998046875
2023-05-31,4179.830078125,12935.2900390625,7446.10009765625,15664.01953125,7098.7001953125,30887.880859375,18234.26953125,3204.56005859375,18534.400390625,108335.0,19572.19921875,7091.2998046875
2023-06-01,4221.02001953125,13100.98046875,7490.2998046875,15853.66015625,7137.43017578125,31148.009765625,18216.91015625,3204.6298828125,18487.75,110565.0,19672.30078125,7110.7998046875
2023-06-02,4282.3701171875,13240.76953125,7607.2998046875,16051.23046875,7270.68994140625,31524.220703125,18949.939453125,3230.070068359375,18534.099609375,112558.0,20024.599609375,7145.10009765625
2023-06-05,4273.7900390625,13229.4296875,7600.0,15963.8896484375,7200.91015625,32217.4296875,19108.5,3232.43994140625,18593.849609375,112696.0,19931.599609375,7216.2998046875
2023-06-06,4283.85009765625,13276.419921875,7628.10009765625,15992.4404296875,7209.0,32506.779296875,19099.279296875,3195.340087890625,18599.0,114610.0,20055.599609375,7129.60009765625
2023-06-07,4267.52001953125,13104.900390625,7624.2998046875,15960.5595703125,7202.7900390625,31913.740234375,19252.0,3197.760009765625,18726.400390625,115488.0,19983.69921875,7118.0
2023-06-08,4293.93017578125,13238.51953125,7599.7001953125,15989.9599609375,7222.14990234375,31641.26953125,19299.1796875,3213.590087890625,18634.55078125,,19942.69921875,7099.7001953125
2023-06-09,4298.85986328125,13259.1396484375,7562.39990234375,15949.83984375,7213.14013671875,32265.169921875,19389.94921875,3231.409912109375,18563.400390625,117019.0,19892.099609375,7122.5
2023-06-12,4338.93017578125,13461.919921875,7570.7001953125,16097.8701171875,7250.35009765625,32434.0,19404.310546875,3228.830078125,18601.5,117336.0,19921.30078125,
2023-06-13,4369.009765625,13573.3203125,7594.7998046875,16230.6796875,7290.7998046875,33018.6484375,19521.419921875,3233.669921875,18716.150390625,116743.0,19990.400390625,7138.89990234375
2023-06-14,4372.58984375,13626.48046875,7602.7001953125,16310.7900390625,7328.52978515625,33502.421875,19408.419921875,3228.989990234375,18755.900390625,119069.0,20015.099609375,7161.7001953125
2023-06-15,4425.83984375,13782.8203125,7628.2998046875,16290.1201171875,7290.91015625,33485.48828125,19828.919921875,3252.97998046875,18688.099609375,119221.0,20027.400390625,7175.2998046875
2023-06-16,4409.58984375,13689.5703125,7642.7001953125,16357.6298828125,7388.64990234375,33706.078125,20040.369140625,3273.330078125,18826.0,118758.0,19975.400390625,7251.2001953125
2023-06-19,,,7588.5,16201.2001953125,7314.0498046875,33370.421875,19912.890625,3255.81005859375,18755.44921875,119858.0,19934.19921875,7294.89990234375
2023-06-20,4388.7099609375,13667.2900390625,7569.2998046875,16111.3203125,7294.169921875,33388.91015625,19607.080078125,3240.360107421875,18816.69921875,119622.0,19754.099609375,7357.7998046875
2023-06-21,4365.68994140625,13502.2001953125,7559.2001953125,16023.1298828125,7260.97021484375,33575.140625,19218.349609375,3197.89990234375,18856.849609375,120420.0,19706.0,7314.89990234375
2023-06-22,4381.89013671875,13630.6103515625,7502.0,15988.16015625,7203.27978515625,33264.87890625,,,18771.25,118934.0,19580.900390625,7195.5
2023-06-23,4348.330078125,13492.51953125,7461.89990234375,15829.9404296875,7163.419921875,32781.5390625,18889.970703125,,18665.5,118977.0,19418.19921875,7099.2001953125
2023-06-26,4328.81982421875,13335.7802734375,7453.60009765625,15813.0595703125,7184.35009765625,32698.810546875,18794.130859375,3150.6201171875,18691.19921875,118243.0,19587.30078125,7078.7001953125
2023-06-27,4378.41015625,13555.669921875,7461.5,15846.8603515625,7215.580078125,32538.330078125,19148.130859375,3189.43994140625,18817.400390625,117523.0,19733.099609375,7118.2001953125
2023-06-28,4376.85986328125,13591.75,7500.5,15949.0,7286.31982421875,33193.98828125,19172.05078125,3189.3798828125,18972.099609375,116681.0,19818.900390625,7196.5
2023-06-29,4396.43994140625,13591.330078125,7471.7001953125,15946.7197265625,7312.72998046875,33234.140625,18934.359375,3182.3798828125,,118383.0,19913.19921875,7194.89990234375
2023-06-30,4450.3798828125,13787.919921875,7531.5,16147.900390625,7400.06005859375,33189.0390625,18916.4296875,3202.06005859375,19189.05078125,118087.0,20155.30078125,7203.2998046875
2023-07-03,4455.58984375,13816.76953125,7527.2998046875,16081.0400390625,7386.7001953125,33753.328125,19306.58984375,3243.97998046875,19322.55078125,119673.0,,7246.10009765625
2023-07-04,,,7519.7001953125,16039.169921875,7369.93017578125,33422.51953125,19415.6796875,3245.35009765625,19389.0,119076.0,20204.900390625,7279.0
2023-07-05,4446.81982421875,13791.650390625,7442.10009765625,15937.580078125,7310.81005859375,33338.69921875,19110.380859375,3222.949951171875,19398.5,119549.0,20103.900390625,7253.2001953125
2023-07-06,4411.58984375,13679.0400390625,7280.5,15528.5400390625,7082.2900390625,32773.01953125,18533.05078125,3205.570068359375,19497.30078125,117426.0,19810.69921875,7163.39990234375
2023-07-07,4398.9501953125,13660.7197265625,7256.89990234375,15603.400390625,7111.8798828125,32388.419921875,18365.69921875,3196.610107421875,19331.80078125,118898.0,19831.0,7042.2998046875
2023-07-10,4409.52978515625,13685.48046875,7273.7998046875,15673.16015625,7143.68994140625,32189.73046875,18479.720703125,3203.699951171875,19355.900390625,117942.0,19822.5,7004.0
2023-07-11,4439.259765625,13760.7001953125,7282.5,15790.33984375,7220.009765625,32203.5703125,18659.830078125,3221.3701171875,19439.400390625,117220.0,19878.599609375,7108.89990234375
2023-07-12,4472.16015625,13918.9599609375,7416.10009765625,16023.0,7333.009765625,31943.9296875,18860.94921875,3196.1298828125,19384.30078125,117666.0,20070.80078125,7135.7001953125
2023-07-13,4510.0400390625,14138.5703125,7440.2001953125,16141.0302734375,7369.7998046875,32419.330078125,19350.619140625,3236.47998046875,19413.75,119264.0,20277.599609375,7246.89990234375
2023-07-14,4505.419921875,14113.7001953125,7434.60009765625,16105.0703125,7374.5400390625,32391.259765625,19413.779296875,3237.699951171875,19564.5,117711.0,20262.099609375,7303.10009765625
2023-07-17,4522.7900390625,14244.9501953125,7406.39990234375,16068.650390625,7291.66015625,,,3209.6298828125,19711.44921875,118219.0,20226.80078125,7298.5
2023-07-18,4554.97998046875,14353.6396484375,7453.7001953125,16125.490234375,7319.18017578125,32493.890625,19015.720703125,3197.820068359375,19749.25,117841.0,20376.599609375,7283.7998046875
2023-07-19,4565.72021484375,14358.01953125,7588.2001953125,16108.9296875,7326.93994140625,32896.03125,18952.310546875,3198.840087890625,19833.150390625,117552.0,20491.19921875,7323.7001953125
2023-07-20,4534.8701171875,14063.3095703125,7646.10009765625,16204.2197265625,7384.91015625,32490.51953125,18928.01953125,3169.52001953125,19979.150390625,118083.0,20436.900390625,7325.0
2023-07-21,4536.33984375,14032.8095703125,7663.7001953125,16177.2197265625,7432.77001953125,32304.25,19075.259765625,3167.75,19745.0,120217.0,20547.5,7313.89990234375
2023-07-24,4554.64013671875,14058.8701171875,7678.60009765625,16190.9501953125,7427.31005859375,32700.939453125,18668.150390625,3164.159912109375,19672.349609375,121342.0,20582.099609375,7306.39990234375
2023-07-25,4567.4599609375,14144.5595703125,7691.7998046875,16211.58984375,7415.4501953125,32682.509765625,19434.400390625,3231.52001953125,19680.599609375,122008.0,20551.5,7339.7001953125
2023-07-26,4566.75,14127.2802734375,7676.89990234375,16131.4599609375,7315.06982421875,32668.33984375,19365.140625,3223.030029296875,19778.30078125,122560.0,20561.599609375,7402.0
2023-07-27,4537.41015625,14050.1103515625,7692.7998046875,16406.029296875,7465.240234375,32891.16015625,19639.109375,3216.669921875,19659.900390625,119990.0,20385.5,7455.89990234375
2023-07-28,4582.22998046875,14316.66015625,7694.2998046875,16469.75,7476.47021484375,32759.23046875,19916.560546875,3275.929931640625,19646.05078125,120187.0,20519.400390625,7403.60009765625
2023-07-31,4588.9599609375,14346.01953125,7699.39990234375,16446.830078125,7497.77978515625,33172.21875,20078.939453125,3291.0400390625,19753.80078125,121943.0,20626.599609375,7410.39990234375
2023-08-01,4576.72998046875,14283.91015625,7666.2998046875,16240.400390625,7406.080078125,33476.578125,20011.119140625,3290.948974609375,19733.55078125,121248.0,20532.900390625,7450.7001953125
2023-08-02,4513.39013671875,13973.4501953125,7561.60009765625,16020.01953125,7312.83984375,32707.689453125,19517.380859375,3261.68994140625,19526.55078125,120859.0,20218.19921875,7354.60009765625
2023-08-03,4501.89013671875,13959.7197265625,7529.2001953125,15893.3798828125,7260.52978515625,32159.279296875,19420.869140625,3280.462890625,19381.650390625,120586.0,20120.69921875,7311.7001953125
2023-08-04,4478.02978515625,13909.240234375,7564.39990234375,15951.8603515625,7315.06982421875,32192.75,19539.4609375,3288.083984375,19517.0,119508.0,20236.0,7325.2998046875
2023-08-07,4518.43994140625,13994.400390625,7554.5,15950.759765625,7319.759765625,32254.560546875,19537.919921875,3268.8310546875,19597.30078125,119380.0,,7309.2001953125
2023-08-08,4499.3798828125,13884.3203125,7527.39990234375,15774.9296875,7269.47021484375,32377.2890625,19184.169921875,3260.6201171875,19570.849609375,119090.0,20206.0,7311.10009765625
2023-08-09,4467.7099609375,13722.01953125,7587.2998046875,15852.580078125,7322.0400390625,32204.330078125,19246.029296875,3244.489990234375,19632.55078125,118409.0,20275.30078125,7338.0
2023-08-10,4468.830078125,13737.990234375,7618.60009765625,15996.51953125,7433.6201171875,32473.650390625,19248.259765625,3254.56005859375,19543.099609375,118350.0,20342.900390625,7357.39990234375
2023-08-11,4464.0498046875,13644.849609375,7524.2001953125,15832.169921875,7340.18994140625,,19075.189453125,3189.25,19428.30078125,118065.0,20407.599609375,7340.10009765625
2023-08-14,4489.72021484375,13788.330078125,7507.2001953125,15904.25,7348.83984375,32059.91015625,18773.55078125,3178.429931640625,19434.55078125,116810.0,20290.5,7277.0
2023-08-15,4437.85986328125,13631.0498046875,7389.60009765625,15767.2802734375,7267.7001953125,32238.890625,18581.109375,3176.179931640625,,116171.0,19899.80078125,7305.0
2023-08-16,4404.330078125,13474.6298828125,7356.89990234375,15789.4501953125,7260.25,31766.8203125,18329.30078125,3150.1298828125,19465.0,115592.0,19899.099609375,7195.2001953125
2023-08-17,4370.35986328125,13316.9296875,7310.2001953125,15676.900390625,7191.740234375,31626.0,18326.630859375,3163.739990234375,19365.25,114982.0,19812.19921875,7146.0
2023-08-18,4369.7099609375,13290.7802734375,7262.39990234375,15574.259765625,7164.10986328125,31450.759765625,17950.849609375,3131.949951171875,19310.150390625,115409.0,19818.400390625,7148.10009765625
2023-08-21,4399.77001953125,13497.58984375,7257.7998046875,15603.2802734375,7198.06005859375,31565.640625,17623.2890625,3092.97998046875,19393.599609375,114429.0,19784.900390625,7115.5
2023-08-22,4387.5498046875,13505.8701171875,7270.7998046875,15705.6201171875,7240.8798828125,31856.7109375,17791.009765625,3120.330078125,19396.44921875,116156.0,19691.19921875,7121.60009765625
2023-08-23,4436.009765625,13721.0302734375,7320.5,15728.41015625,7246.6201171875,32010.259765625,17845.919921875,3078.39990234375,19444.0,118135.0,19879.80078125,7148.39990234375
2023-08-24,4376.31005859375,13463.9697265625,7333.60009765625,15621.490234375,7214.4599609375,32287.2109375,18212.169921875,3082.239990234375,19386.69921875,117026.0,19775.80078125,7182.10009765625
2023-08-25,4405.7099609375,13590.650390625,7338.60009765625,15631.8203125,7229.60009765625,31624.279296875,18119.390625,3064.070068359375,19265.80078125,115837.0,19835.80078125,7115.2001953125
2023-08-28,4433.31005859375,13705.1298828125,,15792.6103515625,7324.7099609375,32169.990234375,18130.740234375,3098.639892578125,19306.05078125,117121.0,20025.099609375,7159.7998046875
2023-08-29,4497.6298828125,13943.759765625,7465.0,15930.8798828125,7373.43017578125,32226.970703125,18484.029296875,3135.889892578125,19342.650390625,118404.0,20290.400390625,7210.5
2023-08-30,4514.8701171875,14019.3095703125,7473.7001953125,15891.9296875,7364.39990234375,32333.4609375,18482.859375,3137.139892578125,19347.44921875,117535.0,20330.30078125,7297.7001953125
2023-08-31,4507.66015625,14034.9697265625,7439.10009765625,15947.080078125,7316.7001953125,32619.33984375,18382.060546875,3119.8798828125,19253.80078125,115742.0,20292.599609375,7305.2998046875
2023-09-01,4515.77001953125,14031.8095703125,7464.5,15840.33984375,7296.77001953125,32710.619140625,,3133.25,19435.30078125,117893.0,20545.400390625,7278.2998046875
2023-09-04,,,7452.7998046875,15824.849609375,7279.509765625,32939.1796875,18844.16015625,3177.06005859375,19528.80078125,117777.0,,7318.7998046875
2023-09-05,4496.830078125,14020.9501953125,7437.89990234375,15771.7099609375,7254.72021484375,33036.76171875,18456.91015625,3154.3701171875,19574.900390625,117331.0,20413.80078125,7314.2998046875
2023-09-06,4465.47998046875,13872.4697265625,7426.10009765625,15741.3701171875,7194.08984375,33241.01953125,18449.98046875,3158.080078125,19611.05078125,115985.0,20227.0,7257.10009765625
2023-09-07,4451.14013671875,13748.830078125,7441.7001953125,15718.66015625,7196.10009765625,32991.078125,18202.0703125,3122.35009765625,19727.05078125,,20132.099609375,7171.0
2023-09-08,4457.490234375,13761.5302734375,7478.2001953125,15740.2998046875,7240.77001953125,32606.83984375,,3116.719970703125,19819.94921875,115313.0,20074.69921875,7156.7001953125
2023-09-11,4487.4599609375,13917.8896484375,7496.89990234375,15800.990234375,7278.27001953125,32467.759765625,18096.44921875,3142.780029296875,19996.349609375,116883.0,20182.80078125,7192.2998046875
2023-09-12,4461.89990234375,13773.6103515625,7527.5,15715.5302734375,7252.8798828125,32776.37109375,18025.890625,3137.06005859375,19993.19921875,117968.0,20223.099609375,7206.89990234375
2023-09-13,4467.43994140625,13813.58984375,7526.0,15654.0302734375,7222.56982421875,32706.51953125,18009.220703125,3123.070068359375,20070.0,118176.0,20278.900390625,7153.89990234375
2023-09-14,4505.10009765625,13926.0498046875,7673.10009765625,15805.2900390625,7308.669921875,33168.1015625,18047.919921875,3126.550048828125,20103.099609375,119392.0,20567.80078125,7186.5
2023-09-15,4450.31982421875,13708.330078125,7711.39990234375,15893.5302734375,7378.81982421875,33533.08984375,18182.890625,3117.739990234375,20192.349609375,118758.0,20622.30078125,7279.0
2023-09-18,4453.52978515625,13710.240234375,7652.89990234375,15727.1201171875,7276.14013671875,,17930.55078125,3125.929931640625,20133.30078125,118288.0,20492.80078125,7230.39990234375
2023-09-19,4443.9501953125,13678.1904296875,7660.2001953125,15664.48046875,7282.1201171875,33242.58984375,17997.169921875,3124.9599609375,,117846.0,20218.900390625,7196.60009765625
2023-09-20,4402.2001953125,13469.1298828125,7731.7001953125,15781.58984375,7330.7900390625,33023.78125,17885.599609375,3108.568115234375,19901.400390625,118695.0,20214.69921875,7163.2998046875
2023-09-21,4330.0,13223.98046875,7678.60009765625,15571.8603515625,7213.89990234375,32571.029296875,17655.41015625,3084.700927734375,19742.349609375,116145.0,19791.599609375,7065.2001953125
2023-09-22,4320.06005859375,13211.8095703125,7683.89990234375,15557.2900390625,7184.81982421875,32402.41015625,18057.44921875,3132.431884765625,19674.25,116009.0,19780.0,7068.7998046875
2023-09-25,4337.43994140625,13271.3203125,7624.0,15405.490234375,7123.8798828125,32678.619140625,17729.2890625,3115.60693359375,19674.55078125,115925.0,19800.599609375,7076.5
2023-09-26,4273.52978515625,13063.6103515625,7625.7001953125,15255.8701171875,7074.02001953125,32315.05078125,17466.900390625,3102.27294921875,19664.69921875,114193.0,19556.19921875,7038.2001953125
2023-09-27,4274.509765625,13092.849609375,7593.2001953125,15217.4501953125,7071.7900390625,32371.900390625,17611.869140625,3107.31591796875,19716.44921875,114327.0,19436.0,7030.2998046875
2023-09-28,4299.7001953125,13201.2802734375,7601.89990234375,15323.5,7116.240234375,31872.51953125,17373.029296875,3110.47509765625,19523.55078125,115731.0,19590.69921875,7024.7998046875
2023-09-29,4288.0498046875,13219.3203125,7608.10009765625,15386.580078125,7135.06005859375,31857.619140625,17809.66015625,,19638.30078125,116565.0,19541.30078125,7048.60009765625
2023-10-02,4288.39013671875,13307.76953125,7510.7001953125,15247.2099609375,7068.16015625,31759.880859375,,,,115057.0,19177.19921875,7033.2001953125
2023-10-03,4229.4501953125,13059.4697265625,7470.2001953125,15085.2099609375,6997.0498046875,31237.939453125,17331.220703125,,19528.75,113419.0,19020.900390625,6943.39990234375
2023-10-04,4263.75,13236.009765625,7412.5,15099.919921875,6996.72998046875,30526.880859375,17195.83984375,,19436.099609375,113607.0,19034.80078125,6890.2001953125
2023-10-05,4258.18994140625,13219.830078125,7451.5,15070.2197265625,6998.25,31075.359375,17213.869140625,,19545.75,113284.0,19137.80078125,6925.5
2023-10-06,4308.5,13431.33984375,7494.60009765625,15229.76953125,7060.14990234375,30994.669921875,17485.98046875,,19653.5,114170.0,19246.099609375,6954.2001953125
2023-10-09,4335.66015625,13484.240234375,7492.2001953125,15128.1103515625,7021.39990234375,,17517.400390625,3096.922119140625,19512.349609375,115156.0,,6970.2001953125
2023-10-10,4358.240234375,13562.83984375,7628.2001953125,15423.51953125,7162.43017578125,31746.529296875,17664.73046875,3075.239990234375,19689.849609375,116737.0,19501.19921875,7040.60009765625
2023-10-11,4376.9501953125,13659.6796875,7620.0,15460.009765625,7131.2099609375,31936.509765625,17893.099609375,3078.9560546875,19811.349609375,117051.0,19663.80078125,7088.39990234375
2023-10-12,4349.60986328125,13574.2197265625,7644.7998046875,15425.0302734375,7104.52978515625,32494.66015625,18238.2109375,3107.90087890625,19794.0,,19500.19921875,7091.0
2023-10-13,4327.77978515625,13407.23046875,7599.60009765625,15186.66015625,7003.52978515625,32315.990234375,17813.44921875,3088.10009765625,19751.05078125,115754.0,19462.900390625,7051.0
2023-10-16,4373.6298828125,13567.98046875,7630.60009765625,15237.990234375,7022.18994140625,31659.029296875,17640.359375,3073.81298828125,19731.75,116534.0,19620.80078125,7026.5
2023-10-17,4373.2001953125,13533.75,7675.2001953125,15251.6904296875,7029.7001953125,32040.2890625,17773.33984375,3083.5,19811.5,115908.0,19692.80078125,7056.10009765625
2023-10-18,4314.60009765625,13314.2998046875,7588.0,15094.91015625,6965.990234375,32042.25,17732.51953125,3058.7099609375,19671.099609375,114060.0,19450.69921875,7077.60009765625
2023-10-19,4278.0,13186.1796875,7499.5,15045.23046875,6921.3701171875,31430.619140625,17295.890625,3005.39306640625,19624.69921875,114004.0,19348.80078125,6981.60009765625
2023-10-20,4224.16015625,12983.8095703125,7402.10009765625,14798.4697265625,6816.22021484375,31259.359375,17172.130859375,2983.06005859375,19542.650390625,113155.0,19115.599609375,6900.7001953125
2023-10-23,4217.0400390625,13018.330078125,7374.7998046875,14800.7197265625,6850.47021484375,30999.55078125,,2939.291015625,19281.75,112785.0,19046.69921875,6844.10009765625
2023-10-24,4247.68017578125,13139.8701171875,7389.7001953125,14879.9404296875,6893.64990234375,31062.349609375,16991.529296875,2962.243896484375,,113762.0,18986.5,6856.89990234375
2023-10-25,4186.77001953125,12821.2197265625,7414.2998046875,14892.1796875,6915.06982421875,31269.919921875,17085.330078125,2974.114013671875,19122.150390625,112830.0,18947.900390625,6854.2998046875
2023-10-26,4137.22998046875,12595.6103515625,7354.60009765625,14731.0498046875,6888.9599609375,30601.779296875,17044.609375,2988.299072265625,18857.25,114777.0,18875.30078125,6812.2998046875
2023-10-27,4117.3701171875,12643.009765625,7291.2998046875,14687.41015625,6795.3798828125,30991.689453125,17398.73046875,3017.783935546875,19047.25,113301.0,18737.400390625,6826.89990234375
2023-10-30,4166.81982421875,12789.48046875,7327.39990234375,14716.5400390625,6825.06982421875,30696.9609375,17406.359375,3021.552978515625,19140.900390625,112532.0,18856.80078125,6772.89990234375
2023-10-31,4193.7998046875,12851.240234375,7321.7001953125,14810.33984375,6885.64990234375,30858.849609375,17112.48046875,3018.77099609375,19079.599609375,113144.0,18873.5,6780.7001953125
2023-11-01,4237.85986328125,13061.4697265625,7342.39990234375,14923.26953125,6932.6298828125,31601.650390625,17101.779296875,3023.076904296875,18989.150390625,115053.0,19079.0,6838.2998046875
2023-11-02,4317.77978515625,13294.1904296875,7446.5,15143.599609375,7060.68994140625,31949.890625,17230.58984375,3009.406005859375,19133.25,,19626.30078125,6899.7001953125
2023-11-03,4358.33984375,13478.2802734375,7417.7001953125,15189.25,7047.5,,17664.119140625,3030.798095703125,19230.599609375,118160.0,19824.900390625,6978.2001953125
2023-11-06,4365.97998046875,13518.7802734375,7417.7998046875,15135.9697265625,7013.72998046875,32708.48046875,17966.58984375,3058.410888671875,19411.75,118487.0,19743.900390625,6997.39990234375
2023-11-07,4378.3798828125,13639.8603515625,7410.0,15152.6396484375,6986.22998046875,32271.8203125,17670.16015625,3057.27001953125,19406.69921875,119268.0,19575.599609375,6977.10009765625
2023-11-08,4382.77978515625,13650.41015625,7401.7001953125,15229.599609375,7034.16015625,32166.48046875,17568.4609375,3052.373046875,19443.5,119099.0,19530.19921875,6995.39990234375
2023-11-09,4347.35009765625,13521.4501953125,7455.7001953125,15352.5400390625,7113.66015625,32646.4609375,17511.2890625,3053.279052734375,19395.30078125,119012.0,19587.400390625,7014.89990234375
2023-11-10,4415.240234375,13798.1103515625,7360.60009765625,15234.3896484375,7045.0400390625,32568.109375,17203.259765625,3038.969970703125,19425.349609375,120636.0,19654.5,6976.5
2023-11-13,4411.5498046875,13767.740234375,7425.7998046875,15345.0,7087.06005859375,32585.109375,17426.2109375,3046.532958984375,19443.55078125,120376.0,19709.19921875,6948.7998046875
2023-11-14,4495.7001953125,14094.3798828125,7440.5,15614.4296875,7185.68017578125,32695.9296875,17396.859375,3056.070068359375,,123328.0,20023.69921875,7006.7001953125
2023-11-15,4502.8798828125,14103.83984375,7486.89990234375,15748.169921875,7209.60986328125,33519.69921875,18079.0,3072.8349609375,19675.44921875,,20057.900390625,7105.89990234375
2023-11-16,4508.240234375,14113.669921875,7411.0,15786.6103515625,7168.39990234375,33424.41015625,17832.8203125,3050.926025390625,19765.19921875,124576.0,20053.099609375,7058.39990234375
2023-11-17,4514.02001953125,14125.48046875,7504.2998046875,15919.16015625,7233.91015625,33585.19921875,17454.189453125,3054.3701171875,19731.80078125,125062.0,20175.80078125,7049.39990234375
2023-11-20,4547.3798828125,14284.5302734375,7496.39990234375,15901.330078125,7246.93017578125,33388.03125,17778.0703125,3068.319091796875,19694.0,126095.0,20246.5,7058.39990234375
2023-11-21,4538.18994140625,14199.98046875,7482.0,15900.5302734375,7229.4501953125,33354.140625,17733.890625,3067.93310546875,19783.400390625,125607.0,20110.0,7078.2001953125
2023-11-22,4556.6201171875,14265.8603515625,7469.5,15957.8203125,7260.72998046875,33451.828125,17734.599609375,3043.611083984375,19811.849609375,126035.0,20114.0,7073.39990234375
2023-11-23,,,7483.60009765625,15994.73046875,7277.93017578125,,17910.83984375,3061.85595703125,19802.0,126576.0,20116.69921875,7029.2001953125
2023-11-24,4559.33984375,14250.849609375,7488.2001953125,16029.490234375,7292.7998046875,33625.53125,17559.419921875,3040.971923828125,19794.69921875,125542.0,20103.099609375,7040.7998046875
2023-11-27,4550.43017578125,14241.01953125,7460.7001953125,15966.3701171875,7265.490234375,33447.671875,17525.060546875,3031.699951171875,,125683.0,20032.69921875,6987.60009765625
2023-11-28,4554.89013671875,14281.759765625,7455.2001953125,15992.669921875,7250.1298828125,33408.390625,17354.140625,3038.550048828125,19889.69921875,126538.0,20036.80078125,7015.2001953125
2023-11-29,4550.580078125,14258.490234375,7423.5,16166.4501953125,7267.64013671875,33321.21875,16993.439453125,3021.68701171875,20096.599609375,126101.0,20116.19921875,7035.2998046875
2023-11-30,4567.7998046875,14226.2197265625,7453.7998046875,16215.4296875,7310.77001953125,33486.890625,17042.880859375,3029.673095703125,20133.150390625,127331.0,20236.30078125,7087.2998046875
2023-12-01,4594.6298828125,14305.0302734375,7529.39990234375,16397.51953125,7346.14990234375,33431.51171875,16830.30078125,3031.635986328125,20267.900390625,128103.0,20452.900390625,7073.2001953125
2023-12-04,4569.77978515625,14185.490234375,7513.0,16404.759765625,7332.58984375,33231.26953125,16646.05078125,3022.9140625,20686.80078125,126803.0,20410.19921875,7124.7001953125
2023-12-05,4567.18017578125,14229.91015625,7489.7998046875,16533.109375,7386.990234375,32775.8203125,16327.8603515625,2972.2958984375,20855.099609375,126903.0,20375.900390625,7061.60009765625
2023-12-06,4549.33984375,14146.7099609375,7515.39990234375,16656.439453125,7435.990234375,33445.8984375,16463.259765625,2968.93310546875,20937.69921875,125623.0,20274.19921875,7178.39990234375
2023-12-07,4585.58984375,14339.990234375,7513.7001953125,16628.990234375,7428.52001953125,32858.30859375,16345.8896484375,2966.2060546875,20901.150390625,126010.0,20278.5,7173.2998046875
2023-12-08,4604.3701171875,14403.9697265625,7554.5,16759.220703125,7526.5498046875,32307.859375,16334.3701171875,2969.55908203125,20969.400390625,127094.0,20331.5,7194.89990234375
2023-12-11,4622.43994140625,14432.490234375,7544.89990234375,16794.4296875,7551.52978515625,32791.80078125,16201.490234375,2991.43896484375,20997.099609375,126916.0,20318.400390625,7199.0
2023-12-12,4643.7001953125,14533.400390625,7542.7998046875,16791.740234375,7543.5498046875,32843.69921875,16374.5,3003.43798828125,20906.400390625,126403.0,20233.80078125,7235.2998046875
2023-12-13,4707.08984375,14733.9599609375,7548.39990234375,16766.05078125,7531.22021484375,32926.3515625,16228.75,2968.760986328125,20926.349609375,129465.0,20629.5,7257.7998046875
2023-12-14,4719.5498046875,14761.5595703125,7649.0,16752.23046875,7575.85009765625,32686.25,16402.189453125,2958.986083984375,21182.69921875,130842.0,20778.80078125,7377.89990234375
2023-12-15,4719.18994140625,14813.919921875,7576.39990234375,16751.439453125,7596.91015625,32970.55078125,16792.189453125,2942.556884765625,21456.650390625,130197.0,20529.19921875,7442.7001953125
2023-12-18,4740.56005859375,14904.8095703125,7614.5,16650.55078125,7568.85986328125,32758.98046875,16629.23046875,2930.800048828125,21418.650390625,131084.0,20622.69921875,7426.39990234375
2023-12-19,4768.3701171875,15003.2197265625,7638.0,16744.41015625,7574.669921875,33219.390625,16505.0,2932.39111328125,21453.099609375,131851.0,20839.599609375,7489.10009765625
2023-12-20,4698.35009765625,14777.9404296875,7715.7001953125,16733.05078125,7583.43017578125,33675.94140625,16613.810546875,2902.110107421875,21150.150390625,130804.0,20600.80078125,7537.89990234375
2023-12-21,4746.75,14963.8701171875,7694.7001953125,16687.419921875,7571.39990234375,33140.46875,16621.130859375,2918.715087890625,21255.05078125,132182.0,20765.69921875,7504.10009765625
2023-12-22,4754.6298828125,14992.9697265625,7697.5,16706.1796875,7568.81982421875,33169.05078125,16340.41015625,2914.77490234375,21349.400390625,132753.0,20881.19921875,7501.60009765625
2023-12-25,,,,,,33254.03125,,2918.81298828125,,,,
2023-12-26,4774.75,15074.5703125,,,,33305.8515625,,2898.8798828125,21441.349609375,133533.0,,
2023-12-27,4781.580078125,15099.1796875,7725.0,16742.0703125,7571.81982421875,33681.23828125,16624.83984375,2914.614013671875,21654.75,134194.0,21015.900390625,7561.2001953125
2023-12-28,4783.35009765625,15095.1396484375,7722.7001953125,16701.55078125,7535.16015625,33539.62109375,17043.529296875,2954.7041015625,21778.69921875,134185.0,20929.400390625,7614.2998046875
2023-12-29,4769.830078125,15011.349609375,7733.2001953125,16751.640625,7543.18017578125,33464.171875,17047.390625,2974.93505859375,21731.400390625,,20958.400390625,7590.7998046875
2024-01-01,,,,,,,,,21741.900390625,,,
2024-01-02,4742.830078125,14765.9404296875,7721.5,16769.359375,7530.85986328125,,16788.55078125,2962.27587890625,21665.80078125,132697.0,20872.099609375,7627.7998046875
2024-01-03,4704.81005859375,14592.2099609375,7682.2998046875,16538.390625,7411.85986328125,,16646.41015625,2967.2470703125,21517.349609375,132834.0,20818.599609375,7523.2001953125
2024-01-04,4688.68017578125,14510.2998046875,7723.10009765625,16617.2890625,7450.6298828125,33288.2890625,16645.98046875,2954.34912109375,21658.599609375,131226.0,20871.400390625,7494.10009765625
2024-01-05,4697.240234375,14524.0703125,7689.60009765625,16594.2109375,7420.68994140625,33377.421875,16535.330078125,2929.179931640625,21710.80078125,132023.0,20937.599609375,7489.10009765625
2024-01-08,4763.5400390625,14843.76953125,7694.2001953125,16716.470703125,7450.240234375,,16224.4501953125,2887.5380859375,21513.0,132427.0,21074.900390625,7451.5
2024-01-09,4756.5,14857.7099609375,7684.0,16688.359375,7426.6201171875,33763.1796875,16190.01953125,2893.25,21544.849609375,131447.0,20971.0,7520.5
2024-01-10,4783.4501953125,14969.650390625,7651.7998046875,16689.810546875,7426.080078125,34441.71875,16097.2802734375,2877.701904296875,21618.69921875,130841.0,20989.400390625,7468.5
2024-01-11,4780.240234375,14970.1904296875,7576.60009765625,16547.029296875,7387.6201171875,35049.859375,16302.0400390625,2886.64990234375,21647.19921875,130649.0,20918.400390625,7506.0
2024-01-12,4783.830078125,14972.759765625,7624.89990234375,16704.560546875,7465.14013671875,35577.109375,16244.580078125,2881.97705078125,21894.55078125,130988.0,20990.19921875,7498.2998046875
2024-01-15,,,7594.89990234375,16622.220703125,7411.68017578125,35901.7890625,16216.330078125,2886.2900390625,22097.44921875,131521.0,21061.900390625,7496.2998046875
2024-01-16,4765.97998046875,14944.349609375,7558.2998046875,16571.6796875,7398.0,35619.1796875,15865.919921875,2893.989013671875,22032.30078125,129294.0,20948.099609375,7414.7998046875
2024-01-17,4739.2099609375,14855.6201171875,7446.2998046875,16431.689453125,7318.68994140625,35477.75,15276.900390625,2833.614990234375,21571.94921875,128524.0,20695.0,7393.10009765625
2024-01-18,4780.93994140625,15055.650390625,7459.10009765625,16567.349609375,7401.35009765625,35466.171875,15391.7900390625,2845.780029296875,21462.25,127316.0,20756.69921875,7346.5
2024-01-19,4839.81005859375,15310.9697265625,7461.89990234375,16555.130859375,7371.64013671875,35963.26953125,15308.6904296875,2832.279052734375,21622.400390625,127636.0,20906.5,7421.2001953125
2024-01-22,4850.43017578125,15360.2900390625,7487.7001953125,16683.359375,7413.25,36546.94921875,14961.1796875,2756.340087890625,,126602.0,20924.30078125,7476.60009765625
2024-01-23,4864.60009765625,15425.9404296875,7485.7001953125,16627.08984375,7388.0400390625,36517.5703125,15353.98046875,2770.97607421875,21238.80078125,128263.0,21034.599609375,7514.89990234375
2024-01-24,4868.5498046875,15481.919921875,7527.7001953125,16889.919921875,7455.64013671875,36226.48046875,15899.8701171875,2820.77197265625,21453.94921875,127816.0,21025.80078125,7519.2001953125
2024-01-25,4894.16015625,15510.5,7529.7001953125,16906.919921875,7464.2001953125,36236.46875,16211.9599609375,2906.10888671875,21352.599609375,128169.0,21101.5,7555.39990234375
2024-01-26,4890.97021484375,15455.3603515625,7635.10009765625,16961.390625,7634.14013671875,35751.0703125,15952.23046875,2910.222900390625,,128967.0,21125.30078125,
2024-01-29,4927.93017578125,15628.0400390625,7632.7001953125,16941.7109375,7640.81005859375,36026.94140625,16077.240234375,2883.360107421875,21737.599609375,128503.0,21200.099609375,7578.39990234375
2024-01-30,4924.97021484375,15509.900390625,7666.2998046875,16972.33984375,7677.47021484375,36065.859375,15703.4501953125,2830.527099609375,21522.099609375,127402.0,21227.900390625,7600.2001953125
2024-01-31,4845.64990234375,15164.009765625,7630.60009765625,16903.759765625,7656.75,36286.7109375,15485.0703125,2788.548095703125,21725.69921875,127752.0,21021.900390625,7680.7001953125
2024-02-01,4906.18994140625,15361.6396484375,7622.2001953125,16859.0390625,7588.75,36011.4609375,15566.2099609375,2770.739990234375,21697.44921875,128481.0,21119.19921875,7588.2001953125
2024-02-02,4958.60986328125,15628.9501953125,7615.5,16918.2109375,7592.259765625,36158.01953125,15533.5595703125,2730.152099609375,21853.80078125,127182.0,21085.099609375,7699.39990234375
2024-02-05,4942.81005859375,15597.6796875,7612.89990234375,16904.060546875,7589.9599609375,36354.16015625,15510.009765625,2702.18505859375,21771.69921875,127593.0,20871.900390625,7625.89990234375
2024-02-06,4954.22998046875,15609.0,7681.0,17033.240234375,7638.97021484375,36160.66015625,16136.8701171875,2789.486083984375,21929.400390625,130416.0,20957.69921875,7581.60009765625
2024-02-07,4995.06005859375,15756.6396484375,7628.7998046875,16921.9609375,7611.259765625,36119.921875,16081.8896484375,2829.696044921875,21930.5,129608.0,20969.19921875,7624.89990234375
2024-02-08,4997.91015625,15793.7099609375,7595.5,16963.830078125,7665.6298828125,36863.28125,15878.0703125,2865.903076171875,21717.94921875,128217.0,20919.599609375,7639.2001953125
2024-02-09,5026.60986328125,15990.66015625,7572.60009765625,16926.5,7647.52001953125,36897.421875,15746.580078125,,21782.5,128026.0,21009.599609375,7644.7998046875
2024-02-12,5021.83984375,15942.5498046875,7573.7001953125,17037.349609375,7689.7998046875,,,,21616.05078125,,21067.30078125,7614.89990234375
2024-02-13,4953.169921875,15655.599609375,7512.2998046875,16880.830078125,7625.31005859375,37963.96875,,,21743.25,,20585.0,7603.60009765625
2024-02-14,5000.6201171875,15859.150390625,7568.39990234375,16945.48046875,7677.35009765625,37703.3203125,15879.3798828125,,21840.05078125,127018.0,20889.400390625,7547.7001953125
2024-02-15,5029.72998046875,15906.169921875,7597.5,17046.689453125,7743.419921875,38157.94140625,15944.6298828125,,21910.75,127804.0,21222.69921875,7605.7001953125
2024-02-16,5005.56982421875,15775.650390625,7711.7001953125,17117.439453125,7768.18017578125,38487.23828125,16339.9599609375,,22040.69921875,128726.0,21255.599609375,7658.2998046875
2024-02-19,,,7728.5,17092.259765625,7768.5498046875,38470.37890625,16155.6103515625,2910.5439453125,22122.25,129036.0,,7665.10009765625
2024-02-20,4975.509765625,15630.7802734375,7719.2001953125,17068.4296875,7795.22021484375,38363.609375,16247.509765625,2922.72998046875,22196.94921875,129916.0,21217.5,7659.0
2024-02-21,4981.7998046875,15580.8701171875,7662.5,17118.119140625,7812.08984375,38262.16015625,16503.099609375,2950.9560546875,22055.05078125,130032.0,21172.400390625,7597.7998046875
2024-02-22,5087.02978515625,16041.6201171875,7684.5,17370.44921875,7911.60009765625,39098.6796875,16742.94921875,2988.35791015625,22217.44921875,130241.0,21318.099609375,7611.2001953125
2024-02-23,5088.7998046875,15996.8203125,7706.2998046875,17419.330078125,7966.68017578125,,16725.859375,3004.881103515625,22212.69921875,129419.0,21413.19921875,7643.60009765625
2024-02-26,5069.52978515625,15976.25,7684.2998046875,17423.23046875,7929.81982421875,39233.7109375,16634.740234375,2977.02197265625,22122.05078125,129609.0,21324.30078125,7652.7998046875
2024-02-27,5078.18017578125,16035.2998046875,7683.0,17556.490234375,7948.39990234375,39239.51953125,16790.80078125,3015.48095703125,22198.349609375,131689.0,21318.900390625,7663.0
2024-02-28,5069.759765625,15947.740234375,7625.0,17601.220703125,7954.39013671875,39208.03125,16536.849609375,2957.85205078125,21951.150390625,130155.0,21243.80078125,7660.39990234375
2024-02-29,5096.27001953125,16091.919921875,7630.0,17678.189453125,7927.43017578125,39166.19140625,16511.439453125,3015.1708984375,21982.80078125,129020.0,21363.599609375,7698.7001953125
2024-03-01,5137.080078125,16274.9404296875,7682.5,17735.0703125,7934.169921875,39910.8203125,16589.439453125,3027.02001953125,22338.75,129180.0,21552.400390625,7745.60009765625
2024-03-04,5130.9501953125,16207.509765625,7640.2998046875,17716.169921875,7956.41015625,40109.23046875,16595.970703125,3039.305908203125,22405.599609375,128341.0,21531.099609375,7735.7998046875
2024-03-05,5078.64990234375,15939.58984375,7646.2001953125,17698.400390625,7932.81982421875,40097.62890625,16162.6396484375,3047.79296875,22356.30078125,128098.0,21525.900390625,7724.2001953125
2024-03-06,5104.759765625,16031.5400390625,7679.2998046875,17716.7109375,7954.740234375,40090.78125,16438.08984375,3039.930908203125,22474.05078125,128890.0,21594.0,7733.5
2024-03-07,5157.35986328125,16273.3798828125,7692.5,17842.849609375,8016.22021484375,39598.7109375,16229.7802734375,3027.40087890625,22493.55078125,128340.0,21794.599609375,7763.7001953125
2024-03-08,5123.68994140625,16085.1103515625,7659.7001953125,17814.509765625,8028.009765625,39688.94140625,16353.3896484375,3046.01904296875,,127071.0,21737.5,7847.0
2024-03-11,5117.93994140625,16019.26953125,7669.2001953125,17746.26953125,8019.72998046875,38820.48828125,16587.5703125,3068.455078125,22332.650390625,126124.0,21769.19921875,7704.2001953125
2024-03-12,5175.27001953125,16265.6396484375,7747.7998046875,17965.109375,8087.47998046875,38797.51171875,17093.5,3055.93505859375,22335.69921875,127668.0,21831.0,7712.5
2024-03-13,5165.31005859375,16177.76953125,7772.2001953125,17961.380859375,8137.580078125,38695.96875,17082.109375,3043.8349609375,21997.69921875,128006.0,21970.099609375,7729.39990234375
2024-03-14,5150.47998046875,16128.5302734375,7743.2001953125,17942.0390625,8161.419921875,38807.37890625,16961.66015625,3038.23388671875,22146.650390625,127690.0,21829.900390625,7713.60009765625
2024-03-15,5117.08984375,15973.169921875,7727.39990234375,17936.650390625,8164.35009765625,38707.640625,16720.890625,3054.635986328125,22023.349609375,126742.0,21849.19921875,7670.2998046875
2024-03-18,5149.419921875,16103.4501953125,7722.60009765625,17932.6796875,8148.14013671875,39740.44140625,16737.119140625,3084.926025390625,22055.69921875,126954.0,21837.19921875,7675.7998046875
2024-03-19,5178.509765625,16166.7900390625,7738.2998046875,17987.490234375,8201.0498046875,40003.6015625,16529.48046875,3062.756103515625,21817.44921875,127529.0,21860.599609375,7703.2001953125
2024-03-20,5224.6201171875,16369.41015625,7737.39990234375,18015.130859375,8161.41015625,,16543.0703125,3079.68603515625,21839.099609375,129125.0,22045.69921875,7695.7998046875
2024-03-21,5241.52978515625,16401.83984375,7882.60009765625,18179.25,8179.72021484375,40815.66015625,16863.099609375,3077.113037109375,22011.94921875,128159.0,22087.30078125,7782.0
2024-03-22,5234.18017578125,16428.8203125,7930.89990234375,18205.939453125,8151.919921875,40888.4296875,16499.470703125,3048.033935546875,22096.75,127027.0,21984.099609375,7770.60009765625
2024-03-25,5218.18994140625,16384.470703125,7917.60009765625,18261.310546875,8151.60009765625,40414.12109375,16473.640625,3026.305908203125,,126931.0,21942.30078125,7811.89990234375
2024-03-26,5203.580078125,16315.7001953125,7931.0,18384.349609375,8184.75,40398.03125,16618.3203125,3031.48095703125,22004.69921875,126863.0,21912.5,7780.2001953125
2024-03-27,5248.490234375,16399.51953125,7932.0,18477.08984375,8204.8095703125,40762.73046875,16392.83984375,2993.138916015625,22123.650390625,127691.0,22107.099609375,7819.60009765625
2024-03-28,5254.35009765625,16379.4599609375,7952.60009765625,18492.490234375,8205.8095703125,40168.0703125,16541.419921875,3010.6640625,22326.900390625,128106.0,22167.0,7896.89990234375
2024-03-29,,,,,,40369.44140625,,3041.1669921875,,,,
2024-04-01,5243.77001953125,16396.830078125,,,,39803.08984375,,3077.37890625,22462.0,126990.0,22185.30078125,
2024-04-02,5205.81005859375,16240.4501953125,7935.10009765625,18283.130859375,8130.0498046875,39838.91015625,16931.51953125,3074.958984375,22453.30078125,127549.0,22075.099609375,7887.89990234375
2024-04-03,5211.490234375,16277.4599609375,7937.39990234375,18367.720703125,8153.22998046875,39451.8515625,16725.099609375,3069.2958984375,22434.650390625,127318.0,22112.5,7782.5
2024-04-04,5147.2099609375,16049.080078125,7975.89990234375,18403.130859375,8151.5498046875,39773.140625,,,22514.650390625,127428.0,22051.80078125,7817.2998046875
2024-04-05,5204.33984375,16248.51953125,7911.2001953125,18175.0390625,8061.31005859375,38992.078125,16723.919921875,,22513.69921875,126795.0,22264.400390625,7773.2998046875
2024-04-08,5202.39013671875,16253.9599609375,7943.5,18318.970703125,8119.2998046875,39347.0390625,16732.849609375,3047.052978515625,22666.30078125,128857.0,22260.30078125,7789.10009765625
2024-04-09,5209.91015625,16306.6396484375,7934.7998046875,18076.689453125,8049.169921875,39773.12890625,16828.0703125,3048.537109375,22642.75,129890.0,22361.80078125,7824.2001953125
2024-04-10,5160.64013671875,16170.3603515625,7961.2001953125,18097.30078125,8045.3798828125,39581.80859375,17139.169921875,3027.3349609375,22753.80078125,128054.0,22199.099609375,7848.5
2024-04-11,5199.06005859375,16442.19921875,7923.7998046875,17954.48046875,8023.740234375,39442.62890625,17095.029296875,3034.24609375,,127396.0,22110.099609375,7813.60009765625
2024-04-12,5123.41015625,16175.08984375,7995.60009765625,17930.3203125,8010.830078125,39523.55078125,16721.689453125,3019.47412109375,22519.400390625,125946.0,21900.0,7788.10009765625
2024-04-15,5061.81982421875,15885.01953125,7965.5,18026.580078125,8045.10986328125,39232.80078125,16600.4609375,3057.3779296875,22272.5,125334.0,21740.19921875,7752.5
2024-04-16,5051.41015625,15865.25,7820.39990234375,17766.23046875,7932.60986328125,38471.19921875,16248.9697265625,3007.068115234375,22147.900390625,124389.0,21642.900390625,7612.5
2024-04-17,5022.2099609375,15683.3701171875,7848.0,17770.01953125,7981.509765625,37961.80078125,16251.83984375,3071.381103515625,,124171.0,21656.099609375,7605.60009765625
2024-04-18,5011.1201171875,15601.5,7877.10009765625,17837.400390625,8023.259765625,38079.69921875,16385.869140625,3074.22509765625,21995.849609375,124196.0,21708.400390625,7642.10009765625
2024-04-19,4967.22998046875,15282.009765625,7895.89990234375,17737.359375,8022.41015625,37068.3515625,16224.1396484375,3065.260986328125,22147.0,125124.0,21807.400390625,7567.2998046875
2024-04-22,5010.60009765625,15451.3095703125,8023.89990234375,17860.80078125,8040.35986328125,37438.609375,16511.689453125,3044.594970703125,22336.400390625,125573.0,21872.0,7649.2001953125
2024-04-23,5070.5498046875,15696.6396484375,8044.7998046875,18137.650390625,8105.77978515625,37552.16015625,16828.9296875,3021.97802734375,22368.0,125148.0,22011.69921875,7683.5
2024-04-24,5071.6298828125,15712.75,8040.39990234375,18088.69921875,8091.85986328125,38460.078125,17201.26953125,3044.822021484375,22402.400390625,124741.0,21873.69921875,7683.0
2024-04-25,5048.419921875,15611.759765625,8078.89990234375,17917.279296875,8016.64990234375,37628.48046875,17284.5390625,3052.89990234375,22570.349609375,124646.0,21885.400390625,
2024-04-26,5099.9599609375,15927.900390625,8139.7998046875,18161.009765625,8088.240234375,37934.76171875,17651.150390625,3088.635986328125,22419.94921875,126526.0,21969.19921875,7575.89990234375
2024-04-29,5116.169921875,15983.080078125,8147.0,18118.3203125,8065.14990234375,,17746.91015625,3113.04296875,22643.400390625,127352.0,22011.599609375,7637.39990234375
2024-04-30,5035.68994140625,15657.8203125,8144.10009765625,17932.169921875,7984.93017578125,38405.66015625,17763.029296875,3104.824951171875,22604.849609375,125924.0,21714.5,7664.10009765625
2024-05-01,5018.39013671875,15605.48046875,8121.2001953125,,,38274.05078125,,,,,21728.599609375,7569.89990234375
2024-05-02,5064.2001953125,15840.9599609375,8172.2001953125,17896.5,7914.64990234375,38236.0703125,18207.130859375,,22648.19921875,127122.0,21823.19921875,7587.0
2024-05-03,5127.7900390625,16156.330078125,8213.5,18001.599609375,7957.56982421875,,18475.919921875,,22475.849609375,128509.0,21947.400390625,7629.0
2024-05-06,5180.740234375,16349.25,,18175.2109375,7996.64013671875,,18578.30078125,3140.719970703125,22442.69921875,128466.0,22259.5,7682.39990234375
2024-05-07,5187.7001953125,16332.5595703125,8313.7001953125,18430.05078125,8075.68017578125,38835.1015625,18479.369140625,3147.738037109375,22302.5,129210.0,22290.599609375,7793.2998046875
2024-05-08,5187.669921875,16302.759765625,8354.099609375,18498.380859375,8131.41015625,38202.37109375,18313.859375,3128.47998046875,22302.5,129481.0,22259.19921875,7804.5
2024-05-09,5214.080078125,16346.259765625,8381.400390625,18686.599609375,8187.64990234375,38073.98046875,18537.810546875,3154.320068359375,21957.5,128188.0,22375.80078125,7721.60009765625
2024-05-10,5222.68017578125,16340.8701171875,8433.7998046875,18772.849609375,8219.1396484375,38229.109375,18963.6796875,3154.547119140625,22055.19921875,127600.0,22308.900390625,7749.0
2024-05-13,5221.419921875,16388.240234375,8415.0,18742.220703125,8209.2802734375,38179.4609375,19115.060546875,3148.02099609375,22104.05078125,128155.0,22259.19921875,7750.0
2024-05-14,5246.68017578125,16511.1796875,8428.099609375,18716.419921875,8225.7998046875,38356.05859375,19073.7109375,3145.77392578125,22217.849609375,128515.0,22243.30078125,7726.7998046875
2024-05-15,5308.14990234375,16742.390625,8445.7998046875,18869.359375,8239.990234375,38385.73046875,,3119.902099609375,22200.55078125,128028.0,22284.80078125,7753.7001953125
2024-05-16,5297.10009765625,16698.3203125,8438.7001953125,18738.810546875,8188.490234375,38920.26171875,19376.529296875,3122.40087890625,22403.849609375,128284.0,22299.80078125,7881.2998046875
2024-05-17,5303.27001953125,16685.970703125,8420.2998046875,18704.419921875,8167.5,38787.37890625,19553.609375,3154.02587890625,22466.099609375,128151.0,22465.400390625,7814.39990234375
2024-05-20,5308.1298828125,16794.869140625,8424.2001953125,18768.9609375,8195.9697265625,39069.6796875,19636.220703125,3171.14501953125,,127751.0,,7863.7001953125
2024-05-21,5321.41015625,16832.619140625,8416.5,18726.759765625,8141.4599609375,38946.9296875,19220.619140625,3157.966064453125,22529.05078125,127412.0,22468.19921875,7851.7001953125
2024-05-22,5307.009765625,16801.5390625,8370.2998046875,18680.19921875,8092.10986328125,38617.1015625,19195.599609375,3158.5400390625,22597.80078125,125650.0,22346.80078125,7848.10009765625
2024-05-23,5267.83984375,16736.029296875,8339.2001953125,18691.3203125,8102.330078125,39103.21875,18868.7109375,3116.386962890625,22967.650390625,124729.0,22200.80078125,7811.7998046875
2024-05-24,5304.72021484375,16920.7890625,8317.599609375,18693.369140625,8094.97021484375,38646.109375,18608.939453125,3088.87109375,22957.099609375,124306.0,22320.900390625,7727.60009765625
2024-05-27,,,,18774.7109375,8132.490234375,38900.01953125,18827.349609375,3124.04296875,22932.44921875,124496.0,22373.400390625,7788.2998046875
2024-05-28,5306.0400390625,17019.880859375,8254.2001953125,18677.869140625,8057.7998046875,38855.37109375,18821.16015625,3109.572021484375,22888.150390625,123780.0,22265.099609375,7766.7001953125
2024-05-29,5266.9501953125,16920.580078125,8183.10009765625,18473.2890625,7935.02978515625,38556.87109375,18477.009765625,3111.01806640625,22704.69921875,122707.0,21898.0,7665.60009765625
2024-05-30,5235.47998046875,16737.080078125,8231.099609375,18496.7890625,7978.509765625,38054.12890625,18230.189453125,3091.677978515625,22488.650390625,,22071.69921875,7628.2001953125
2024-05-31,5277.509765625,16735.01953125,8275.400390625,18497.939453125,7992.8701171875,38487.8984375,18079.609375,3086.81298828125,22530.69921875,122098.0,22269.099609375,7701.7001953125
2024-06-03,5283.39990234375,16828.669921875,8262.7998046875,18608.16015625,7998.02001953125,38923.03125,18403.0390625,3078.489013671875,23263.900390625,122032.0,22116.69921875,7761.0
2024-06-04,5291.33984375,16857.05078125,8232.0,18405.640625,7937.89990234375,38837.4609375,18444.109375,3091.198974609375,21884.5,121802.0,21978.19921875,7737.10009765625
2024-06-05,5354.02978515625,17187.900390625,8247.0,18575.939453125,8006.56982421875,38490.171875,18424.9609375,3065.403076171875,22620.349609375,121407.0,22145.0,7769.0
2024-06-06,5352.9599609375,17173.119140625,8285.2998046875,18652.669921875,8040.1201171875,38703.51171875,18476.80078125,3048.7939453125,22821.400390625,122899.0,22229.099609375,7821.7998046875
2024-06-07,5346.990234375,17133.130859375,8245.400390625,18557.26953125,8001.7998046875,38683.9296875,18366.94921875,3051.279052734375,23290.150390625,120767.0,22007.0,7860.0
2024-06-10,5360.7900390625,17192.529296875,8228.5,18494.890625,7893.97998046875,39038.16015625,,,23259.19921875,120760.0,22069.80078125,
2024-06-11,5375.31982421875,17343.55078125,8147.7998046875,18369.939453125,7789.2099609375,39134.7890625,18176.33984375,3028.044921875,23264.849609375,121635.0,21887.30078125,7755.39990234375
2024-06-12,5421.02978515625,17608.439453125,8215.5,18630.859375,7864.7001953125,38876.7109375,17937.83984375,3037.468017578125,23322.94921875,119936.0,21961.599609375,7715.5
2024-06-13,5433.740234375,17667.560546875,8163.7001953125,18265.6796875,7708.02001953125,38720.46875,18112.630859375,3028.9189453125,23398.900390625,119568.0,21698.099609375,7749.7001953125
2024-06-14,5431.60009765625,17688.880859375,8146.89990234375,18002.01953125,7503.27001953125,38814.55859375,17941.779296875,3032.633056640625,23465.599609375,119662.0,21639.099609375,7724.2998046875
2024-06-17,5473.22998046875,17857.01953125,8142.2001953125,18068.2109375,7571.56982421875,38102.44140625,17936.119140625,3015.89111328125,,119138.0,21587.900390625,7700.2998046875
2024-06-18,5487.02978515625,17862.23046875,8191.2998046875,18131.970703125,7628.7998046875,38482.109375,17915.55078125,3030.24609375,23557.900390625,119630.0,21611.30078125,7778.10009765625
2024-06-19,,,8205.099609375,18067.91015625,7570.2001953125,38570.76171875,18430.390625,3018.049072265625,23516.0,120261.0,21516.900390625,7769.7001953125
2024-06-20,5473.169921875,17721.58984375,8272.5,18254.1796875,7671.33984375,38633.01953125,18335.3203125,3005.43701171875,23567.0,120446.0,21581.400390625,7769.39990234375
2024-06-21,5464.6201171875,17689.359375,8237.7001953125,18163.51953125,7628.56982421875,38596.46875,18028.51953125,2998.137939453125,23501.099609375,121341.0,21554.900390625,7796.0
2024-06-24,5447.8701171875,17496.8203125,8281.599609375,18325.580078125,7706.89013671875,38804.6484375,18027.7109375,2963.09912109375,23537.849609375,122637.0,21848.599609375,7733.7001953125
2024-06-25,5469.2998046875,17717.650390625,8247.7998046875,18177.619140625,7662.2998046875,39173.1484375,18072.900390625,2949.99609375,23721.30078125,122331.0,21788.5,7838.7998046875
2024-06-26,5477.89990234375,17805.16015625,8225.2998046875,18155.240234375,7609.14990234375,39667.0703125,18089.9296875,2972.52490234375,23868.80078125,122641.0,21793.900390625,7783.0
2024-06-27,5482.8701171875,17858.6796875,8179.7001953125,18210.55078125,7530.72021484375,39341.5390625,17716.470703125,2945.85205078125,24044.5,124308.0,21942.19921875,7759.60009765625
2024-06-28,5460.47998046875,17732.599609375,8164.10009765625,18235.44921875,7479.39990234375,39583.078125,17718.609375,2967.403076171875,24010.599609375,123907.0,21875.80078125,7767.5
2024-07-01,5475.08984375,17879.30078125,8166.7998046875,18290.66015625,7561.1298828125,39631.05859375,,2994.72998046875,24141.94921875,124718.0,,7750.7001953125
2024-07-02,5509.009765625,18028.759765625,8121.2001953125,18164.060546875,7538.2900390625,40074.69140625,17769.140625,2997.010986328125,24123.849609375,124787.0,21953.80078125,7718.2001953125
2024-07-03,5537.02001953125,18188.30078125,8171.10009765625,18374.529296875,7632.080078125,40580.76171875,17978.5703125,2982.3759765625,24286.5,125662.0,22223.69921875,7739.89990234375
2024-07-04,,,8241.2998046875,18450.48046875,7695.77978515625,40913.6484375,18028.279296875,2957.56689453125,24302.150390625,126164.0,22244.0,7831.7998046875
2024-07-05,5567.18994140625,18352.759765625,8203.900390625,18475.44921875,7675.6201171875,40912.37109375,17799.609375,2949.93310546875,24323.849609375,126267.0,22059.0,7822.2998046875
2024-07-08,5572.85009765625,18403.740234375,8193.5,18472.05078125,7627.4501953125,40780.69921875,17524.060546875,2922.449951171875,24320.55078125,126548.0,22126.099609375,7763.2001953125
2024-07-09,5576.97998046875,18429.2890625,8139.7998046875,18236.189453125,7508.66015625,41580.171875,17523.23046875,2959.3720703125,24433.19921875,127108.0,22042.5,7829.7001953125
2024-07-10,5633.91015625,18647.44921875,8193.5,18407.220703125,7573.5498046875,41831.98828125,17471.669921875,2939.364013671875,24324.44921875,127218.0,22350.19921875,7816.7998046875
2024-07-11,5584.5400390625,18283.41015625,8223.2998046875,18534.560546875,7627.1298828125,42224.01953125,17832.330078125,2970.386962890625,24315.94921875,128294.0,22544.099609375,7889.60009765625
2024-07-12,5615.35009765625,18398.44921875,8252.900390625,18748.1796875,7724.31982421875,41190.6796875,18293.380859375,2971.294921875,24502.150390625,128897.0,22673.5,7959.2998046875
2024-07-15,5631.22021484375,18472.5703125,8183.0,18590.890625,7632.7099609375,,18015.939453125,2974.010986328125,24586.69921875,129321.0,22751.69921875,8017.60009765625
2024-07-16,5667.2001953125,18509.33984375,8164.89990234375,18518.029296875,7580.02978515625,41275.078125,17727.98046875,2976.303955078125,24613.0,129110.0,22995.400390625,7999.2998046875
2024-07-17,5588.27001953125,17996.919921875,8187.5,18437.30078125,7570.81005859375,41097.69140625,17739.41015625,2962.85498046875,,129450.0,22851.19921875,8057.89990234375
2024-07-18,5544.58984375,17871.220703125,8204.900390625,18354.759765625,7586.5498046875,40126.3515625,17778.41015625,2977.133056640625,24800.849609375,127652.0,22726.80078125,8036.5
2024-07-19,5505.0,17726.939453125,8155.7001953125,18171.9296875,7534.52001953125,40063.7890625,17417.6796875,2982.30908203125,24530.900390625,127616.0,22690.400390625,7971.60009765625
2024-07-22,5564.41015625,18007.5703125,8198.7998046875,18407.0703125,7622.02001953125,39599.0,17635.880859375,2964.216064453125,24509.25,127860.0,22872.69921875,7931.7001953125
2024-07-23,5555.740234375,17997.349609375,8167.39990234375,18557.69921875,7598.6298828125,39594.390625,17469.359375,2915.368896484375,24479.05078125,126590.0,22813.80078125,7971.10009765625
2024-07-24,5427.1298828125,17342.41015625,8153.7001953125,18387.4609375,7513.72998046875,39154.8515625,17311.05078125,2901.951904296875,24413.5,126423.0,22639.599609375,7963.7001953125
2024-07-25,5399.22021484375,17181.720703125,8186.39990234375,18298.720703125,7427.02001953125,37869.51171875,17021.91015625,2886.741943359375,24406.099609375,125954.0,22608.0,7861.2001953125
2024-07-26,5459.10009765625,17357.880859375,8285.7001953125,18417.55078125,7517.68017578125,37667.41015625,17021.310546875,2890.89697265625,24834.849609375,127492.0,22814.80078125,7921.2998046875
2024-07-29,5463.5400390625,17370.19921875,8292.400390625,18320.669921875,7443.83984375,38468.62890625,17238.33984375,2891.844970703125,24836.099609375,126954.0,22779.599609375,7989.60009765625
2024-07-30,5436.43994140625,17147.419921875,8274.400390625,18411.1796875,7474.93994140625,38525.94921875,17002.91015625,2879.300048828125,24857.30078125,126139.0,22824.69921875,7953.2001953125
2024-07-31,5522.2998046875,17599.400390625,8368.0,18508.650390625,7531.490234375,39101.8203125,17344.599609375,2938.7490234375,24951.150390625,127652.0,23110.80078125,8092.2998046875
2024-08-01,5446.68017578125,17194.150390625,8283.400390625,18083.05078125,7370.4501953125,38126.328125,17304.9609375,2932.386962890625,25010.900390625,127395.0,22723.19921875,8114.7001953125
2024-08-02,5346.56005859375,16776.16015625,8174.7001953125,17661.220703125,7251.7998046875,35909.69921875,16945.509765625,2905.337890625,24717.69921875,125854.0,22227.599609375,7943.2001953125
2024-08-05,5186.330078125,16200.080078125,8008.2001953125,17339.0,7148.990234375,31458.419921875,16698.359375,2860.697998046875,24055.599609375,125270.0,,7649.60009765625
2024-08-06,5240.02978515625,16366.849609375,8026.7001953125,17354.3203125,7130.0400390625,34675.4609375,16647.33984375,2867.283935546875,23992.55078125,126267.0,21979.400390625,7680.60009765625
2024-08-07,5199.5,16195.8095703125,8166.89990234375,17615.150390625,7266.009765625,35089.62109375,16877.859375,2869.833984375,24297.5,127514.0,21881.0,7699.7998046875
2024-08-08,5319.31005859375,16660.01953125,8145.0,17680.400390625,7247.4501953125,34831.1484375,16891.830078125,2869.90087890625,24117.0,128661.0,22225.599609375,7682.0
2024-08-09,5344.16015625,16745.30078125,8168.10009765625,17722.880859375,7269.7099609375,35025.0,17090.23046875,2862.194091796875,24367.5,130615.0,22311.30078125,7777.7001953125
2024-08-12,5344.39013671875,16780.609375,8210.2998046875,17726.470703125,7250.669921875,,17111.650390625,2858.205078125,24347.0,131116.0,22398.900390625,7813.7001953125
2024-08-13,5434.43017578125,17187.609375,8235.2001953125,17812.05078125,7275.8701171875,36232.51171875,17174.060546875,2867.946044921875,24139.0,132398.0,22618.19921875,7826.7998046875
2024-08-14,5455.2099609375,17192.599609375,8281.099609375,17885.599609375,7333.35986328125,36442.4296875,17113.359375,2850.654052734375,24143.75,133318.0,22760.0,7850.7001953125
2024-08-15,5543.22021484375,17594.5,8347.400390625,18183.240234375,7423.3701171875,36726.640625,17109.140625,2877.35791015625,,134153.0,23032.69921875,7865.5
2024-08-16,5554.25,17631.720703125,8311.400390625,18322.400390625,7449.7001953125,38062.671875,17430.16015625,2879.429931640625,24541.150390625,133953.0,23054.599609375,7971.10009765625
2024-08-19,5608.25,17876.76953125,8356.900390625,18421.689453125,7484.169921875,37388.62109375,17569.5703125,2893.674072265625,24572.650390625,135778.0,23116.400390625,7980.39990234375
2024-08-20,5597.1201171875,17816.939453125,8273.2998046875,18357.51953125,7485.72998046875,38062.921875,17511.080078125,2866.660888671875,24698.849609375,136087.0,23037.400390625,7997.7001953125
2024-08-21,5620.85009765625,17918.990234375,8283.400390625,18448.94921875,7524.72021484375,37951.80078125,17391.009765625,2856.583984375,24770.19921875,136464.0,23121.69921875,8010.5
2024-08-22,5570.64013671875,17619.349609375,8288.0,18493.390625,7524.10986328125,38211.01171875,17641.0,2848.77197265625,24811.5,135173.0,23037.5,8027.0
2024-08-23,5634.60986328125,17877.7890625,8327.7998046875,18633.099609375,7577.0400390625,38364.26953125,17612.099609375,2854.367919921875,24823.150390625,135608.0,23286.099609375,8023.89990234375
2024-08-26,5616.83984375,17725.76953125,,18617.01953125,7590.3701171875,38110.21875,17798.73046875,2855.52001953125,25010.599609375,136889.0,23349.0,8084.5
2024-08-27,5625.7998046875,17754.8203125,8345.5,18681.810546875,7565.77978515625,38288.62109375,17874.669921875,2848.73095703125,25017.75,136776.0,23260.0,8071.2001953125
2024-08-28,5592.18017578125,17556.029296875,8343.900390625,18782.2890625,7577.669921875,38371.76171875,17692.44921875,2837.428955078125,25052.349609375,137344.0,23127.0,8071.39990234375
2024-08-29,5591.9599609375,17516.4296875,8379.599609375,18912.5703125,7640.9501953125,38362.53125,17786.3203125,2823.10595703125,25151.94921875,136041.0,23227.5,8045.10009765625
2024-08-30,5648.39990234375,17713.619140625,8376.599609375,18906.919921875,7630.9501953125,38647.75,17989.0703125,2842.214111328125,25235.900390625,136004.0,23346.19921875,8091.89990234375
2024-09-02,,,8363.7998046875,18930.849609375,7646.419921875,38700.87109375,17691.970703125,2811.034912109375,25278.69921875,134981.0,,8109.89990234375
2024-09-03,5528.93017578125,17136.30078125,8298.5,18747.109375,7575.10009765625,38686.30859375,17651.490234375,2802.97900390625,25279.849609375,134353.0,23042.5,8103.2001953125
2024-09-04,5520.06982421875,17084.30078125,8269.599609375,18591.849609375,7500.97021484375,37047.609375,17457.33984375,2784.278076171875,25198.69921875,136111.0,23040.80078125,7950.5
2024-09-05,5503.41015625,17127.66015625,8241.7001953125,18576.5,7431.9599609375,36657.08984375,17444.30078125,2788.31396484375,25145.099609375,136502.0,22988.30078125,7982.39990234375
2024-09-06,5408.419921875,16690.830078125,8181.5,18301.900390625,7352.2998046875,36391.46875,,2765.806884765625,24852.150390625,134572.0,22781.400390625,8013.39990234375
2024-09-09,5471.0498046875,16884.599609375,8270.7998046875,18443.560546875,7425.259765625,36215.75,17196.9609375,2736.488037109375,24936.400390625,134737.0,23027.19921875,7988.10009765625
2024-09-10,5495.52001953125,17025.880859375,8206.0,18265.919921875,7407.5498046875,36159.16015625,17234.08984375,2744.19189453125,25041.099609375,134320.0,23003.099609375,8011.89990234375
2024-09-11,5554.1298828125,17395.529296875,8193.900390625,18330.26953125,7396.830078125,35619.76953125,17108.7109375,2721.794921875,24918.44921875,134677.0,23211.19921875,7987.89990234375
2024-09-12,5595.759765625,17569.6796875,8241.0,18518.390625,7435.06982421875,36833.26953125,17240.390625,2717.123046875,25388.900390625,134029.0,23475.099609375,8075.7001953125
2024-09-13,5626.02001953125,17683.98046875,8273.099609375,18699.400390625,7465.25,36581.76171875,17369.08984375,2704.090087890625,25356.5,134882.0,23568.69921875,8099.89990234375
2024-09-16,5633.08984375,17592.130859375,8278.400390625,18633.109375,7449.43994140625,,17422.119140625,,25383.75,135118.0,23702.099609375,8121.60009765625
2024-09-17,5634.580078125,17628.060546875,8309.900390625,18726.080078125,7487.419921875,36203.21875,17660.01953125,,25418.55078125,134960.0,23677.69921875,8140.89990234375
2024-09-18,5618.259765625,17573.30078125,8253.7001953125,18711.490234375,7444.89990234375,36380.171875,,2717.281005859375,25377.55078125,133748.0,23592.599609375,8142.10009765625
2024-09-19,5713.64013671875,18013.98046875,8328.7001953125,19002.380859375,7615.41015625,37155.328125,18013.16015625,2736.02197265625,25415.80078125,133123.0,23866.30078125,8191.89990234375
2024-09-20,5702.5498046875,17948.3203125,8230.0,18720.009765625,7500.259765625,37723.91015625,18258.5703125,2736.81396484375,25790.94921875,131065.0,23867.400390625,8209.5
2024-09-23,5718.56982421875,17974.26953125,8259.7001953125,18846.7890625,7508.080078125,,18247.109375,2748.91796875,25939.05078125,130568.0,23894.69921875,8152.89990234375
2024-09-24,5732.93017578125,18074.51953125,8282.7998046875,18996.630859375,7604.009765625,37940.58984375,19000.560546875,2863.1259765625,25940.400390625,132156.0,23952.19921875,8142.0
2024-09-25,5722.259765625,18082.2109375,8268.7001953125,18918.5,7565.6201171875,37870.26171875,19129.099609375,2896.305908203125,26004.150390625,131586.0,23905.900390625,8126.39990234375
2024-09-26,5745.3701171875,18190.2890625,8284.900390625,19238.359375,7742.08984375,38925.62890625,19924.580078125,3000.952880859375,26216.05078125,133010.0,24033.80078125,8203.7001953125
2024-09-27,5738.169921875,18119.58984375,8320.7998046875,19473.630859375,7791.7900390625,39829.55859375,20632.30078125,3087.529052734375,26178.94921875,132730.0,23956.80078125,8212.2001953125
2024-09-30,5762.47998046875,18189.169921875,8237.0,19324.9296875,7635.75,37919.55078125,21133.6796875,3336.4970703125,25810.849609375,131816.0,24000.400390625,8269.7998046875
2024-10-01,5708.75,17910.359375,8276.7001953125,19213.140625,7574.06982421875,38651.96875,,,25796.900390625,132495.0,24034.0,8208.900390625
2024-10-02,5709.5400390625,17925.119140625,8290.900390625,19164.75,7577.58984375,37808.76171875,22443.73046875,,,133515.0,24001.599609375,8198.2001953125
2024-10-03,5699.93994140625,17918.48046875,8282.5,19015.41015625,7477.77978515625,38552.05859375,22113.509765625,,25250.099609375,131672.0,23968.5,8205.2001953125
2024-10-04,5751.06982421875,18137.849609375,8280.599609375,19120.9296875,7541.35986328125,38635.62109375,22736.869140625,,25014.599609375,131792.0,24162.80078125,8150.0
2024-10-07,5695.93994140625,17923.900390625,8303.599609375,19104.099609375,7576.02001953125,39332.73828125,23099.779296875,,24795.75,132018.0,24102.69921875,8205.400390625
2024-10-08,5751.1298828125,18182.919921875,8190.60009765625,19066.470703125,7521.31982421875,38937.5390625,20926.7890625,3489.77490234375,25013.150390625,131512.0,24072.5,8176.89990234375
2024-10-09,5792.0400390625,18291.619140625,8243.7001953125,19254.9296875,7560.08984375,39277.9609375,20637.240234375,3258.85791015625,24981.94921875,129962.0,24224.900390625,8187.39990234375
2024-10-10,5780.0498046875,18282.05078125,8237.7001953125,19210.900390625,7541.58984375,39380.890625,21251.98046875,3301.926025390625,24998.44921875,130353.0,24302.30078125,8223.0
2024-10-11,5815.02978515625,18342.939453125,8253.7001953125,19373.830078125,7577.89013671875,39605.80078125,,3217.738037109375,24964.25,129992.0,24471.19921875,8214.5
2024-10-14,5859.85009765625,18502.689453125,8292.7001953125,19508.2890625,7602.06005859375,,21092.869140625,3284.322998046875,25127.94921875,131005.0,,8252.7998046875
2024-10-15,5815.259765625,18315.58984375,8249.2998046875,19486.189453125,7521.97021484375,39910.55078125,20318.7890625,3201.2919921875,25057.349609375,131043.0,24439.099609375,8318.400390625
2024-10-16,5842.47021484375,18367.080078125,8329.099609375,19432.810546875,7492.0,39180.30078125,20286.849609375,3202.947998046875,24971.30078125,131750.0,24561.19921875,8284.7001953125
2024-10-17,5841.47021484375,18373.609375,8385.099609375,19583.390625,7583.72998046875,38911.19140625,20079.099609375,3169.384033203125,24749.849609375,130793.0,24690.5,8355.900390625
2024-10-18,5864.669921875,18489.55078125,8358.2998046875,19657.369140625,7613.0498046875,38981.75,20804.109375,3261.56298828125,24854.05078125,130499.0,24822.5,8283.2001953125
2024-10-21,5853.97998046875,18540.009765625,8318.2001953125,19461.189453125,7536.22998046875,38954.6015625,20478.4609375,3268.110107421875,24781.099609375,130362.0,24723.30078125,8344.400390625
2024-10-22,5851.2001953125,18579.76953125,8306.5,19421.91015625,7535.10009765625,38411.9609375,20498.94921875,3285.866943359375,24472.099609375,129721.0,24689.69921875,8205.7001953125
2024-10-23,5797.419921875,18276.650390625,8258.599609375,19377.619140625,7497.47998046875,38104.859375,20760.150390625,3302.802978515625,24435.5,129233.0,24573.599609375,8216.0
2024-10-24,5809.85986328125,18415.490234375,8269.400390625,19443.0,7503.27978515625,38143.2890625,20489.619140625,3280.262939453125,24399.400390625,130067.0,24551.599609375,8206.2998046875
2024-10-25,5808.1201171875,18518.609375,8248.7998046875,19463.58984375,7497.5400390625,37913.921875,20590.150390625,3299.699951171875,24180.80078125,129893.0,24463.69921875,8211.2998046875
2024-10-28,5823.52001953125,18567.189453125,8285.599609375,19531.619140625,7556.93994140625,38605.53125,20599.359375,3322.197998046875,24339.150390625,131213.0,24565.69921875,8221.5
2024-10-29,5832.919921875,18712.75,8219.599609375,19478.0703125,7511.10986328125,38903.6796875,20701.140625,3286.406982421875,24466.849609375,130730.0,24562.599609375,8249.2001953125
2024-10-30,5813.669921875,18607.9296875,8159.60009765625,19257.33984375,7428.35986328125,39277.390625,20380.640625,3266.238037109375,24340.849609375,130639.0,24507.80078125,8180.39990234375
2024-10-31,5705.4501953125,18095.150390625,8110.10009765625,19077.5390625,7350.3701171875,39081.25,20317.330078125,3279.823974609375,24205.349609375,129713.0,24156.900390625,8160.0
2024-11-01,5728.7998046875,18239.919921875,8177.2001953125,19254.970703125,7409.10986328125,38053.671875,20506.4296875,3272.013916015625,24304.349609375,128121.0,24255.19921875,8118.7998046875
2024-11-04,5712.68994140625,18179.98046875,8184.2001953125,19147.849609375,7371.7099609375,,20567.51953125,3310.20703125,23995.349609375,130515.0,24256.099609375,8164.60009765625
2024-11-05,5782.759765625,18439.169921875,8172.39990234375,19256.26953125,7407.14990234375,38474.8984375,21006.970703125,3386.987060546875,24213.30078125,130661.0,24387.900390625,8131.7998046875
2024-11-06,5929.0400390625,18983.470703125,8166.7001953125,19039.310546875,7369.60986328125,39480.671875,20538.380859375,3383.805908203125,24484.05078125,130341.0,24637.5,8199.5
2024-11-07,5973.10009765625,19269.4609375,8140.7001953125,19362.51953125,7425.60009765625,39381.41015625,20953.33984375,3470.660888671875,24199.349609375,129682.0,24845.900390625,8285.599609375
2024-11-08,5995.5400390625,19286.779296875,8072.39990234375,19215.48046875,7338.669921875,39500.37109375,20728.189453125,3452.297119140625,24148.19921875,127830.0,24759.400390625,8295.099609375
2024-11-11,6001.35009765625,19298.759765625,8125.2001953125,19448.599609375,7426.8798828125,39533.3203125,20426.9296875,3470.06591796875,24141.30078125,127874.0,24789.30078125,8266.2001953125
2024-11-12,5983.990234375,19281.400390625,8025.7998046875,19033.640625,7226.97998046875,39376.08984375,19846.880859375,3421.969970703125,23883.44921875,127698.0,24923.0,8255.599609375
2024-11-13,5985.3798828125,19230.720703125,8030.2998046875,19003.109375,7216.830078125,38721.66015625,19823.44921875,3439.278076171875,23559.05078125,127734.0,24989.0,8193.400390625
2024-11-14,5949.169921875,19107.650390625,8071.2001953125,19263.69921875,7311.7998046875,38535.69921875,19435.810546875,3379.839111328125,23532.69921875,127792.0,25049.69921875,8224.0
2024-11-15,5870.6201171875,18680.119140625,8063.60009765625,19210.810546875,7269.6298828125,38642.91015625,19426.33984375,3330.72607421875,,,24890.69921875,8285.2001953125
2024-11-18,5893.6201171875,18791.810546875,8109.2998046875,19189.189453125,7278.22998046875,38220.8515625,19576.609375,3323.84912109375,23453.80078125,127768.0,24976.900390625,8300.2001953125
2024-11-19,5916.97998046875,18987.470703125,8099.0,19060.310546875,7229.64013671875,38414.4296875,19663.669921875,3346.010009765625,23518.5,128197.0,25010.80078125,8374.0
2024-11-20,5917.10986328125,18966.140625,8085.10009765625,19004.779296875,7198.4501953125,38352.33984375,19705.009765625,3367.989013671875,,,25036.5,8326.2998046875
2024-11-21,5948.7099609375,18972.419921875,8149.2998046875,19146.169921875,7213.31982421875,38026.171875,19601.109375,3370.404052734375,23349.900390625,126922.0,25390.69921875,8323.0
2024-11-22,5969.33984375,19003.650390625,8262.099609375,19322.58984375,7255.009765625,38283.8515625,19229.970703125,3267.19189453125,23907.25,129126.0,25444.30078125,8393.7998046875
2024-11-25,5987.3701171875,19054.83984375,8291.7001953125,19405.19921875,7257.47021484375,38780.140625,19150.990234375,3263.760009765625,24221.900390625,129036.0,25410.400390625,8417.599609375
2024-11-26,6021.6298828125,19174.30078125,8258.599609375,19295.98046875,7194.509765625,38442.0,19159.19921875,3259.757080078125,24194.5,129922.0,25405.099609375,8359.400390625
2024-11-27,5998.740234375,19060.48046875,8274.7998046875,19261.75,7143.02978515625,38134.96875,19603.130859375,3309.779052734375,24274.900390625,127669.0,25488.30078125,8406.7001953125
2024-11-28,,,8281.2001953125,19425.73046875,7179.25,38349.05859375,19366.9609375,3295.697998046875,23914.150390625,124610.0,25543.5,8444.2998046875
2024-11-29,6032.3798828125,19218.169921875,8287.2998046875,19626.44921875,7235.10986328125,38208.03125,19423.609375,3326.4560546875,24131.099609375,125668.0,25648.0,8436.2001953125
2024-12-02,6047.14990234375,19403.94921875,8312.900390625,19933.619140625,7236.89013671875,38513.01953125,19550.2890625,3363.98193359375,24276.05078125,125236.0,25590.30078125,8447.900390625
2024-12-03,6049.8798828125,19480.91015625,8359.400390625,20016.75,7255.419921875,39248.859375,19746.3203125,3378.805908203125,24457.150390625,126139.0,25635.69921875,8495.2001953125
2024-12-04,6086.490234375,19735.119140625,8335.7998046875,20232.140625,7303.27978515625,39276.390625,19742.4609375,3364.64990234375,24467.44921875,126087.0,25641.19921875,8462.599609375
2024-12-05,6075.10986328125,19700.259765625,8349.400390625,20358.80078125,7330.5400390625,39395.6015625,19560.439453125,3368.85498046875,24708.400390625,127858.0,25680.0,8474.900390625
2024-12-06,6090.27001953125,19859.76953125,8308.599609375,20384.609375,7426.8798828125,39091.171875,19865.849609375,3404.075927734375,24677.80078125,125946.0,25691.80078125,8420.900390625
2024-12-09,6052.85009765625,19736.689453125,8352.099609375,20345.9609375,7480.14013671875,39160.5,20414.08984375,3402.533935546875,24619.0,127210.0,25625.400390625,8423.0
2024-12-10,6034.91015625,19687.240234375,8280.400390625,20329.16015625,7394.77978515625,39367.578125,20311.279296875,3422.660888671875,24610.05078125,128228.0,25504.30078125,8393.0
2024-12-11,6084.18994140625,20034.890625,8301.599609375,20399.16015625,7423.39990234375,39372.23046875,20155.05078125,3432.489990234375,24641.80078125,129593.0,25657.69921875,8353.599609375
2024-12-12,6051.25,19902.83984375,8311.7998046875,20426.26953125,7420.93994140625,39849.140625,20397.05078125,3461.5,24548.69921875,126042.0,25410.69921875,8330.2998046875
2024-12-13,6051.08984375,19926.720703125,8300.2998046875,20405.919921875,7409.56982421875,39470.44140625,19971.240234375,3391.8779296875,24768.30078125,124612.0,25274.30078125,8296.0
2024-12-16,6074.080078125,20173.890625,8262.099609375,20313.810546875,7357.080078125,39457.48828125,19795.490234375,3386.3310546875,24668.25,123560.0,25147.19921875,8249.5
2024-12-17,6050.60986328125,20109.060546875,8195.2001953125,20246.369140625,7365.7001953125,39364.6796875,19700.48046875,3361.485107421875,24336.0,124698.0,25119.69921875,8314.0
2024-12-18,5872.16015625,19392.689453125,8199.099609375,20242.5703125,7384.6201171875,39081.7109375,19864.55078125,3382.2080078125,24198.849609375,120772.0,24557.0,8309.400390625
2024-12-19,5867.080078125,19372.76953125,8105.2998046875,19969.859375,7294.3701171875,38813.578125,19752.509765625,3370.032958984375,23951.69921875,121188.0,24413.900390625,8168.2001953125
2024-12-20,5930.85009765625,19572.599609375,8084.60009765625,19884.75,7274.47998046875,38701.8984375,19720.69921875,3368.069091796875,23587.5,122102.0,24599.5,8067.0
2024-12-23,5974.06982421875,19764.880859375,8102.7001953125,19848.76953125,7272.31982421875,39161.33984375,19883.130859375,3351.257080078125,23753.44921875,120767.0,24749.0,8201.599609375
2024-12-24,6040.0400390625,20031.130859375,8137.0,,7282.68994140625,39036.8515625,20098.2890625,3393.528076171875,23727.650390625,,24846.80078125,8220.900390625
2024-12-25,,,,,,39130.4296875,,3393.35009765625,,,,
2024-12-26,6037.58984375,20020.359375,,,,39568.05859375,,3398.076904296875,23750.19921875,121078.0,,
2024-12-27,5970.83984375,19722.029296875,8149.7998046875,19984.3203125,7355.3701171875,40281.16015625,20090.4609375,3400.14208984375,23813.400390625,120269.0,24796.400390625,8261.7998046875
2024-12-30,5906.93994140625,19486.7890625,8121.0,19909.140625,7313.56005859375,39894.5390625,20041.419921875,3407.325927734375,23644.900390625,120283.0,24620.599609375,8235.0
2024-12-31,5881.6298828125,19310.7890625,8173.0,,7380.740234375,,20059.94921875,3351.762939453125,23644.80078125,,24727.900390625,8159.10009765625
2026-06-23,,,,,,,,,,,34927.3984375,
2026-06-24,,,,,,,,,,,34736.1015625,
2026-06-25,,,,,,,,,,,,8748.7001953125
2026-06-26,,,,,,,,,,,,8764.2001953125
2026-06-29,,,,,,,,,,,,8823.400390625
2026-06-30,,,,,,,,,,,,8778.7001953125
2026-07-01,,,,,,,,,,,,8722.900390625
2026-07-02,,,,,,,,,,,,8724.5
2026-07-03,,,,,,,,,,,,8844.400390625
2026-07-06,,,,,,,,,,,,8831.0
2026-07-07,,,,,,,,,,,,8803.900390625
2026-07-08,,,,,,,,,,,,8785.099609375
2026-07-09,,,,,,,,,,,,8762.5
2026-07-10,,,,,,,,,,,,8806.0
2026-07-13,,,,,,,,,,,,8808.5
2026-07-14,,,,,,,,,,,,8808.5
2026-07-15,,,,,,,,,,,,8841.099609375
2026-07-16,,,,,,,,,,,,8840.7001953125
2026-07-17,,,,,,,,,,,,8796.7001953125
2026-07-20,,,,,,,,,,,,8791.2998046875
2026-07-21,,,,,,,,,,,,8793.2998046875
2026-07-22,,,,,,,,,,,,8823.0
2026-07-23,,,,,,,,,,,,8839.0
2026-07-24,,,,,,,,,,,,8772.2998046875
2026-07-27,,,,,,,,,,,,8894.0
2026-07-28,,,,,,,,,,,,8947.7998046875
2026-07-29,,,,,,,,,,,,9038.599609375
2026-07-30,,,,,,,,,,,,8967.7001953125
2026-07-31,,,,,,,,,,,,8976.7998046875
2026-08-03,,,,,,,,,,,,9019.2998046875
2026-08-04,,,,,,,,,,,,9145.7998046875
2026-08-05,,,,,,,,,,,,9227.7998046875
2026-08-06,,,,,,,,,,,,9271.599609375
2026-08-07,,,,,,,,,,,,9263.599609375
2026-08-10,,,,,,,,,,,,9232.599609375
2026-08-11,,,,,,,,,,,,9250.599609375
2026-08-12,,,,,,,,,,,,9209.400390625
2026-08-13,,,,,,,,,,,,9188.5
2026-08-14,,,,,,,,,,,,9115.2001953125
2026-08-17,,,,,,,,,,,,9073.2001953125
2026-08-18,,,,,,,,,,,,9070.0
2026-08-19,,,,,,,,,,,,9053.7998046875
2026-08-20,,,,,,,,,,,,9083.7998046875
2026-08-21,,,,,,,,,,,,9058.900390625
2026-08-24,,,,,,,,,,,,9103.099609375
2026-08-25,,,,,,,,,,,,9164.599609375
2026-08-26,,,,,,,,,,,36940.44921875,
